{
  "loss": [
    0.23942063748836517,
    0.007897578179836273,
    0.004015473648905754,
    0.002818626817315817,
    0.002257834654301405,
    0.0017713971901685,
    0.0016877168091014028,
    0.0012011899380013347,
    0.0011965599842369556,
    0.0010413696290925145,
    0.001101657166145742,
    0.0009279112564399838,
    0.0009259089129045606,
    0.0008013673941604793,
    0.0006909666117280722,
    0.0007609425811097026,
    0.0006473075482062995,
    0.0006268939469009638,
    0.0006021009176038206,
    0.0005438895314000547,
    0.0005792470183223486,
    0.0006172818830236793,
    0.00044307083589956164,
    0.0005154409445822239,
    0.00047918641939759254,
    0.000402255478547886,
    0.00042905009468086064,
    0.0004226499586366117,
    0.0004261399444658309,
    0.00034206861164420843
  ],
  "mae": [
    0.24032847583293915,
    0.055229783058166504,
    0.03841211274266243,
    0.03099789097905159,
    0.026820939034223557,
    0.02390933223068714,
    0.022002726793289185,
    0.019772222265601158,
    0.019315121695399284,
    0.01792297326028347,
    0.017777051776647568,
    0.016671286895871162,
    0.016290592029690742,
    0.01529580820351839,
    0.014587132260203362,
    0.014628833159804344,
    0.014180763624608517,
    0.013683362863957882,
    0.013546173460781574,
    0.012986873276531696,
    0.012901819311082363,
    0.01295874547213316,
    0.011600554920732975,
    0.011564504355192184,
    0.01182640716433525,
    0.010900253430008888,
    0.011216292157769203,
    0.011203231289982796,
    0.01123190950602293,
    0.010116362944245338
  ],
  "val_loss": [
    0.010578285902738571,
    0.004905169829726219,
    0.0032299093436449766,
    0.0025567570701241493,
    0.0016807842766866088,
    0.0032128861639648676,
    0.001265323138795793,
    0.0012859328417107463,
    0.0011190632358193398,
    0.001406436669640243,
    0.003951158374547958,
    0.0008078183745965362,
    0.0012806950835511088,
    0.0010907971300184727,
    0.0007046581013128161,
    0.0005679773748852313,
    0.0007329650106839836,
    0.0005988124175928533,
    0.000721832737326622,
    0.0005193313118070364,
    0.0016296019311994314,
    0.00037524179788306355,
    0.00047580324462614954,
    0.00034354542731307447,
    0.0007198552484624088,
    0.0005309020052663982,
    0.0003931874525733292,
    0.0004740063741337508,
    0.00035528678563423455,
    0.0003353074425831437
  ],
  "val_mae": [
    0.06815693527460098,
    0.04323779046535492,
    0.03292101249098778,
    0.029333926737308502,
    0.02309754490852356,
    0.04148174822330475,
    0.0204453282058239,
    0.021875742822885513,
    0.019167199730873108,
    0.019753027707338333,
    0.03102884255349636,
    0.01650252379477024,
    0.01834755763411522,
    0.022602008655667305,
    0.015043104998767376,
    0.013153291307389736,
    0.012648753821849823,
    0.012975533492863178,
    0.014081180095672607,
    0.011478638276457787,
    0.03134750947356224,
    0.010077131912112236,
    0.01191167812794447,
    0.010015717707574368,
    0.011613900773227215,
    0.016770610585808754,
    0.010929475538432598,
    0.01357350591570139,
    0.009582147002220154,
    0.009489938616752625
  ]
}