{
  "loss": [
    0.938791036605835,
    0.9301279187202454,
    0.9299273490905762,
    0.9297018051147461,
    0.9294787645339966,
    0.9293965101242065,
    0.9293447136878967,
    0.9293213486671448,
    0.9293140172958374,
    0.9293001294136047,
    0.9292946457862854,
    0.9292922616004944,
    0.9292791485786438,
    0.9292738437652588,
    0.9292733669281006,
    0.9292709231376648,
    0.9292715191841125,
    0.9292627573013306,
    0.9292595982551575,
    0.9292670488357544,
    0.9292584657669067,
    0.9292595982551575,
    0.929255485534668,
    0.9292577505111694,
    0.9292532205581665,
    0.9292494058609009,
    0.9292560815811157,
    0.9292497038841248,
    0.9292514324188232,
    0.9292527437210083,
    0.9292460083961487,
    0.9292471408843994,
    0.9292510151863098,
    0.9292430281639099,
    0.9292533993721008,
    0.9292454719543457,
    0.9292481541633606,
    0.9292438626289368,
    0.9292498230934143,
    0.9292478561401367
  ],
  "mae": [
    0.6219584941864014,
    0.6142745018005371,
    0.6131842732429504,
    0.6120060682296753,
    0.6105483770370483,
    0.6099197268486023,
    0.6095271706581116,
    0.6093012690544128,
    0.6092145442962646,
    0.6090993881225586,
    0.6090134382247925,
    0.6089478731155396,
    0.6088271141052246,
    0.6087635159492493,
    0.608720064163208,
    0.6086018681526184,
    0.6086448431015015,
    0.6085417866706848,
    0.6085139513015747,
    0.6085545420646667,
    0.6084331274032593,
    0.6084156632423401,
    0.6083871126174927,
    0.6083871126174927,
    0.6083440780639648,
    0.6083025336265564,
    0.6083738207817078,
    0.6082592606544495,
    0.6082885265350342,
    0.6082685589790344,
    0.608208954334259,
    0.608208954334259,
    0.6082196235656738,
    0.608154833316803,
    0.6082499027252197,
    0.6081821918487549,
    0.6081544160842896,
    0.6081364750862122,
    0.6081888675689697,
    0.6081433892250061
  ],
  "val_loss": [
    0.9137672781944275,
    0.9139106869697571,
    0.9138671159744263,
    0.9131137728691101,
    0.9130087494850159,
    0.912935733795166,
    0.9129546284675598,
    0.9129330515861511,
    0.9129394292831421,
    0.9129172563552856,
    0.9129078388214111,
    0.9129112958908081,
    0.9129086136817932,
    0.91293865442276,
    0.912900447845459,
    0.9129070043563843,
    0.9129016995429993,
    0.912889838218689,
    0.9128870368003845,
    0.9128940105438232,
    0.9129024744033813,
    0.9128900766372681,
    0.9128832221031189,
    0.9128886461257935,
    0.9128830432891846,
    0.9128937721252441,
    0.9128859639167786,
    0.9128831624984741,
    0.9128867387771606,
    0.9128805994987488,
    0.912885308265686,
    0.9128846526145935,
    0.9128873348236084,
    0.9128820300102234,
    0.9128856062889099,
    0.912905752658844,
    0.9128873944282532,
    0.9128795266151428,
    0.9128764271736145,
    0.9128775596618652
  ],
  "val_mae": [
    0.6158386468887329,
    0.6165978312492371,
    0.6163994073867798,
    0.611920177936554,
    0.6113770604133606,
    0.6106590628623962,
    0.6109965443611145,
    0.6108076572418213,
    0.6109017729759216,
    0.6106052994728088,
    0.6104581952095032,
    0.6105624437332153,
    0.6105347275733948,
    0.6106141209602356,
    0.6103629469871521,
    0.6104589104652405,
    0.6103114485740662,
    0.6101477146148682,
    0.6100918650627136,
    0.610261082649231,
    0.6103953123092651,
    0.610102653503418,
    0.6100339293479919,
    0.6101327538490295,
    0.6100250482559204,
    0.6102129817008972,
    0.6101027727127075,
    0.6100534796714783,
    0.6100399494171143,
    0.6099200248718262,
    0.6100857853889465,
    0.6100342273712158,
    0.6100322604179382,
    0.6100086569786072,
    0.6099725365638733,
    0.6104479432106018,
    0.610034704208374,
    0.6098833084106445,
    0.6098167896270752,
    0.6098712086677551
  ]
}