accuracy,loss,val_accuracy,val_loss
0.9744535088539124,0.7710984349250793,0.9763033390045166,0.16942451894283295
0.9756950736045837,0.21687017381191254,0.9763033390045166,0.18094263970851898
0.9756950736045837,0.2150091677904129,0.9763033390045166,0.1981203854084015
0.9756950736045837,0.21613635122776031,0.9763033390045166,0.16424812376499176
0.9756950736045837,0.21640530228614807,0.9763033390045166,0.1750464141368866
