{
  "loss": [
    0.4345288574695587,
    0.41183164715766907,
    0.41199275851249695,
    0.41103672981262207,
    0.4106888771057129,
    0.4103153347969055,
    0.41024643182754517,
    0.4107998311519623,
    0.41011330485343933,
    0.4097667336463928,
    0.41024747490882874,
    0.40958818793296814,
    0.40981054306030273,
    0.40958061814308167,
    0.41002678871154785,
    0.40952178835868835,
    0.4096950590610504,
    0.4095489978790283,
    0.40959301590919495,
    0.409775972366333,
    0.40948715806007385,
    0.4094766676425934,
    0.4097541868686676,
    0.4095015525817871,
    0.4094553589820862,
    0.4094824194908142,
    0.4096146523952484,
    0.40978720784187317,
    0.4093475937843323,
    0.4094253182411194,
    0.4094608426094055,
    0.4095432162284851,
    0.40941718220710754,
    0.4094325006008148,
    0.4094335436820984,
    0.40953850746154785,
    0.40937623381614685,
    0.40944594144821167,
    0.409432977437973,
    0.409530371427536
  ],
  "mae": [
    0.43964529037475586,
    0.4256654679775238,
    0.425201952457428,
    0.42142829298973083,
    0.4200550615787506,
    0.4200497269630432,
    0.4195997714996338,
    0.4194096326828003,
    0.41883385181427,
    0.41705429553985596,
    0.41728588938713074,
    0.4158264100551605,
    0.4173320531845093,
    0.41667696833610535,
    0.41692835092544556,
    0.41620072722435,
    0.416985422372818,
    0.4150475561618805,
    0.41612401604652405,
    0.41590216755867004,
    0.4149465560913086,
    0.41491737961769104,
    0.41607561707496643,
    0.4152224063873291,
    0.4150639772415161,
    0.4138931930065155,
    0.41588228940963745,
    0.41506460309028625,
    0.41388916969299316,
    0.4153326749801636,
    0.41484981775283813,
    0.41550347208976746,
    0.41467928886413574,
    0.41482990980148315,
    0.41445252299308777,
    0.4149356186389923,
    0.41451966762542725,
    0.4147390127182007,
    0.41492730379104614,
    0.4152646064758301
  ],
  "val_loss": [
    0.4270801842212677,
    0.4236184060573578,
    0.4286087453365326,
    0.42307743430137634,
    0.42314568161964417,
    0.42296573519706726,
    0.4232166111469269,
    0.4229130446910858,
    0.4230383634567261,
    0.42298972606658936,
    0.4228629767894745,
    0.42283886671066284,
    0.42283985018730164,
    0.4228595793247223,
    0.4228273034095764,
    0.42292284965515137,
    0.4228529930114746,
    0.4228237569332123,
    0.4228355884552002,
    0.4228271245956421,
    0.4228198826313019,
    0.422820508480072,
    0.4228130578994751,
    0.42438632249832153,
    0.423146516084671,
    0.42280516028404236,
    0.422829270362854,
    0.4228121042251587,
    0.4228260815143585,
    0.423052042722702,
    0.42284882068634033,
    0.4229026138782501,
    0.42281684279441833,
    0.4229770600795746,
    0.42281854152679443,
    0.4228314459323883,
    0.42284849286079407,
    0.42281338572502136,
    0.4228188395500183,
    0.422895222902298
  ],
  "val_mae": [
    0.44419270753860474,
    0.43007248640060425,
    0.44644156098365784,
    0.4273748993873596,
    0.42852163314819336,
    0.4267258942127228,
    0.4275640547275543,
    0.4261138141155243,
    0.4266319274902344,
    0.4272027015686035,
    0.4246963858604431,
    0.4243422746658325,
    0.4242284595966339,
    0.4249328374862671,
    0.4239639937877655,
    0.4261423647403717,
    0.4246055781841278,
    0.42416197061538696,
    0.4241812825202942,
    0.42361217737197876,
    0.42380738258361816,
    0.4239048361778259,
    0.4235355257987976,
    0.43851232528686523,
    0.42682597041130066,
    0.4231519103050232,
    0.42434999346733093,
    0.4233897030353546,
    0.42389339208602905,
    0.4265381991863251,
    0.4247053861618042,
    0.4248037338256836,
    0.4238426983356476,
    0.4265281558036804,
    0.42370909452438354,
    0.4241776466369629,
    0.4242996275424957,
    0.42373529076576233,
    0.42385321855545044,
    0.42594602704048157
  ]
}