{
  "loss": [
    0.47942885756492615,
    0.4108121693134308,
    0.41554081439971924,
    0.41037285327911377,
    0.41129183769226074,
    0.40988031029701233,
    0.41056448221206665,
    0.41007745265960693,
    0.41000571846961975,
    0.41009873151779175,
    0.4096178710460663,
    0.4096738398075104,
    0.40991535782814026,
    0.409615159034729,
    0.40959808230400085,
    0.4096600115299225,
    0.4100291430950165,
    0.40949350595474243,
    0.409538596868515,
    0.40946272015571594,
    0.409795880317688,
    0.4095512330532074,
    0.40953096747398376,
    0.40955811738967896,
    0.40953582525253296,
    0.4094260334968567,
    0.409555047750473,
    0.4095149338245392,
    0.40953919291496277,
    0.4093824028968811,
    0.40951359272003174,
    0.409393310546875,
    0.40943750739097595,
    0.4094505310058594,
    0.4094032049179077,
    0.40944704413414,
    0.4093990921974182,
    0.40949708223342896,
    0.4094444215297699,
    0.4094325006008148
  ],
  "mae": [
    0.45312726497650146,
    0.4229747951030731,
    0.426805317401886,
    0.41956382989883423,
    0.4228228032588959,
    0.4183422327041626,
    0.420253187417984,
    0.4179862141609192,
    0.41794028878211975,
    0.41785407066345215,
    0.4160987138748169,
    0.41669511795043945,
    0.41748854517936707,
    0.4158213138580322,
    0.4164738059043884,
    0.41613632440567017,
    0.41738367080688477,
    0.4150366485118866,
    0.41585642099380493,
    0.4153918921947479,
    0.41579553484916687,
    0.41457128524780273,
    0.41516050696372986,
    0.41515451669692993,
    0.41559162735939026,
    0.4144752621650696,
    0.41526922583580017,
    0.4156166613101959,
    0.41582080721855164,
    0.4143291115760803,
    0.4152214825153351,
    0.4143848121166229,
    0.4146478772163391,
    0.414961040019989,
    0.41448330879211426,
    0.414323091506958,
    0.4144664406776428,
    0.4151303470134735,
    0.4150114357471466,
    0.41456136107444763
  ],
  "val_loss": [
    0.4245814383029938,
    0.42531707882881165,
    0.4230014979839325,
    0.42339426279067993,
    0.42295727133750916,
    0.4233088195323944,
    0.4237435460090637,
    0.42296209931373596,
    0.4232255518436432,
    0.4228399693965912,
    0.4228605628013611,
    0.4228631556034088,
    0.42818012833595276,
    0.42283663153648376,
    0.4228256940841675,
    0.4228510558605194,
    0.42300134897232056,
    0.4228585362434387,
    0.4228361248970032,
    0.42293643951416016,
    0.42282238602638245,
    0.42281755805015564,
    0.422826886177063,
    0.42281821370124817,
    0.42282557487487793,
    0.4279494285583496,
    0.4239135980606079,
    0.4228378236293793,
    0.4228162467479706,
    0.422913521528244,
    0.42446401715278625,
    0.422812819480896,
    0.4228098392486572,
    0.4228195548057556,
    0.4228997826576233,
    0.4233686029911041,
    0.4228249490261078,
    0.4228147268295288,
    0.4229239821434021,
    0.4228237271308899
  ],
  "val_mae": [
    0.4359593689441681,
    0.436260461807251,
    0.42676761746406555,
    0.429027259349823,
    0.4262270927429199,
    0.42971131205558777,
    0.4319130480289459,
    0.4257081151008606,
    0.42820391058921814,
    0.42423439025878906,
    0.4248439073562622,
    0.42471104860305786,
    0.43798884749412537,
    0.4242490530014038,
    0.42377689480781555,
    0.42427435517311096,
    0.42759689688682556,
    0.4250756800174713,
    0.4244970977306366,
    0.4258808493614197,
    0.42390966415405273,
    0.42356500029563904,
    0.4239962100982666,
    0.4236409068107605,
    0.42402684688568115,
    0.4423064589500427,
    0.43060562014579773,
    0.42402252554893494,
    0.4236166179180145,
    0.42612025141716003,
    0.43744197487831116,
    0.42346805334091187,
    0.4233781099319458,
    0.4235574007034302,
    0.42589911818504333,
    0.42858392000198364,
    0.42383134365081787,
    0.42376708984375,
    0.426378458738327,
    0.4235883057117462
  ]
}