{
  "loss": [
    0.0029638665728271008,
    0.0001493237796239555,
    8.006194548215717e-05,
    0.06834156811237335,
    0.08014532923698425,
    0.08013902604579926,
    0.08012763410806656,
    0.08012859523296356,
    0.0801381915807724,
    0.08013483136892319,
    0.08013106137514114,
    0.0801306962966919,
    0.08014070987701416,
    0.08013756573200226,
    0.08012835681438446,
    0.08013855665922165,
    0.08012793213129044,
    0.08013413101434708,
    0.08012229204177856,
    0.08011689782142639,
    0.0801294595003128,
    0.08013568073511124,
    0.08013984560966492,
    0.08013083785772324,
    0.08014164865016937,
    0.0801432803273201,
    0.08015184104442596,
    0.08013781160116196,
    0.08013781905174255,
    0.08012842386960983,
    0.08013375848531723,
    0.08013413101434708,
    0.08011424541473389,
    0.08015158027410507,
    0.08015124499797821,
    0.08013341575860977,
    0.0801456868648529,
    0.08013362437486649,
    0.08012724667787552,
    0.08012775331735611
  ],
  "mae": [
    0.018798261880874634,
    0.006560508627444506,
    0.005164253059774637,
    0.20995086431503296,
    0.24716715514659882,
    0.24713121354579926,
    0.24711105227470398,
    0.2471514642238617,
    0.24717815220355988,
    0.24718710780143738,
    0.24715280532836914,
    0.24715133011341095,
    0.24710199236869812,
    0.24716021120548248,
    0.24713434278964996,
    0.247171089053154,
    0.24710683524608612,
    0.2471255511045456,
    0.24710054695606232,
    0.24713115394115448,
    0.24710705876350403,
    0.2471316009759903,
    0.24713878333568573,
    0.24715806543827057,
    0.24714338779449463,
    0.24715907871723175,
    0.24720284342765808,
    0.24716466665267944,
    0.2471255511045456,
    0.24719291925430298,
    0.2471093088388443,
    0.2471238374710083,
    0.24713468551635742,
    0.24714484810829163,
    0.24720919132232666,
    0.24715958535671234,
    0.2471359223127365,
    0.24719803035259247,
    0.24706798791885376,
    0.24714195728302002
  ],
  "val_loss": [
    5.4516891395905986e-05,
    9.463665628572926e-05,
    4.718316995422356e-05,
    0.07991905510425568,
    0.07992375642061234,
    0.07991751283407211,
    0.07994306087493896,
    0.07995862513780594,
    0.07991838455200195,
    0.07993271201848984,
    0.08005861937999725,
    0.08013800531625748,
    0.07995586842298508,
    0.08001668751239777,
    0.07991880178451538,
    0.07994847744703293,
    0.08007951825857162,
    0.07992134243249893,
    0.08004647493362427,
    0.07995453476905823,
    0.07995066791772842,
    0.08002941310405731,
    0.07995764166116714,
    0.07997094094753265,
    0.07993943989276886,
    0.07991927117109299,
    0.07998035103082657,
    0.07991953939199448,
    0.07995055615901947,
    0.07998233288526535,
    0.08003495633602142,
    0.08004079014062881,
    0.07998143136501312,
    0.07994432747364044,
    0.08005497604608536,
    0.07993385195732117,
    0.08008711785078049,
    0.08012684434652328,
    0.07996634393930435,
    0.07992303371429443
  ],
  "val_mae": [
    0.004255001433193684,
    0.005811930634081364,
    0.004368317313492298,
    0.2463904470205307,
    0.24735958874225616,
    0.2465859353542328,
    0.2479994297027588,
    0.24834521114826202,
    0.2464594841003418,
    0.2457527369260788,
    0.24383577704429626,
    0.2431376874446869,
    0.24519631266593933,
    0.24429026246070862,
    0.24641259014606476,
    0.2453492283821106,
    0.2436353862285614,
    0.24622412025928497,
    0.2496298849582672,
    0.24522191286087036,
    0.24530074000358582,
    0.24942588806152344,
    0.2483258992433548,
    0.24492429196834564,
    0.247904971241951,
    0.2470732033252716,
    0.2487357258796692,
    0.24710015952587128,
    0.24817654490470886,
    0.24474705755710602,
    0.24949319660663605,
    0.24956315755844116,
    0.24475935101509094,
    0.2480304092168808,
    0.24387241899967194,
    0.24774311482906342,
    0.2500688433647156,
    0.24322658777236938,
    0.24849340319633484,
    0.24612826108932495
  ]
}