{
  "loss": [
    0.2941049337387085,
    0.00780292134732008,
    0.0038259124848991632,
    0.0025929310359060764,
    0.0018036548281088471,
    0.0015729068545624614,
    0.0014741593040525913,
    0.0010208097519353032,
    0.0009342353441752493,
    0.0008945970912463963,
    0.0007709847996011376,
    0.0007990827434696257,
    0.0007742021116428077,
    0.0006209943676367402,
    0.0006937484722584486,
    0.0006488193175755441,
    0.0006182480719871819,
    0.0004548647266346961,
    0.0004953249008394778,
    0.00046913622645661235,
    0.00044624603469856083,
    0.000440845062257722,
    0.0004065940738655627,
    0.0004338733560871333,
    0.0004128788714297116,
    0.0004047458351124078,
    0.0003506009525153786,
    0.0002885130816139281,
    0.0003276152419857681,
    0.0003363143769092858,
    0.0003206109977327287,
    0.0002893130003940314,
    0.0003020467993337661,
    0.0003268000727985054,
    0.0003290121676400304,
    0.0003251633606851101,
    0.0002811771701090038,
    0.0002327489055460319,
    0.0002968324115499854,
    0.00030095461988821626,
    0.0002263898350065574,
    0.00028198500513099134,
    0.0002532016660552472,
    0.00020500351092778146,
    0.00025456349248997867,
    0.00022546120453625917,
    0.0001800082391127944,
    0.0002192883548559621,
    0.00017512058548163623,
    0.00018786307191476226
  ],
  "mae": [
    0.25567349791526794,
    0.056854650378227234,
    0.03911924362182617,
    0.03157937154173851,
    0.026140185073018074,
    0.023236477747559547,
    0.021886227652430534,
    0.018967293202877045,
    0.018255451694130898,
    0.017453424632549286,
    0.016143454238772392,
    0.0160143431276083,
    0.015500974841415882,
    0.014034943655133247,
    0.013573568314313889,
    0.01376140583306551,
    0.013157205656170845,
    0.01244666799902916,
    0.012475873343646526,
    0.01226671040058136,
    0.011956560425460339,
    0.011362084187567234,
    0.011330467648804188,
    0.011253075674176216,
    0.010979576967656612,
    0.010932566598057747,
    0.01027253270149231,
    0.009691746905446053,
    0.010152960196137428,
    0.010171238332986832,
    0.009605810046195984,
    0.009733100421726704,
    0.009722731076180935,
    0.009726536460220814,
    0.009214772842824459,
    0.009633248671889305,
    0.008866727352142334,
    0.00851256214082241,
    0.009228372015058994,
    0.009017972275614738,
    0.008288728073239326,
    0.009095092304050922,
    0.008717261254787445,
    0.00803418830037117,
    0.008385422639548779,
    0.008245310746133327,
    0.007747913710772991,
    0.008137625642120838,
    0.007527031935751438,
    0.008005752228200436
  ],
  "val_loss": [
    0.012405849993228912,
    0.004531952552497387,
    0.0027394413482397795,
    0.002043504733592272,
    0.00165049999486655,
    0.0012576245935633779,
    0.0012252605520188808,
    0.001111624646000564,
    0.001038185553625226,
    0.0008859175140969455,
    0.0007553137838840485,
    0.0006606914103031158,
    0.0007099516224116087,
    0.00817482266575098,
    0.0004875451559200883,
    0.00042492602369748056,
    0.0004543746472336352,
    0.0005234771524555981,
    0.0005095192464068532,
    0.0003810727212112397,
    0.0005592665984295309,
    0.00036286553950048983,
    0.0005303616053424776,
    0.0003128636162728071,
    0.00032636377727612853,
    0.0003947836812585592,
    0.0004662585852202028,
    0.00044892699224874377,
    0.00031378096900880337,
    0.00043419733992777765,
    0.0004367762594483793,
    0.0004344703338574618,
    0.0003624401579145342,
    0.00038625270826742053,
    0.00023858163331169635,
    0.0002924805448856205,
    0.00041409741970710456,
    0.0006909179501235485,
    0.0002663207706063986,
    0.0002778808702714741,
    0.0002930813643615693,
    0.00029638982960022986,
    0.0002171037922380492,
    0.0004291773366276175,
    0.0003232105227652937,
    0.00026244897162541747,
    0.00019484770018607378,
    0.0001909257407533005,
    0.00019929443078581244,
    0.00022993441962171346
  ],
  "val_mae": [
    0.07384362071752548,
    0.04434514790773392,
    0.03333904221653938,
    0.028293564915657043,
    0.02399679832160473,
    0.021236591041088104,
    0.022992055863142014,
    0.021823903545737267,
    0.019758904352784157,
    0.018658427521586418,
    0.016411468386650085,
    0.014157526195049286,
    0.015078281983733177,
    0.03914589434862137,
    0.012705675326287746,
    0.0117326145991683,
    0.012601742520928383,
    0.013547061011195183,
    0.01159646362066269,
    0.010731251910328865,
    0.01409595925360918,
    0.011505302041769028,
    0.014988516457378864,
    0.010029305703938007,
    0.009794225916266441,
    0.010342263616621494,
    0.013016675598919392,
    0.012894809246063232,
    0.00984636414796114,
    0.010491986759006977,
    0.010448608547449112,
    0.010720567777752876,
    0.011709039099514484,
    0.011053688824176788,
    0.008886735886335373,
    0.010781874880194664,
    0.01244677510112524,
    0.01502978429198265,
    0.008894231170415878,
    0.008715865202248096,
    0.010484770871698856,
    0.008873676881194115,
    0.00789820309728384,
    0.012616238556802273,
    0.011829239316284657,
    0.010382610373198986,
    0.00840742141008377,
    0.007366601377725601,
    0.007983936928212643,
    0.008161196485161781
  ]
}