{
  "loss": [
    0.2846728563308716,
    0.00791933573782444,
    0.004026289097964764,
    0.0025823013857007027,
    0.0017660908633843064
  ],
  "mae": [
    0.2585606575012207,
    0.057520803064107895,
    0.0395825020968914,
    0.030952034518122673,
    0.025605544447898865
  ],
  "val_loss": [
    0.012402456253767014,
    0.010007670149207115,
    0.004200920928269625,
    0.0020936073269695044,
    0.0015100183663889766
  ],
  "val_mae": [
    0.0750683844089508,
    0.07723528146743774,
    0.03792974725365639,
    0.027317441999912262,
    0.023134347051382065
  ]
}