{
  "loss": [
    0.42446956038475037,
    0.41452640295028687,
    0.41132479906082153,
    0.4117182791233063,
    0.4106251299381256,
    0.41026005148887634,
    0.4104277789592743,
    0.41092509031295776,
    0.41004136204719543,
    0.41014933586120605,
    0.40989768505096436,
    0.410327285528183,
    0.4095872938632965,
    0.4097028076648712,
    0.4097922444343567,
    0.4098702669143677,
    0.4097447097301483,
    0.40946248173713684,
    0.4097788333892822,
    0.4095427691936493,
    0.40963271260261536,
    0.4095518887042999,
    0.40963709354400635,
    0.4096580743789673,
    0.40954267978668213,
    0.40945813059806824,
    0.40978169441223145,
    0.40941935777664185,
    0.409862756729126,
    0.4092918932437897,
    0.4095615744590759,
    0.4096551537513733,
    0.40954291820526123,
    0.4094243049621582,
    0.4094521701335907,
    0.40942898392677307,
    0.40948912501335144,
    0.40942737460136414,
    0.4094567894935608,
    0.4094489514827728
  ],
  "mae": [
    0.43861985206604004,
    0.42870739102363586,
    0.42364007234573364,
    0.42277151346206665,
    0.4206765294075012,
    0.41967228055000305,
    0.42046603560447693,
    0.42048898339271545,
    0.41810935735702515,
    0.4193137586116791,
    0.41698557138442993,
    0.4187246561050415,
    0.4162285625934601,
    0.41739124059677124,
    0.4170750081539154,
    0.4173435568809509,
    0.41682469844818115,
    0.4152580201625824,
    0.41515490412712097,
    0.41576898097991943,
    0.41724762320518494,
    0.4156933128833771,
    0.41633471846580505,
    0.416187047958374,
    0.41534551978111267,
    0.41521185636520386,
    0.4160269796848297,
    0.41441646218299866,
    0.41568174958229065,
    0.41313591599464417,
    0.415698379278183,
    0.4150646924972534,
    0.4149281680583954,
    0.41428107023239136,
    0.4142126142978668,
    0.41431158781051636,
    0.41467300057411194,
    0.41452014446258545,
    0.41509583592414856,
    0.4149392247200012
  ],
  "val_loss": [
    0.42391693592071533,
    0.4235314130783081,
    0.42644253373146057,
    0.42292237281799316,
    0.4230647385120392,
    0.4274505376815796,
    0.42439204454421997,
    0.42309901118278503,
    0.42286938428878784,
    0.42316725850105286,
    0.4228619337081909,
    0.42296016216278076,
    0.4228672385215759,
    0.4228355586528778,
    0.4228329360485077,
    0.42282453179359436,
    0.423105925321579,
    0.4228484332561493,
    0.42283129692077637,
    0.42285898327827454,
    0.4229544699192047,
    0.42283719778060913,
    0.4228195548057556,
    0.4236132502555847,
    0.42283010482788086,
    0.4229111075401306,
    0.42311179637908936,
    0.42369675636291504,
    0.42288362979888916,
    0.42281314730644226,
    0.42281556129455566,
    0.4228117763996124,
    0.42286983132362366,
    0.4228394329547882,
    0.4230923354625702,
    0.42282480001449585,
    0.4228435158729553,
    0.4228154718875885,
    0.4229297637939453,
    0.4229196608066559
  ],
  "val_mae": [
    0.432003915309906,
    0.4316472113132477,
    0.44198077917099,
    0.4257480502128601,
    0.42713338136672974,
    0.4400325119495392,
    0.4308375418186188,
    0.4274100959300995,
    0.4250485301017761,
    0.42800208926200867,
    0.42518559098243713,
    0.4260852038860321,
    0.4249914288520813,
    0.42429324984550476,
    0.4241698682308197,
    0.4240635633468628,
    0.42693090438842773,
    0.42519208788871765,
    0.4240482449531555,
    0.42442992329597473,
    0.42634284496307373,
    0.4242651164531708,
    0.4238303005695343,
    0.4337749481201172,
    0.42417219281196594,
    0.4258459806442261,
    0.4281679093837738,
    0.42924368381500244,
    0.4254175126552582,
    0.423613578081131,
    0.4236791729927063,
    0.4233144521713257,
    0.42524969577789307,
    0.4238893985748291,
    0.4291597306728363,
    0.42412176728248596,
    0.4245661795139313,
    0.42361485958099365,
    0.4252684712409973,
    0.4255657196044922
  ]
}