{
  "loss": [
    0.44934916496276855,
    0.4110654294490814,
    0.4168491065502167,
    0.4107847213745117,
    0.4106642007827759,
    0.4103549122810364,
    0.41034188866615295,
    0.4103490710258484,
    0.41009029746055603,
    0.40999555587768555,
    0.40971216559410095,
    0.4097258448600769,
    0.41022688150405884,
    0.41002291440963745,
    0.40957412123680115,
    0.4097014367580414,
    0.4095132052898407,
    0.4095008671283722,
    0.40964996814727783,
    0.4096301198005676,
    0.40962374210357666,
    0.4096324145793915,
    0.4095107614994049,
    0.4095764756202698,
    0.40981850028038025,
    0.4093661308288574,
    0.40949583053588867,
    0.4095522463321686,
    0.4095590114593506,
    0.409624308347702,
    0.40938422083854675,
    0.4096320867538452,
    0.4095083177089691,
    0.4094034433364868,
    0.4094565808773041,
    0.40962421894073486,
    0.4097328186035156,
    0.40931639075279236,
    0.40952715277671814,
    0.409528523683548
  ],
  "mae": [
    0.4462836980819702,
    0.4230209290981293,
    0.4268162250518799,
    0.42146238684654236,
    0.42120009660720825,
    0.4205125570297241,
    0.42000046372413635,
    0.41910067200660706,
    0.41912737488746643,
    0.4184828996658325,
    0.41697531938552856,
    0.41679900884628296,
    0.41679292917251587,
    0.4174085557460785,
    0.41605788469314575,
    0.41681787371635437,
    0.4160701334476471,
    0.41557082533836365,
    0.4160183072090149,
    0.41685694456100464,
    0.41623520851135254,
    0.4166662395000458,
    0.414671391248703,
    0.4155608117580414,
    0.4167293906211853,
    0.4144369959831238,
    0.4157264828681946,
    0.4159167408943176,
    0.4157857298851013,
    0.4158674478530884,
    0.4147515892982483,
    0.41510745882987976,
    0.41531988978385925,
    0.4146895408630371,
    0.4147647023200989,
    0.4157712459564209,
    0.4147012531757355,
    0.4134276211261749,
    0.4154900908470154,
    0.4143739938735962
  ],
  "val_loss": [
    0.4259793162345886,
    0.42432355880737305,
    0.42319369316101074,
    0.42398133873939514,
    0.4232181906700134,
    0.4228643476963043,
    0.4228740632534027,
    0.42291754484176636,
    0.42288482189178467,
    0.4231085479259491,
    0.42291128635406494,
    0.4228858947753906,
    0.42289209365844727,
    0.4228598177433014,
    0.4229017496109009,
    0.42318323254585266,
    0.42283597588539124,
    0.42357513308525085,
    0.4229392111301422,
    0.4231763482093811,
    0.42287975549697876,
    0.42321309447288513,
    0.42281264066696167,
    0.4230305254459381,
    0.4228511452674866,
    0.42289048433303833,
    0.42298024892807007,
    0.4228111207485199,
    0.42287296056747437,
    0.42284896969795227,
    0.42606833577156067,
    0.42281726002693176,
    0.4231966733932495,
    0.4228111207485199,
    0.4228246510028839,
    0.422863632440567,
    0.42286089062690735,
    0.4228115975856781,
    0.422963947057724,
    0.422818124294281
  ],
  "val_mae": [
    0.4389592409133911,
    0.43491029739379883,
    0.42880702018737793,
    0.4324406385421753,
    0.4287565052509308,
    0.42500942945480347,
    0.4249129891395569,
    0.42616987228393555,
    0.42553970217704773,
    0.4265843331813812,
    0.425909161567688,
    0.4252767264842987,
    0.4258446991443634,
    0.4247783124446869,
    0.42604485154151917,
    0.42776814103126526,
    0.4243192970752716,
    0.43423759937286377,
    0.4270358085632324,
    0.4295050799846649,
    0.42552047967910767,
    0.4282480776309967,
    0.4235934615135193,
    0.4278506338596344,
    0.424337774515152,
    0.42582476139068604,
    0.4259830415248871,
    0.4234146177768707,
    0.42494818568229675,
    0.4245014786720276,
    0.4332149624824524,
    0.42389652132987976,
    0.4285324811935425,
    0.4232546389102936,
    0.4241170287132263,
    0.4247572422027588,
    0.42461255192756653,
    0.4234490990638733,
    0.4259064197540283,
    0.42358672618865967
  ]
}