{
  "loss": [
    0.42403748631477356,
    0.4149289131164551,
    0.41123151779174805,
    0.4109715223312378,
    0.4109818637371063,
    0.41060277819633484,
    0.4106108248233795,
    0.4099779725074768,
    0.4097573757171631,
    0.40992921590805054,
    0.40956005454063416,
    0.410328209400177,
    0.4096713364124298,
    0.4099576771259308,
    0.40955179929733276,
    0.4095556139945984,
    0.409627765417099,
    0.40965011715888977,
    0.40946832299232483,
    0.4095931053161621,
    0.4095766544342041,
    0.40963730216026306,
    0.40945643186569214,
    0.4095895290374756,
    0.4094669818878174,
    0.40976524353027344,
    0.409514456987381,
    0.4094601571559906,
    0.409428209066391,
    0.4094773828983307,
    0.40947383642196655,
    0.4094548523426056,
    0.40945133566856384,
    0.40938761830329895,
    0.4094712734222412,
    0.40956565737724304,
    0.40932565927505493,
    0.40945541858673096,
    0.40943577885627747,
    0.4094103276729584
  ],
  "mae": [
    0.4355553090572357,
    0.4235416352748871,
    0.42437610030174255,
    0.4223960340023041,
    0.42174509167671204,
    0.42023465037345886,
    0.41861599683761597,
    0.4180895686149597,
    0.41775232553482056,
    0.41715240478515625,
    0.41629570722579956,
    0.4178653955459595,
    0.41636061668395996,
    0.4176652729511261,
    0.4155993163585663,
    0.41544634103775024,
    0.4162141680717468,
    0.4155305325984955,
    0.41538503766059875,
    0.4153534173965454,
    0.4162333607673645,
    0.41548195481300354,
    0.4150206446647644,
    0.41572391986846924,
    0.4144035875797272,
    0.41585204005241394,
    0.41477280855178833,
    0.4147033393383026,
    0.4151883125305176,
    0.41479378938674927,
    0.4150468707084656,
    0.4147545397281647,
    0.41504526138305664,
    0.41441109776496887,
    0.4139999449253082,
    0.41536107659339905,
    0.4135461151599884,
    0.4146746098995209,
    0.4140605926513672,
    0.4144085943698883
  ],
  "val_loss": [
    0.42326804995536804,
    0.42324918508529663,
    0.42351555824279785,
    0.4234071373939514,
    0.4229699671268463,
    0.42300549149513245,
    0.4233160614967346,
    0.42931756377220154,
    0.42329147458076477,
    0.42301830649375916,
    0.4228529930114746,
    0.42309215664863586,
    0.42290592193603516,
    0.423024982213974,
    0.4262069761753082,
    0.4228360652923584,
    0.42282834649086,
    0.42281481623649597,
    0.4228365123271942,
    0.42287296056747437,
    0.4228646755218506,
    0.42286378145217896,
    0.42282336950302124,
    0.4228144884109497,
    0.42396992444992065,
    0.42281144857406616,
    0.4228963553905487,
    0.42287102341651917,
    0.4228195548057556,
    0.42280831933021545,
    0.4228164553642273,
    0.4228094220161438,
    0.4233476221561432,
    0.4229492247104645,
    0.4228043556213379,
    0.42282095551490784,
    0.422807902097702,
    0.422908216714859,
    0.42280396819114685,
    0.4229321777820587
  ],
  "val_mae": [
    0.42966851592063904,
    0.4296805262565613,
    0.4307480752468109,
    0.43013960123062134,
    0.42605072259902954,
    0.4268718659877777,
    0.4302283525466919,
    0.4477390944957733,
    0.42801010608673096,
    0.4261152446269989,
    0.42464786767959595,
    0.4272402822971344,
    0.4258216619491577,
    0.4265926778316498,
    0.433367520570755,
    0.4243297576904297,
    0.42398393154144287,
    0.423552930355072,
    0.42389893531799316,
    0.424808144569397,
    0.4247102439403534,
    0.4249473810195923,
    0.4238460659980774,
    0.42357033491134644,
    0.4302928149700165,
    0.4233344495296478,
    0.4251127541065216,
    0.42487436532974243,
    0.4239663779735565,
    0.4233568608760834,
    0.42382070422172546,
    0.42325666546821594,
    0.42930397391319275,
    0.42605093121528625,
    0.423025906085968,
    0.4236755669116974,
    0.4233234226703644,
    0.42539530992507935,
    0.4228516221046448,
    0.4260336756706238
  ]
}