{
  "loss": [
    0.42903897166252136,
    0.4113735854625702,
    0.41104885935783386,
    0.41175785660743713,
    0.4102383553981781,
    0.41034606099128723,
    0.41032031178474426,
    0.41043195128440857,
    0.4098033905029297,
    0.41013094782829285,
    0.4098307192325592,
    0.40980830788612366,
    0.4098409414291382,
    0.4097239375114441,
    0.4096822440624237,
    0.4098109304904938,
    0.40949973464012146,
    0.4095648229122162,
    0.40949711203575134,
    0.4098091423511505,
    0.40933576226234436,
    0.40959134697914124,
    0.4096107482910156,
    0.40938544273376465,
    0.4095394015312195,
    0.4093954563140869,
    0.4095090925693512,
    0.4095412492752075,
    0.4093444049358368,
    0.4095641076564789,
    0.40940678119659424,
    0.4093732237815857,
    0.4094622731208801,
    0.40941739082336426,
    0.4094142019748688,
    0.40936893224716187,
    0.4094865620136261,
    0.4094225764274597,
    0.40939053893089294,
    0.4094235897064209
  ],
  "mae": [
    0.4388141632080078,
    0.4235352575778961,
    0.4234886169433594,
    0.42292872071266174,
    0.4201600253582001,
    0.4187766909599304,
    0.4185889661312103,
    0.4185091257095337,
    0.4173986315727234,
    0.41778120398521423,
    0.4167138636112213,
    0.41668272018432617,
    0.41729050874710083,
    0.4159852862358093,
    0.41557276248931885,
    0.4167415201663971,
    0.4155076742172241,
    0.41509586572647095,
    0.4156140983104706,
    0.4165147840976715,
    0.41391751170158386,
    0.41520071029663086,
    0.4151105284690857,
    0.4142697751522064,
    0.41464829444885254,
    0.41439321637153625,
    0.4144933223724365,
    0.4145964980125427,
    0.41390374302864075,
    0.41505441069602966,
    0.4143090546131134,
    0.4135957956314087,
    0.4150431752204895,
    0.41440966725349426,
    0.4143029749393463,
    0.4143472909927368,
    0.41472333669662476,
    0.4142497181892395,
    0.4144953787326813,
    0.41440290212631226
  ],
  "val_loss": [
    0.4235883057117462,
    0.4236289858818054,
    0.4230201244354248,
    0.4290919005870819,
    0.42417508363723755,
    0.42288845777511597,
    0.42288243770599365,
    0.42309990525245667,
    0.42290830612182617,
    0.4228248596191406,
    0.4235716164112091,
    0.4230460822582245,
    0.42282888293266296,
    0.42285245656967163,
    0.42289361357688904,
    0.42290398478507996,
    0.42281773686408997,
    0.4228338897228241,
    0.42294561862945557,
    0.4228576719760895,
    0.4229145050048828,
    0.42283329367637634,
    0.422818660736084,
    0.4229126572608948,
    0.42293429374694824,
    0.4228789806365967,
    0.4228232800960541,
    0.4228449761867523,
    0.42411544919013977,
    0.42281007766723633,
    0.42282286286354065,
    0.4231449067592621,
    0.42298856377601624,
    0.42304250597953796,
    0.42282480001449585,
    0.4228326678276062,
    0.4228057563304901,
    0.4230461120605469,
    0.4238208830356598,
    0.42283621430397034
  ],
  "val_mae": [
    0.43011799454689026,
    0.4307805299758911,
    0.4269302487373352,
    0.447096586227417,
    0.43123793601989746,
    0.42534109950065613,
    0.42534616589546204,
    0.4265861213207245,
    0.4254298508167267,
    0.4240119159221649,
    0.43169963359832764,
    0.42782559990882874,
    0.4241890609264374,
    0.4246644079685211,
    0.42517292499542236,
    0.42544111609458923,
    0.42375731468200684,
    0.4239954948425293,
    0.42560747265815735,
    0.42469319701194763,
    0.4258020520210266,
    0.424507737159729,
    0.42368316650390625,
    0.4253670275211334,
    0.42684879899024963,
    0.4253550171852112,
    0.4237358570098877,
    0.4247243106365204,
    0.43693670630455017,
    0.423346608877182,
    0.42379292845726013,
    0.4280138909816742,
    0.42699944972991943,
    0.42752665281295776,
    0.4236375391483307,
    0.42458000779151917,
    0.4231056571006775,
    0.42815101146698,
    0.4300212562084198,
    0.4241562485694885
  ]
}