{
  "loss": [
    0.424626886844635,
    0.41228121519088745,
    0.41438567638397217,
    0.41122764348983765,
    0.41102275252342224,
    0.41065728664398193,
    0.41096603870391846,
    0.40980127453804016,
    0.4101209342479706,
    0.41051316261291504,
    0.4098059833049774,
    0.409768670797348,
    0.4099220931529999,
    0.4097793996334076,
    0.4098123610019684,
    0.4096158444881439,
    0.40970709919929504,
    0.4095582365989685,
    0.4098113775253296,
    0.40945249795913696,
    0.4096336364746094,
    0.4096581041812897,
    0.4094589352607727,
    0.4095118045806885,
    0.4095394015312195,
    0.4094901382923126,
    0.40951186418533325,
    0.4093623757362366,
    0.40964072942733765,
    0.40966561436653137,
    0.4094809591770172,
    0.4094298183917999,
    0.40939342975616455,
    0.4094984233379364,
    0.4095953106880188,
    0.4093169867992401,
    0.40939760208129883,
    0.4093957543373108,
    0.40942737460136414,
    0.4094509482383728
  ],
  "mae": [
    0.43801793456077576,
    0.42415401339530945,
    0.42381176352500916,
    0.42352280020713806,
    0.4223027229309082,
    0.42081838846206665,
    0.42090725898742676,
    0.41757822036743164,
    0.4184536039829254,
    0.41923588514328003,
    0.41743406653404236,
    0.4178435802459717,
    0.41750964522361755,
    0.41712427139282227,
    0.4169245958328247,
    0.41685256361961365,
    0.4165565073490143,
    0.41535642743110657,
    0.4162517189979553,
    0.4145765006542206,
    0.41580113768577576,
    0.4150221645832062,
    0.4151019752025604,
    0.41480204463005066,
    0.4153777062892914,
    0.41461801528930664,
    0.41564416885375977,
    0.4141552448272705,
    0.4146754741668701,
    0.41580724716186523,
    0.41453200578689575,
    0.4145013391971588,
    0.41447609663009644,
    0.4150291085243225,
    0.41453319787979126,
    0.4134657084941864,
    0.41444215178489685,
    0.41426533460617065,
    0.4144154191017151,
    0.41417789459228516
  ],
  "val_loss": [
    0.42371347546577454,
    0.42355722188949585,
    0.42347997426986694,
    0.42867928743362427,
    0.42301082611083984,
    0.4268272817134857,
    0.42304933071136475,
    0.4229699671268463,
    0.42389172315597534,
    0.4266631305217743,
    0.422898530960083,
    0.4228857159614563,
    0.4245041310787201,
    0.42283710837364197,
    0.4239930212497711,
    0.4235561788082123,
    0.42559653520584106,
    0.4228503406047821,
    0.42447832226753235,
    0.4228668510913849,
    0.4228106439113617,
    0.42283204197883606,
    0.42287352681159973,
    0.42280831933021545,
    0.4228282570838928,
    0.42286673188209534,
    0.4229259788990021,
    0.4228304326534271,
    0.4228413701057434,
    0.4228169023990631,
    0.4228117763996124,
    0.4228419065475464,
    0.4228110611438751,
    0.4228065609931946,
    0.4228856563568115,
    0.422808974981308,
    0.4228023886680603,
    0.42298421263694763,
    0.4228735864162445,
    0.422808974981308
  ],
  "val_mae": [
    0.431256502866745,
    0.4317464828491211,
    0.4317949712276459,
    0.4430599510669708,
    0.42697885632514954,
    0.4406902492046356,
    0.4274235963821411,
    0.4261968433856964,
    0.4313811957836151,
    0.4442330598831177,
    0.4248810410499573,
    0.4252912998199463,
    0.4379030466079712,
    0.4241400957107544,
    0.4338296353816986,
    0.43174225091934204,
    0.4364727735519409,
    0.42445316910743713,
    0.43484097719192505,
    0.4256068170070648,
    0.4232944846153259,
    0.42424488067626953,
    0.4244459271430969,
    0.42326900362968445,
    0.42420780658721924,
    0.42530888319015503,
    0.4266946017742157,
    0.42393559217453003,
    0.4244500994682312,
    0.4236772954463959,
    0.4234413504600525,
    0.4245014786720276,
    0.4232546389102936,
    0.4230731725692749,
    0.425188809633255,
    0.423123300075531,
    0.42286914587020874,
    0.42663753032684326,
    0.4245281517505646,
    0.42322611808776855
  ]
}