{
  "loss": [
    0.43210819363594055,
    0.41486674547195435,
    0.4118957221508026,
    0.4107568860054016,
    0.41059011220932007,
    0.4103531539440155,
    0.41107073426246643,
    0.4098080098628998,
    0.4100416898727417,
    0.4098176062107086,
    0.40979889035224915,
    0.40974634885787964,
    0.4097820520401001,
    0.40967726707458496,
    0.40983298420906067,
    0.4097328186035156,
    0.40940800309181213,
    0.40990614891052246,
    0.4095252752304077,
    0.4096817374229431,
    0.409469336271286,
    0.40965861082077026,
    0.4096238315105438,
    0.4096643924713135,
    0.4094791114330292,
    0.4096047580242157,
    0.4093908369541168,
    0.40961411595344543,
    0.40967196226119995,
    0.4094279706478119,
    0.4094280004501343,
    0.40941664576530457,
    0.40937572717666626,
    0.4094715416431427,
    0.4093937873840332,
    0.4095103144645691,
    0.40936362743377686,
    0.40945062041282654,
    0.4093994200229645,
    0.4094398021697998
  ],
  "mae": [
    0.44172725081443787,
    0.426576167345047,
    0.4246862530708313,
    0.421563059091568,
    0.4203966557979584,
    0.4201381206512451,
    0.41953837871551514,
    0.41808873414993286,
    0.4188374876976013,
    0.41748863458633423,
    0.4166027307510376,
    0.41717529296875,
    0.4173661172389984,
    0.41638511419296265,
    0.41673022508621216,
    0.4171508252620697,
    0.4149170517921448,
    0.416260302066803,
    0.4152068793773651,
    0.415321946144104,
    0.4148748517036438,
    0.4153502583503723,
    0.41568970680236816,
    0.4154422879219055,
    0.41483074426651,
    0.4155253469944,
    0.41424068808555603,
    0.414785772562027,
    0.4151448607444763,
    0.4145069122314453,
    0.41425079107284546,
    0.41465893387794495,
    0.4140140116214752,
    0.4149203300476074,
    0.41439002752304077,
    0.4147702753543854,
    0.41366100311279297,
    0.4140211045742035,
    0.4140358865261078,
    0.41435983777046204
  ],
  "val_loss": [
    0.42385873198509216,
    0.4240224361419678,
    0.425307035446167,
    0.4230579435825348,
    0.423234760761261,
    0.42303532361984253,
    0.42321115732192993,
    0.42308884859085083,
    0.42441168427467346,
    0.4270935356616974,
    0.4229457676410675,
    0.42283540964126587,
    0.4229242503643036,
    0.42299559712409973,
    0.42315050959587097,
    0.423580139875412,
    0.42282944917678833,
    0.42291155457496643,
    0.43020662665367126,
    0.42287519574165344,
    0.4228772222995758,
    0.4228118360042572,
    0.4228510856628418,
    0.4230177104473114,
    0.4228156507015228,
    0.422825425863266,
    0.42281514406204224,
    0.4230317175388336,
    0.42281150817871094,
    0.42281705141067505,
    0.4229140877723694,
    0.4228079319000244,
    0.42297232151031494,
    0.4228074252605438,
    0.4228226840496063,
    0.42281055450439453,
    0.42281490564346313,
    0.42281681299209595,
    0.42281875014305115,
    0.4228134751319885
  ],
  "val_mae": [
    0.4315025210380554,
    0.4348224699497223,
    0.4365645945072174,
    0.4276869595050812,
    0.42876794934272766,
    0.4276898503303528,
    0.4282163977622986,
    0.4287105202674866,
    0.4336736500263214,
    0.44058096408843994,
    0.426268070936203,
    0.42441102862358093,
    0.42556726932525635,
    0.4279601275920868,
    0.4288139343261719,
    0.4328082501888275,
    0.42395392060279846,
    0.4257059395313263,
    0.4483366310596466,
    0.42513757944107056,
    0.4259394705295563,
    0.42329850792884827,
    0.42439407110214233,
    0.4269767999649048,
    0.4237206280231476,
    0.4238739609718323,
    0.42351993918418884,
    0.42637932300567627,
    0.42345479130744934,
    0.42345622181892395,
    0.4259638786315918,
    0.4232214391231537,
    0.4265938103199005,
    0.4232037663459778,
    0.4238816499710083,
    0.42344722151756287,
    0.42361074686050415,
    0.4236815571784973,
    0.42369741201400757,
    0.4236113131046295
  ]
}