{
  "loss": [
    0.42518287897109985,
    0.41129592061042786,
    0.4140044152736664,
    0.41069501638412476,
    0.4109877645969391,
    0.4102615714073181,
    0.41053256392478943,
    0.4099929630756378,
    0.41039249300956726,
    0.4097787141799927,
    0.4101584851741791,
    0.40992116928100586,
    0.4100674092769623,
    0.4097793996334076,
    0.4099297523498535,
    0.40961992740631104,
    0.4096427857875824,
    0.40975940227508545,
    0.40978309512138367,
    0.4097194969654083,
    0.4100596308708191,
    0.4094031751155853,
    0.40985557436943054,
    0.40963035821914673,
    0.4095272123813629,
    0.4095262885093689,
    0.40950965881347656,
    0.4096577763557434,
    0.40948840975761414,
    0.4094684422016144,
    0.40954047441482544,
    0.4095461368560791,
    0.40953516960144043,
    0.4094430208206177,
    0.4093765914440155,
    0.40960389375686646,
    0.4095974862575531,
    0.4094379246234894,
    0.4093839228153229,
    0.4096238315105438
  ],
  "mae": [
    0.4391784071922302,
    0.42511194944381714,
    0.42660757899284363,
    0.42168089747428894,
    0.4220651686191559,
    0.4195331335067749,
    0.4199430048465729,
    0.4182482659816742,
    0.41899678111076355,
    0.41800016164779663,
    0.41773101687431335,
    0.417030394077301,
    0.4158817231655121,
    0.41708776354789734,
    0.41629093885421753,
    0.4165162444114685,
    0.4156498908996582,
    0.415594220161438,
    0.41691431403160095,
    0.4163113236427307,
    0.4165067672729492,
    0.41427063941955566,
    0.4167870283126831,
    0.4157673418521881,
    0.41534876823425293,
    0.4152076542377472,
    0.4149128794670105,
    0.4152430593967438,
    0.4143860340118408,
    0.41499143838882446,
    0.4154163599014282,
    0.4154319763183594,
    0.41564464569091797,
    0.4149373769760132,
    0.4144704341888428,
    0.4146569073200226,
    0.41469675302505493,
    0.4144595265388489,
    0.414021760225296,
    0.4148291349411011
  ],
  "val_loss": [
    0.42644116282463074,
    0.42440590262413025,
    0.4231222867965698,
    0.4229448139667511,
    0.42330655455589294,
    0.4230990707874298,
    0.4229177236557007,
    0.4231914281845093,
    0.42328372597694397,
    0.42310982942581177,
    0.4247887134552002,
    0.4229120910167694,
    0.4228501319885254,
    0.42292678356170654,
    0.42290154099464417,
    0.42284536361694336,
    0.42281168699264526,
    0.4235800504684448,
    0.42288804054260254,
    0.4229874312877655,
    0.4228363037109375,
    0.4229457974433899,
    0.4228177070617676,
    0.4228157103061676,
    0.42281481623649597,
    0.4233199954032898,
    0.42294788360595703,
    0.42297911643981934,
    0.4228184223175049,
    0.4229140877723694,
    0.4228174686431885,
    0.42404016852378845,
    0.42283573746681213,
    0.42284804582595825,
    0.4229404032230377,
    0.4228932857513428,
    0.42281973361968994,
    0.42282164096832275,
    0.4228239059448242,
    0.4228111505508423
  ],
  "val_mae": [
    0.44107988476753235,
    0.43789494037628174,
    0.4285356104373932,
    0.426403284072876,
    0.4298732578754425,
    0.42772185802459717,
    0.42625224590301514,
    0.42873069643974304,
    0.4301353394985199,
    0.42857590317726135,
    0.4365479350090027,
    0.42594316601753235,
    0.42479586601257324,
    0.42655521631240845,
    0.42551395297050476,
    0.4243296682834625,
    0.4234347939491272,
    0.43211057782173157,
    0.4252418279647827,
    0.4255988597869873,
    0.42419010400772095,
    0.42622900009155273,
    0.423736572265625,
    0.42355719208717346,
    0.4235818386077881,
    0.43033647537231445,
    0.4260089099407196,
    0.42431697249412537,
    0.42354562878608704,
    0.4259341359138489,
    0.42380836606025696,
    0.42985469102859497,
    0.4242047667503357,
    0.4250236749649048,
    0.42581358551979065,
    0.4262019991874695,
    0.4237496554851532,
    0.4235652685165405,
    0.42367613315582275,
    0.42329055070877075
  ]
}