{
  "loss": [
    0.9390860199928284,
    0.9301031827926636,
    0.9298662543296814,
    0.9296513795852661,
    0.9294933676719666,
    0.9293698072433472,
    0.9293685555458069,
    0.9293234944343567,
    0.929315447807312,
    0.929297685623169,
    0.929294228553772,
    0.9292809963226318,
    0.9292849898338318,
    0.9292818307876587,
    0.9292702078819275,
    0.9292746186256409,
    0.9292730689048767,
    0.9292632937431335,
    0.9292587041854858,
    0.9292670488357544,
    0.9292570948600769,
    0.9292542338371277,
    0.9292546510696411,
    0.9292584657669067,
    0.9292538166046143,
    0.9292511343955994,
    0.9292521476745605,
    0.9292541742324829,
    0.9292504191398621,
    0.9292501211166382,
    0.9292533993721008,
    0.9292476773262024,
    0.929249107837677,
    0.9292538166046143,
    0.9292444586753845,
    0.9292474985122681,
    0.9292487502098083,
    0.9292469620704651,
    0.929246723651886,
    0.929243803024292
  ],
  "mae": [
    0.6221514940261841,
    0.6142622828483582,
    0.6129873394966125,
    0.6116725206375122,
    0.6105887293815613,
    0.6097199320793152,
    0.6096503734588623,
    0.6093186140060425,
    0.6092427968978882,
    0.6090286374092102,
    0.608992874622345,
    0.6088336706161499,
    0.6088318824768066,
    0.6087954640388489,
    0.6086476445198059,
    0.6086921095848083,
    0.6086223125457764,
    0.608512818813324,
    0.60844886302948,
    0.608490526676178,
    0.608393132686615,
    0.6083222031593323,
    0.6083479523658752,
    0.6083874106407166,
    0.6082924008369446,
    0.6082583665847778,
    0.6082003712654114,
    0.6083044409751892,
    0.6082191467285156,
    0.6082154512405396,
    0.608230710029602,
    0.608149528503418,
    0.6081565022468567,
    0.6081794500350952,
    0.6081106066703796,
    0.6081283092498779,
    0.6081268191337585,
    0.6081072092056274,
    0.6081001162528992,
    0.6079984307289124
  ],
  "val_loss": [
    0.913754403591156,
    0.9134973287582397,
    0.9134995937347412,
    0.9130642414093018,
    0.9129970669746399,
    0.9129372239112854,
    0.9129372239112854,
    0.9129209518432617,
    0.9129351377487183,
    0.912915050983429,
    0.912910521030426,
    0.9129123091697693,
    0.9129272103309631,
    0.9129122495651245,
    0.9129106998443604,
    0.9129002690315247,
    0.9129237532615662,
    0.9129135608673096,
    0.9128866195678711,
    0.9128907918930054,
    0.9129129648208618,
    0.9128900766372681,
    0.9128859043121338,
    0.9128933548927307,
    0.9128875136375427,
    0.9128866195678711,
    0.9128826856613159,
    0.9128847718238831,
    0.9128942489624023,
    0.9128842949867249,
    0.9128915667533875,
    0.9128783345222473,
    0.9128875732421875,
    0.912883996963501,
    0.9128798246383667,
    0.9128817915916443,
    0.9128779172897339,
    0.9128838181495667,
    0.9128806591033936,
    0.912883996963501
  ],
  "val_mae": [
    0.6159648299217224,
    0.614412784576416,
    0.6144981980323792,
    0.6117477416992188,
    0.611209511756897,
    0.610686719417572,
    0.6108134388923645,
    0.6106060743331909,
    0.6108854413032532,
    0.6105450391769409,
    0.6105045080184937,
    0.6105619072914124,
    0.6106811165809631,
    0.6105775833129883,
    0.6105295419692993,
    0.610399067401886,
    0.6105599999427795,
    0.6105867624282837,
    0.6100925803184509,
    0.6101492643356323,
    0.6104962825775146,
    0.6101535558700562,
    0.6100929379463196,
    0.61017906665802,
    0.610148549079895,
    0.6101347208023071,
    0.6099968552589417,
    0.6100608706474304,
    0.6102254390716553,
    0.6099913120269775,
    0.6101965308189392,
    0.6098636388778687,
    0.6101135015487671,
    0.6099730134010315,
    0.6099072098731995,
    0.6099932193756104,
    0.609848141670227,
    0.6100158095359802,
    0.6099463105201721,
    0.6100286841392517
  ]
}