,vendor,source,date,item,qty,didBuy_target,temp_feat,feelsLike_feat,humidity_feat,precip_feat,windspeed_feat,sealevelpressure_feat,daysUntilSchoolStart_raw,daysUntilSchoolEnd_raw,isSchoolInSession_feat,schoolCycle_sin_feat,schoolCycle_cos_feat,payday_raw_ang,payday_proximity_ang_feat,payday_proximity_ang_norm_feat,payday_proximity_ang_sin_feat,payday_proximity_ang_cos_feat,isPayday_ang,payday_raw_sjm,payday_proximity_sjm_feat,payday_proximity_sjm_norm_feat,payday_proximity_sjm_sin_feat,payday_proximity_sjm_cos_feat,isPayday_sjm
0,winndixie,IMG_9764.txt,2024-11-15,SpaghettiOs Pasta,2,1,65.7,65.7,64.8,0.0,15.0,1017.3,273,197,1,0.9999166586547379,-0.012910296075009042,2024-11-15,0,0.0,0.0,1.0,True,2024-11-08,7,0.5,1.2246467991473532e-16,-1.0,False
1,winndixie,IMG_9764.txt,2024-11-15,Mars Chocolate,1,1,65.7,65.7,64.8,0.0,15.0,1017.3,273,197,1,0.9999166586547379,-0.012910296075009042,2024-11-15,0,0.0,0.0,1.0,True,2024-11-08,7,0.5,1.2246467991473532e-16,-1.0,False
2,winndixie,IMG_9764.txt,2024-11-15,M&M's Candies,1,1,65.7,65.7,64.8,0.0,15.0,1017.3,273,197,1,0.9999166586547379,-0.012910296075009042,2024-11-15,0,0.0,0.0,1.0,True,2024-11-08,7,0.5,1.2246467991473532e-16,-1.0,False
3,winndixie,IMG_9764.txt,2024-11-15,Mandarins,1,1,65.7,65.7,64.8,0.0,15.0,1017.3,273,197,1,0.9999166586547379,-0.012910296075009042,2024-11-15,0,0.0,0.0,1.0,True,2024-11-08,7,0.5,1.2246467991473532e-16,-1.0,False
4,winndixie,IMG_9764.txt,2024-11-15,Sparkling Ice Wtr,1,1,65.7,65.7,64.8,0.0,15.0,1017.3,273,197,1,0.9999166586547379,-0.012910296075009042,2024-11-15,0,0.0,0.0,1.0,True,2024-11-08,7,0.5,1.2246467991473532e-16,-1.0,False
5,winndixie,IMG_9764.txt,2024-11-15,Sparkling Ice Wtr,1,1,65.7,65.7,64.8,0.0,15.0,1017.3,273,197,1,0.9999166586547379,-0.012910296075009042,2024-11-15,0,0.0,0.0,1.0,True,2024-11-08,7,0.5,1.2246467991473532e-16,-1.0,False
6,winndixie,IMG_9764.txt,2024-11-15,Coca Cola,1,1,65.7,65.7,64.8,0.0,15.0,1017.3,273,197,1,0.9999166586547379,-0.012910296075009042,2024-11-15,0,0.0,0.0,1.0,True,2024-11-08,7,0.5,1.2246467991473532e-16,-1.0,False
7,winndixie,IMG_9763.txt,2024-11-22,Hershey's Syrup,1,1,56.1,56.0,58.0,0.0,11.4,1020.8,266,190,1,0.9911140639934547,-0.1330147065341959,2024-11-29,7,0.5,1.2246467991473532e-16,-1.0,False,2024-11-22,0,0.0,0.0,1.0,True
8,winndixie,IMG_9763.txt,2024-11-22,Mayfield IceCream,1,1,56.1,56.0,58.0,0.0,11.4,1020.8,266,190,1,0.9911140639934547,-0.1330147065341959,2024-11-29,7,0.5,1.2246467991473532e-16,-1.0,False,2024-11-22,0,0.0,0.0,1.0,True
9,winndixie,IMG_9762.txt,2024-11-24,Bunny Bread,1,1,62.6,62.5,83.3,0.0,10.3,1019.7,264,188,1,0.9859481499638304,-0.16705162550211902,2024-11-29,5,0.35714285714285715,0.7818314824680299,-0.6234898018587335,False,2024-11-22,2,0.14285714285714285,0.7818314824680298,0.6234898018587336,False
10,winndixie,IMG_9762.txt,2024-11-24,Sparkling Ice Wtr,1,1,62.6,62.5,83.3,0.0,10.3,1019.7,264,188,1,0.9859481499638304,-0.16705162550211902,2024-11-29,5,0.35714285714285715,0.7818314824680299,-0.6234898018587335,False,2024-11-22,2,0.14285714285714285,0.7818314824680298,0.6234898018587336,False
11,winndixie,IMG_9762.txt,2024-11-24,Sparkling Ice Wtr,1,1,62.6,62.5,83.3,0.0,10.3,1019.7,264,188,1,0.9859481499638304,-0.16705162550211902,2024-11-29,5,0.35714285714285715,0.7818314824680299,-0.6234898018587335,False,2024-11-22,2,0.14285714285714285,0.7818314824680298,0.6234898018587336,False
12,winndixie,IMG_9762.txt,2024-11-24,Hubba Bubba Gum,1,1,62.6,62.5,83.3,0.0,10.3,1019.7,264,188,1,0.9859481499638304,-0.16705162550211902,2024-11-29,5,0.35714285714285715,0.7818314824680299,-0.6234898018587335,False,2024-11-22,2,0.14285714285714285,0.7818314824680298,0.6234898018587336,False
13,winndixie,IMG_9762.txt,2024-11-24,Sparkling Ice Wtr,1,1,62.6,62.5,83.3,0.0,10.3,1019.7,264,188,1,0.9859481499638304,-0.16705162550211902,2024-11-29,5,0.35714285714285715,0.7818314824680299,-0.6234898018587335,False,2024-11-22,2,0.14285714285714285,0.7818314824680298,0.6234898018587336,False
14,winndixie,IMG_9762.txt,2024-11-24,Sparkling Ice Wtr,1,1,62.6,62.5,83.3,0.0,10.3,1019.7,264,188,1,0.9859481499638304,-0.16705162550211902,2024-11-29,5,0.35714285714285715,0.7818314824680299,-0.6234898018587335,False,2024-11-22,2,0.14285714285714285,0.7818314824680298,0.6234898018587336,False
15,winndixie,IMG_9762.txt,2024-11-24,Tum E Yummies Drnk,1,1,62.6,62.5,83.3,0.0,10.3,1019.7,264,188,1,0.9859481499638304,-0.16705162550211902,2024-11-29,5,0.35714285714285715,0.7818314824680299,-0.6234898018587335,False,2024-11-22,2,0.14285714285714285,0.7818314824680298,0.6234898018587336,False
16,winndixie,IMG_9762.txt,2024-11-24,D&W Cheese,1,1,62.6,62.5,83.3,0.0,10.3,1019.7,264,188,1,0.9859481499638304,-0.16705162550211902,2024-11-29,5,0.35714285714285715,0.7818314824680299,-0.6234898018587335,False,2024-11-22,2,0.14285714285714285,0.7818314824680298,0.6234898018587336,False
17,winndixie,IMG_9762.txt,2024-11-24,SEG Turkey,1,1,62.6,62.5,83.3,0.0,10.3,1019.7,264,188,1,0.9859481499638304,-0.16705162550211902,2024-11-29,5,0.35714285714285715,0.7818314824680299,-0.6234898018587335,False,2024-11-22,2,0.14285714285714285,0.7818314824680298,0.6234898018587336,False
18,winndixie,IMG_9762.txt,2024-11-24,Chicken Cutlet,1,1,62.6,62.5,83.3,0.0,10.3,1019.7,264,188,1,0.9859481499638304,-0.16705162550211902,2024-11-29,5,0.35714285714285715,0.7818314824680299,-0.6234898018587335,False,2024-11-22,2,0.14285714285714285,0.7818314824680298,0.6234898018587336,False
19,winndixie,IMG_9762.txt,2024-11-24,Taylor Farms Green,1,1,62.6,62.5,83.3,0.0,10.3,1019.7,264,188,1,0.9859481499638304,-0.16705162550211902,2024-11-29,5,0.35714285714285715,0.7818314824680299,-0.6234898018587335,False,2024-11-22,2,0.14285714285714285,0.7818314824680298,0.6234898018587336,False
20,winndixie,IMG_9762.txt,2024-11-24,Fresh Strawberries,1,1,62.6,62.5,83.3,0.0,10.3,1019.7,264,188,1,0.9859481499638304,-0.16705162550211902,2024-11-29,5,0.35714285714285715,0.7818314824680299,-0.6234898018587335,False,2024-11-22,2,0.14285714285714285,0.7818314824680298,0.6234898018587336,False
21,winndixie,IMG_9762.txt,2024-11-24,SEG Mixed Grapes,1,1,62.6,62.5,83.3,0.0,10.3,1019.7,264,188,1,0.9859481499638304,-0.16705162550211902,2024-11-29,5,0.35714285714285715,0.7818314824680299,-0.6234898018587335,False,2024-11-22,2,0.14285714285714285,0.7818314824680298,0.6234898018587336,False
22,winndixie,IMG_9762.txt,2024-11-24,YoCrunch Yogurt,1,1,62.6,62.5,83.3,0.0,10.3,1019.7,264,188,1,0.9859481499638304,-0.16705162550211902,2024-11-29,5,0.35714285714285715,0.7818314824680299,-0.6234898018587335,False,2024-11-22,2,0.14285714285714285,0.7818314824680298,0.6234898018587336,False
23,winndixie,IMG_9762.txt,2024-11-24,REDDI-WIP,1,1,62.6,62.5,83.3,0.0,10.3,1019.7,264,188,1,0.9859481499638304,-0.16705162550211902,2024-11-29,5,0.35714285714285715,0.7818314824680299,-0.6234898018587335,False,2024-11-22,2,0.14285714285714285,0.7818314824680298,0.6234898018587336,False
24,winndixie,IMG_9762.txt,2024-11-24,Little Hug Drink,1,1,62.6,62.5,83.3,0.0,10.3,1019.7,264,188,1,0.9859481499638304,-0.16705162550211902,2024-11-29,5,0.35714285714285715,0.7818314824680299,-0.6234898018587335,False,2024-11-22,2,0.14285714285714285,0.7818314824680298,0.6234898018587336,False
25,winndixie,IMG_9761.txt,2024-11-27,6ct Buttercream Cu,1,1,67.6,67.6,93.2,0.012,12.8,1014.7,261,185,1,0.9760105506323683,-0.21772323039653177,2024-11-29,2,0.14285714285714285,0.7818314824680298,0.6234898018587336,False,2024-11-22,5,0.35714285714285715,0.7818314824680299,-0.6234898018587335,False
26,winndixie,IMG_9761.txt,2024-11-27,Home Select Foil,1,1,67.6,67.6,93.2,0.012,12.8,1014.7,261,185,1,0.9760105506323683,-0.21772323039653177,2024-11-29,2,0.14285714285714285,0.7818314824680298,0.6234898018587336,False,2024-11-22,5,0.35714285714285715,0.7818314824680299,-0.6234898018587335,False
27,winndixie,IMG_9761.txt,2024-11-27,Mini Carnation,2,1,67.6,67.6,93.2,0.012,12.8,1014.7,261,185,1,0.9760105506323683,-0.21772323039653177,2024-11-29,2,0.14285714285714285,0.7818314824680298,0.6234898018587336,False,2024-11-22,5,0.35714285714285715,0.7818314824680299,-0.6234898018587335,False
28,winndixie,IMG_9761.txt,2024-11-27,GREENS BOT,1,1,67.6,67.6,93.2,0.012,12.8,1014.7,261,185,1,0.9760105506323683,-0.21772323039653177,2024-11-29,2,0.14285714285714285,0.7818314824680298,0.6234898018587336,False,2024-11-22,5,0.35714285714285715,0.7818314824680299,-0.6234898018587335,False
29,winndixie,IMG_9760.txt,2024-12-02,Dewafelbakkr Pncks,1,1,53.4,53.2,63.6,0.0,15.0,1028.8,256,180,1,0.9536809966304456,-0.30081980763566757,2024-11-29,3,0.21428571428571427,0.9749279121818236,0.22252093395631445,False,2024-12-06,4,0.2857142857142857,0.9749279121818236,-0.22252093395631434,False
30,winndixie,IMG_9760.txt,2024-12-02,Kleinpeter Milk,1,1,53.4,53.2,63.6,0.0,15.0,1028.8,256,180,1,0.9536809966304456,-0.30081980763566757,2024-11-29,3,0.21428571428571427,0.9749279121818236,0.22252093395631445,False,2024-12-06,4,0.2857142857142857,0.9749279121818236,-0.22252093395631434,False
31,winndixie,IMG_9760.txt,2024-12-02,Daisy Sour Cream,1,1,53.4,53.2,63.6,0.0,15.0,1028.8,256,180,1,0.9536809966304456,-0.30081980763566757,2024-11-29,3,0.21428571428571427,0.9749279121818236,0.22252093395631445,False,2024-12-06,4,0.2857142857142857,0.9749279121818236,-0.22252093395631434,False
32,winndixie,IMG_9759.txt,2024-12-04,Coffee Mate Creamr,1,1,56.9,56.4,76.1,0.011,10.3,1026.7,254,178,1,0.9427611433904207,-0.3334687789181868,2024-11-29,5,0.35714285714285715,0.7818314824680299,-0.6234898018587335,False,2024-12-06,2,0.14285714285714285,0.7818314824680298,0.6234898018587336,False
33,winndixie,IMG_9759.txt,2024-12-04,Chobani Yogrt Flip,2,1,56.9,56.4,76.1,0.011,10.3,1026.7,254,178,1,0.9427611433904207,-0.3334687789181868,2024-11-29,5,0.35714285714285715,0.7818314824680299,-0.6234898018587335,False,2024-12-06,2,0.14285714285714285,0.7818314824680298,0.6234898018587336,False
34,winndixie,IMG_9759.txt,2024-12-04,Chobani Yogrt Flip,1,1,56.9,56.4,76.1,0.011,10.3,1026.7,254,178,1,0.9427611433904207,-0.3334687789181868,2024-11-29,5,0.35714285714285715,0.7818314824680299,-0.6234898018587335,False,2024-12-06,2,0.14285714285714285,0.7818314824680298,0.6234898018587336,False
35,winndixie,IMG_9759.txt,2024-12-04,CHOBANI YOGURT,1,1,56.9,56.4,76.1,0.011,10.3,1026.7,254,178,1,0.9427611433904207,-0.3334687789181868,2024-11-29,5,0.35714285714285715,0.7818314824680299,-0.6234898018587335,False,2024-12-06,2,0.14285714285714285,0.7818314824680298,0.6234898018587336,False
36,winndixie,IMG_9759.txt,2024-12-04,Little Debbie Snck,1,1,56.9,56.4,76.1,0.011,10.3,1026.7,254,178,1,0.9427611433904207,-0.3334687789181868,2024-11-29,5,0.35714285714285715,0.7818314824680299,-0.6234898018587335,False,2024-12-06,2,0.14285714285714285,0.7818314824680298,0.6234898018587336,False
37,winndixie,IMG_9759.txt,2024-12-04,Little Hug Drink,1,1,56.9,56.4,76.1,0.011,10.3,1026.7,254,178,1,0.9427611433904207,-0.3334687789181868,2024-11-29,5,0.35714285714285715,0.7818314824680299,-0.6234898018587335,False,2024-12-06,2,0.14285714285714285,0.7818314824680298,0.6234898018587336,False
38,winndixie,IMG_9758.txt,2024-12-04,CocaCola Soda,4,1,56.9,56.4,76.1,0.011,10.3,1026.7,254,178,1,0.9427611433904207,-0.3334687789181868,2024-11-29,5,0.35714285714285715,0.7818314824680299,-0.6234898018587335,False,2024-12-06,2,0.14285714285714285,0.7818314824680298,0.6234898018587336,False
39,winndixie,IMG_9758.txt,2024-12-04,18ct Variety Mix,1,1,56.9,56.4,76.1,0.011,10.3,1026.7,254,178,1,0.9427611433904207,-0.3334687789181868,2024-11-29,5,0.35714285714285715,0.7818314824680299,-0.6234898018587335,False,2024-12-06,2,0.14285714285714285,0.7818314824680298,0.6234898018587336,False
40,winndixie,IMG_9758.txt,2024-12-04,BODYARMOR 160Z FRU,1,1,56.9,56.4,76.1,0.011,10.3,1026.7,254,178,1,0.9427611433904207,-0.3334687789181868,2024-11-29,5,0.35714285714285715,0.7818314824680299,-0.6234898018587335,False,2024-12-06,2,0.14285714285714285,0.7818314824680298,0.6234898018587336,False
41,winndixie,IMG_9758.txt,2024-12-04,Body Armor Drink,1,1,56.9,56.4,76.1,0.011,10.3,1026.7,254,178,1,0.9427611433904207,-0.3334687789181868,2024-11-29,5,0.35714285714285715,0.7818314824680299,-0.6234898018587335,False,2024-12-06,2,0.14285714285714285,0.7818314824680298,0.6234898018587336,False
42,winndixie,IMG_9757.txt,2024-12-07,Old EP Taco Kit,2,1,50.7,49.1,55.7,0.0,11.4,1027.8,251,175,1,0.9242907221930933,-0.38168922026665897,2024-12-13,6,0.42857142857142855,0.43388373911755823,-0.900968867902419,False,2024-12-06,1,0.07142857142857142,0.4338837391175581,0.9009688679024191,False
43,winndixie,IMG_9757.txt,2024-12-07,Peter Pan Crnch Pe,1,1,50.7,49.1,55.7,0.0,11.4,1027.8,251,175,1,0.9242907221930933,-0.38168922026665897,2024-12-13,6,0.42857142857142855,0.43388373911755823,-0.900968867902419,False,2024-12-06,1,0.07142857142857142,0.4338837391175581,0.9009688679024191,False
44,winndixie,IMG_9757.txt,2024-12-07,smucker's Jelly,1,1,50.7,49.1,55.7,0.0,11.4,1027.8,251,175,1,0.9242907221930933,-0.38168922026665897,2024-12-13,6,0.42857142857142855,0.43388373911755823,-0.900968867902419,False,2024-12-06,1,0.07142857142857142,0.4338837391175581,0.9009688679024191,False
45,winndixie,IMG_9757.txt,2024-12-07,Chisesi Ham,1,1,50.7,49.1,55.7,0.0,11.4,1027.8,251,175,1,0.9242907221930933,-0.38168922026665897,2024-12-13,6,0.42857142857142855,0.43388373911755823,-0.900968867902419,False,2024-12-06,1,0.07142857142857142,0.4338837391175581,0.9009688679024191,False
46,winndixie,IMG_9757.txt,2024-12-07,D&W Salami,1,1,50.7,49.1,55.7,0.0,11.4,1027.8,251,175,1,0.9242907221930933,-0.38168922026665897,2024-12-13,6,0.42857142857142855,0.43388373911755823,-0.900968867902419,False,2024-12-06,1,0.07142857142857142,0.4338837391175581,0.9009688679024191,False
47,winndixie,IMG_9757.txt,2024-12-07,D&W Cheese,1,1,50.7,49.1,55.7,0.0,11.4,1027.8,251,175,1,0.9242907221930933,-0.38168922026665897,2024-12-13,6,0.42857142857142855,0.43388373911755823,-0.900968867902419,False,2024-12-06,1,0.07142857142857142,0.4338837391175581,0.9009688679024191,False
48,winndixie,IMG_9757.txt,2024-12-07,Kraft Cheese,1,1,50.7,49.1,55.7,0.0,11.4,1027.8,251,175,1,0.9242907221930933,-0.38168922026665897,2024-12-13,6,0.42857142857142855,0.43388373911755823,-0.900968867902419,False,2024-12-06,1,0.07142857142857142,0.4338837391175581,0.9009688679024191,False
49,winndixie,IMG_9756.txt,2024-12-12,CocaCola Soda,2,1,50.2,48.9,56.7,0.0,13.9,1030.9,246,170,1,0.8880573226294932,-0.45973273945210397,2024-12-13,1,0.07142857142857142,0.4338837391175581,0.9009688679024191,False,2024-12-06,6,0.42857142857142855,0.43388373911755823,-0.900968867902419,False
50,winndixie,IMG_9756.txt,2024-12-12,Fanta Soda,1,1,50.2,48.9,56.7,0.0,13.9,1030.9,246,170,1,0.8880573226294932,-0.45973273945210397,2024-12-13,1,0.07142857142857142,0.4338837391175581,0.9009688679024191,False,2024-12-06,6,0.42857142857142855,0.43388373911755823,-0.900968867902419,False
51,winndixie,IMG_9756.txt,2024-12-12,SEG Fudge Bar,1,1,50.2,48.9,56.7,0.0,13.9,1030.9,246,170,1,0.8880573226294932,-0.45973273945210397,2024-12-13,1,0.07142857142857142,0.4338837391175581,0.9009688679024191,False,2024-12-06,6,0.42857142857142855,0.43388373911755823,-0.900968867902419,False
52,winndixie,IMG_9756.txt,2024-12-12,MINI SS TONGS 2CT,1,1,50.2,48.9,56.7,0.0,13.9,1030.9,246,170,1,0.8880573226294932,-0.45973273945210397,2024-12-13,1,0.07142857142857142,0.4338837391175581,0.9009688679024191,False,2024-12-06,6,0.42857142857142855,0.43388373911755823,-0.900968867902419,False
53,winndixie,IMG_9756.txt,2024-12-12,Minute Maid Drink,1,1,50.2,48.9,56.7,0.0,13.9,1030.9,246,170,1,0.8880573226294932,-0.45973273945210397,2024-12-13,1,0.07142857142857142,0.4338837391175581,0.9009688679024191,False,2024-12-06,6,0.42857142857142855,0.43388373911755823,-0.900968867902419,False
54,winndixie,IMG_9756.txt,2024-12-12,SEG Marshmallows,1,1,50.2,48.9,56.7,0.0,13.9,1030.9,246,170,1,0.8880573226294932,-0.45973273945210397,2024-12-13,1,0.07142857142857142,0.4338837391175581,0.9009688679024191,False,2024-12-06,6,0.42857142857142855,0.43388373911755823,-0.900968867902419,False
55,winndixie,IMG_9756.txt,2024-12-12,LNF REMIX,1,1,50.2,48.9,56.7,0.0,13.9,1030.9,246,170,1,0.8880573226294932,-0.45973273945210397,2024-12-13,1,0.07142857142857142,0.4338837391175581,0.9009688679024191,False,2024-12-06,6,0.42857142857142855,0.43388373911755823,-0.900968867902419,False
56,winndixie,IMG_9756.txt,2024-12-12,SpaghettiOs Pasta,2,1,50.2,48.9,56.7,0.0,13.9,1030.9,246,170,1,0.8880573226294932,-0.45973273945210397,2024-12-13,1,0.07142857142857142,0.4338837391175581,0.9009688679024191,False,2024-12-06,6,0.42857142857142855,0.43388373911755823,-0.900968867902419,False
57,winndixie,IMG_9756.txt,2024-12-12,Arizona Tea,1,1,50.2,48.9,56.7,0.0,13.9,1030.9,246,170,1,0.8880573226294932,-0.45973273945210397,2024-12-13,1,0.07142857142857142,0.4338837391175581,0.9009688679024191,False,2024-12-06,6,0.42857142857142855,0.43388373911755823,-0.900968867902419,False
58,winndixie,IMG_9756.txt,2024-12-12,Chix Breast Tender,1,1,50.2,48.9,56.7,0.0,13.9,1030.9,246,170,1,0.8880573226294932,-0.45973273945210397,2024-12-13,1,0.07142857142857142,0.4338837391175581,0.9009688679024191,False,2024-12-06,6,0.42857142857142855,0.43388373911755823,-0.900968867902419,False
59,winndixie,IMG_9756.txt,2024-12-12,Broccoli Florets,1,1,50.2,48.9,56.7,0.0,13.9,1030.9,246,170,1,0.8880573226294932,-0.45973273945210397,2024-12-13,1,0.07142857142857142,0.4338837391175581,0.9009688679024191,False,2024-12-06,6,0.42857142857142855,0.43388373911755823,-0.900968867902419,False
60,winndixie,IMG_9756.txt,2024-12-12,SEG Canned Fruit,2,1,50.2,48.9,56.7,0.0,13.9,1030.9,246,170,1,0.8880573226294932,-0.45973273945210397,2024-12-13,1,0.07142857142857142,0.4338837391175581,0.9009688679024191,False,2024-12-06,6,0.42857142857142855,0.43388373911755823,-0.900968867902419,False
61,winndixie,IMG_9756.txt,2024-12-12,SE Grocers Peanuts,1,1,50.2,48.9,56.7,0.0,13.9,1030.9,246,170,1,0.8880573226294932,-0.45973273945210397,2024-12-13,1,0.07142857142857142,0.4338837391175581,0.9009688679024191,False,2024-12-06,6,0.42857142857142855,0.43388373911755823,-0.900968867902419,False
62,winndixie,IMG_9755.txt,2024-12-28,Wheat Thins Crackr,1,1,69.5,69.5,96.1,1.419,21.9,1012.5,230,154,1,0.7295575540864878,-0.6839194216246103,2024-12-27,1,0.07142857142857142,0.4338837391175581,0.9009688679024191,False,2025-01-03,6,0.42857142857142855,0.43388373911755823,-0.900968867902419,False
63,winndixie,IMG_9755.txt,2024-12-28,SEG Canned Fruit,1,1,69.5,69.5,96.1,1.419,21.9,1012.5,230,154,1,0.7295575540864878,-0.6839194216246103,2024-12-27,1,0.07142857142857142,0.4338837391175581,0.9009688679024191,False,2025-01-03,6,0.42857142857142855,0.43388373911755823,-0.900968867902419,False
64,winndixie,IMG_9755.txt,2024-12-28,PSF Skillet Vgtbls,1,1,69.5,69.5,96.1,1.419,21.9,1012.5,230,154,1,0.7295575540864878,-0.6839194216246103,2024-12-27,1,0.07142857142857142,0.4338837391175581,0.9009688679024191,False,2025-01-03,6,0.42857142857142855,0.43388373911755823,-0.900968867902419,False
65,winndixie,IMG_9755.txt,2024-12-28,Daisy Sour Cream,1,1,69.5,69.5,96.1,1.419,21.9,1012.5,230,154,1,0.7295575540864878,-0.6839194216246103,2024-12-27,1,0.07142857142857142,0.4338837391175581,0.9009688679024191,False,2025-01-03,6,0.42857142857142855,0.43388373911755823,-0.900968867902419,False
66,winndixie,IMG_9755.txt,2024-12-28,know & love Herb C,2,1,69.5,69.5,96.1,1.419,21.9,1012.5,230,154,1,0.7295575540864878,-0.6839194216246103,2024-12-27,1,0.07142857142857142,0.4338837391175581,0.9009688679024191,False,2025-01-03,6,0.42857142857142855,0.43388373911755823,-0.900968867902419,False
67,winndixie,IMG_9755.txt,2024-12-28,Dole Shred Lettuce,1,1,69.5,69.5,96.1,1.419,21.9,1012.5,230,154,1,0.7295575540864878,-0.6839194216246103,2024-12-27,1,0.07142857142857142,0.4338837391175581,0.9009688679024191,False,2025-01-03,6,0.42857142857142855,0.43388373911755823,-0.900968867902419,False
68,winndixie,IMG_9755.txt,2024-12-28,Ground Beef,1,1,69.5,69.5,96.1,1.419,21.9,1012.5,230,154,1,0.7295575540864878,-0.6839194216246103,2024-12-27,1,0.07142857142857142,0.4338837391175581,0.9009688679024191,False,2025-01-03,6,0.42857142857142855,0.43388373911755823,-0.900968867902419,False
69,winndixie,IMG_9755.txt,2024-12-28,London Broil,1,1,69.5,69.5,96.1,1.419,21.9,1012.5,230,154,1,0.7295575540864878,-0.6839194216246103,2024-12-27,1,0.07142857142857142,0.4338837391175581,0.9009688679024191,False,2025-01-03,6,0.42857142857142855,0.43388373911755823,-0.900968867902419,False
70,winndixie,IMG_9755.txt,2024-12-28,SEG Grape Tomatoes,1,1,69.5,69.5,96.1,1.419,21.9,1012.5,230,154,1,0.7295575540864878,-0.6839194216246103,2024-12-27,1,0.07142857142857142,0.4338837391175581,0.9009688679024191,False,2025-01-03,6,0.42857142857142855,0.43388373911755823,-0.900968867902419,False
71,winndixie,IMG_9755.txt,2024-12-28,SE Grocers Olives,1,1,69.5,69.5,96.1,1.419,21.9,1012.5,230,154,1,0.7295575540864878,-0.6839194216246103,2024-12-27,1,0.07142857142857142,0.4338837391175581,0.9009688679024191,False,2025-01-03,6,0.42857142857142855,0.43388373911755823,-0.900968867902419,False
72,winndixie,IMG_9755.txt,2024-12-28,Snuggle Sheets,1,1,69.5,69.5,96.1,1.419,21.9,1012.5,230,154,1,0.7295575540864878,-0.6839194216246103,2024-12-27,1,0.07142857142857142,0.4338837391175581,0.9009688679024191,False,2025-01-03,6,0.42857142857142855,0.43388373911755823,-0.900968867902419,False
73,winndixie,IMG_9755.txt,2024-12-28,FBRZ AIR OCEAN,1,1,69.5,69.5,96.1,1.419,21.9,1012.5,230,154,1,0.7295575540864878,-0.6839194216246103,2024-12-27,1,0.07142857142857142,0.4338837391175581,0.9009688679024191,False,2025-01-03,6,0.42857142857142855,0.43388373911755823,-0.900968867902419,False
74,winndixie,IMG_9755.txt,2024-12-28,A&H FRSH ESCP,1,1,69.5,69.5,96.1,1.419,21.9,1012.5,230,154,1,0.7295575540864878,-0.6839194216246103,2024-12-27,1,0.07142857142857142,0.4338837391175581,0.9009688679024191,False,2025-01-03,6,0.42857142857142855,0.43388373911755823,-0.900968867902419,False
75,winndixie,IMG_9755.txt,2024-12-28,Minute Maid Drinks,1,1,69.5,69.5,96.1,1.419,21.9,1012.5,230,154,1,0.7295575540864878,-0.6839194216246103,2024-12-27,1,0.07142857142857142,0.4338837391175581,0.9009688679024191,False,2025-01-03,6,0.42857142857142855,0.43388373911755823,-0.900968867902419,False
76,winndixie,IMG_9755.txt,2024-12-28,Fbrz Air Refresher,1,1,69.5,69.5,96.1,1.419,21.9,1012.5,230,154,1,0.7295575540864878,-0.6839194216246103,2024-12-27,1,0.07142857142857142,0.4338837391175581,0.9009688679024191,False,2025-01-03,6,0.42857142857142855,0.43388373911755823,-0.900968867902419,False
77,winndixie,IMG_9754.txt,2024-12-29,CocaCola Soda,6,1,60.9,60.9,86.8,0.05,12.8,1014.4,229,153,1,0.717676913675962,-0.6963762255968722,2024-12-27,2,0.14285714285714285,0.7818314824680298,0.6234898018587336,False,2025-01-03,5,0.35714285714285715,0.7818314824680299,-0.6234898018587335,False
78,winndixie,IMG_9754.txt,2024-12-29,D&W Turkey,1,1,60.9,60.9,86.8,0.05,12.8,1014.4,229,153,1,0.717676913675962,-0.6963762255968722,2024-12-27,2,0.14285714285714285,0.7818314824680298,0.6234898018587336,False,2025-01-03,5,0.35714285714285715,0.7818314824680299,-0.6234898018587335,False
79,winndixie,IMG_9754.txt,2024-12-29,Know & Love Milk,1,1,60.9,60.9,86.8,0.05,12.8,1014.4,229,153,1,0.717676913675962,-0.6963762255968722,2024-12-27,2,0.14285714285714285,0.7818314824680298,0.6234898018587336,False,2025-01-03,5,0.35714285714285715,0.7818314824680299,-0.6234898018587335,False
80,winndixie,IMG_9753.txt,2024-12-29,SE Grocers Pickles,1,1,60.9,60.9,86.8,0.05,12.8,1014.4,229,153,1,0.717676913675962,-0.6963762255968722,2024-12-27,2,0.14285714285714285,0.7818314824680298,0.6234898018587336,False,2025-01-03,5,0.35714285714285715,0.7818314824680299,-0.6234898018587335,False
81,winndixie,IMG_9753.txt,2024-12-29,D&W Salami,1,1,60.9,60.9,86.8,0.05,12.8,1014.4,229,153,1,0.717676913675962,-0.6963762255968722,2024-12-27,2,0.14285714285714285,0.7818314824680298,0.6234898018587336,False,2025-01-03,5,0.35714285714285715,0.7818314824680299,-0.6234898018587335,False
82,winndixie,IMG_9753.txt,2024-12-29,D&W Cheese,1,1,60.9,60.9,86.8,0.05,12.8,1014.4,229,153,1,0.717676913675962,-0.6963762255968722,2024-12-27,2,0.14285714285714285,0.7818314824680298,0.6234898018587336,False,2025-01-03,5,0.35714285714285715,0.7818314824680299,-0.6234898018587335,False
83,winndixie,IMG_9753.txt,2024-12-29,wr HOTLINE BY LB,1,1,60.9,60.9,86.8,0.05,12.8,1014.4,229,153,1,0.717676913675962,-0.6963762255968722,2024-12-27,2,0.14285714285714285,0.7818314824680298,0.6234898018587336,False,2025-01-03,5,0.35714285714285715,0.7818314824680299,-0.6234898018587335,False
84,winndixie,IMG_9753.txt,2024-12-29,Cheez-It Crackers,2,1,60.9,60.9,86.8,0.05,12.8,1014.4,229,153,1,0.717676913675962,-0.6963762255968722,2024-12-27,2,0.14285714285714285,0.7818314824680298,0.6234898018587336,False,2025-01-03,5,0.35714285714285715,0.7818314824680299,-0.6234898018587335,False
85,winndixie,IMG_9751.txt,2024-12-30,SEG Distilled Watr,5,1,62.0,62.0,90.1,0.0,13.9,1012.8,228,152,1,0.705583610107178,-0.7086266782644596,2024-12-27,3,0.21428571428571427,0.9749279121818236,0.22252093395631445,False,2025-01-03,4,0.2857142857142857,0.9749279121818236,-0.22252093395631434,False
86,winndixie,IMG_9752.txt,2024-12-30,Tostitos Trtl Chps,2,1,62.0,62.0,90.1,0.0,13.9,1012.8,228,152,1,0.705583610107178,-0.7086266782644596,2024-12-27,3,0.21428571428571427,0.9749279121818236,0.22252093395631445,False,2025-01-03,4,0.2857142857142857,0.9749279121818236,-0.22252093395631434,False
87,winndixie,IMG_9752.txt,2024-12-30,Fanta Soda,1,1,62.0,62.0,90.1,0.0,13.9,1012.8,228,152,1,0.705583610107178,-0.7086266782644596,2024-12-27,3,0.21428571428571427,0.9749279121818236,0.22252093395631445,False,2025-01-03,4,0.2857142857142857,0.9749279121818236,-0.22252093395631434,False
88,winndixie,IMG_9752.txt,2024-12-30,DR PEPPER 12PK,1,1,62.0,62.0,90.1,0.0,13.9,1012.8,228,152,1,0.705583610107178,-0.7086266782644596,2024-12-27,3,0.21428571428571427,0.9749279121818236,0.22252093395631445,False,2025-01-03,4,0.2857142857142857,0.9749279121818236,-0.22252093395631434,False
89,winndixie,IMG_9752.txt,2024-12-30,Minute Maid Lmnade,1,1,62.0,62.0,90.1,0.0,13.9,1012.8,228,152,1,0.705583610107178,-0.7086266782644596,2024-12-27,3,0.21428571428571427,0.9749279121818236,0.22252093395631445,False,2025-01-03,4,0.2857142857142857,0.9749279121818236,-0.22252093395631434,False
90,winndixie,IMG_9752.txt,2024-12-30,SEG Orange Cream,1,1,62.0,62.0,90.1,0.0,13.9,1012.8,228,152,1,0.705583610107178,-0.7086266782644596,2024-12-27,3,0.21428571428571427,0.9749279121818236,0.22252093395631445,False,2025-01-03,4,0.2857142857142857,0.9749279121818236,-0.22252093395631434,False
91,winndixie,IMG_9752.txt,2024-12-30,SpaghettiOs Pasta,1,1,62.0,62.0,90.1,0.0,13.9,1012.8,228,152,1,0.705583610107178,-0.7086266782644596,2024-12-27,3,0.21428571428571427,0.9749279121818236,0.22252093395631445,False,2025-01-03,4,0.2857142857142857,0.9749279121818236,-0.22252093395631434,False
92,winndixie,IMG_9752.txt,2024-12-30,SpaghettiOs Pasta,1,1,62.0,62.0,90.1,0.0,13.9,1012.8,228,152,1,0.705583610107178,-0.7086266782644596,2024-12-27,3,0.21428571428571427,0.9749279121818236,0.22252093395631445,False,2025-01-03,4,0.2857142857142857,0.9749279121818236,-0.22252093395631434,False
93,winndixie,IMG_9752.txt,2024-12-30,ON THE BORDER DIP,1,1,62.0,62.0,90.1,0.0,13.9,1012.8,228,152,1,0.705583610107178,-0.7086266782644596,2024-12-27,3,0.21428571428571427,0.9749279121818236,0.22252093395631445,False,2025-01-03,4,0.2857142857142857,0.9749279121818236,-0.22252093395631434,False
94,winndixie,IMG_9752.txt,2024-12-30,Master of Mixes Mx,1,1,62.0,62.0,90.1,0.0,13.9,1012.8,228,152,1,0.705583610107178,-0.7086266782644596,2024-12-27,3,0.21428571428571427,0.9749279121818236,0.22252093395631445,False,2025-01-03,4,0.2857142857142857,0.9749279121818236,-0.22252093395631434,False
95,winndixie,IMG_9752.txt,2024-12-30,SE Grocers Buns,2,1,62.0,62.0,90.1,0.0,13.9,1012.8,228,152,1,0.705583610107178,-0.7086266782644596,2024-12-27,3,0.21428571428571427,0.9749279121818236,0.22252093395631445,False,2025-01-03,4,0.2857142857142857,0.9749279121818236,-0.22252093395631434,False
96,winndixie,IMG_9752.txt,2024-12-30,Ground Beef,1,1,62.0,62.0,90.1,0.0,13.9,1012.8,228,152,1,0.705583610107178,-0.7086266782644596,2024-12-27,3,0.21428571428571427,0.9749279121818236,0.22252093395631445,False,2025-01-03,4,0.2857142857142857,0.9749279121818236,-0.22252093395631434,False
97,winndixie,IMG_9750.txt,2025-01-01,Bunny Bread,1,1,55.0,54.8,59.8,0.0,13.9,1024.2,226,150,1,0.6807734094770165,-0.7324940716135786,2024-12-27,5,0.35714285714285715,0.7818314824680299,-0.6234898018587335,False,2025-01-03,2,0.14285714285714285,0.7818314824680298,0.6234898018587336,False
98,winndixie,IMG_9750.txt,2025-01-01,Coca Cola,1,1,55.0,54.8,59.8,0.0,13.9,1024.2,226,150,1,0.6807734094770165,-0.7324940716135786,2024-12-27,5,0.35714285714285715,0.7818314824680299,-0.6234898018587335,False,2025-01-03,2,0.14285714285714285,0.7818314824680298,0.6234898018587336,False
99,winndixie,IMG_9750.txt,2025-01-01,Daisy French Onion,1,1,55.0,54.8,59.8,0.0,13.9,1024.2,226,150,1,0.6807734094770165,-0.7324940716135786,2024-12-27,5,0.35714285714285715,0.7818314824680299,-0.6234898018587335,False,2025-01-03,2,0.14285714285714285,0.7818314824680298,0.6234898018587336,False
100,winndixie,IMG_9750.txt,2025-01-01,Assume it's Butter,1,1,55.0,54.8,59.8,0.0,13.9,1024.2,226,150,1,0.6807734094770165,-0.7324940716135786,2024-12-27,5,0.35714285714285715,0.7818314824680299,-0.6234898018587335,False,2025-01-03,2,0.14285714285714285,0.7818314824680298,0.6234898018587336,False
101,winndixie,IMG_9750.txt,2025-01-01,K&L Canned Veggie,1,1,55.0,54.8,59.8,0.0,13.9,1024.2,226,150,1,0.6807734094770165,-0.7324940716135786,2024-12-27,5,0.35714285714285715,0.7818314824680299,-0.6234898018587335,False,2025-01-03,2,0.14285714285714285,0.7818314824680298,0.6234898018587336,False
102,winndixie,IMG_9750.txt,2025-01-01,Knorr Rice Sides,1,1,55.0,54.8,59.8,0.0,13.9,1024.2,226,150,1,0.6807734094770165,-0.7324940716135786,2024-12-27,5,0.35714285714285715,0.7818314824680299,-0.6234898018587335,False,2025-01-03,2,0.14285714285714285,0.7818314824680298,0.6234898018587336,False
103,winndixie,IMG_9750.txt,2025-01-01,Edwards Pies,1,1,55.0,54.8,59.8,0.0,13.9,1024.2,226,150,1,0.6807734094770165,-0.7324940716135786,2024-12-27,5,0.35714285714285715,0.7818314824680299,-0.6234898018587335,False,2025-01-03,2,0.14285714285714285,0.7818314824680298,0.6234898018587336,False
104,winndixie,IMG_9750.txt,2025-01-01,K&L CF EGG DZN,1,1,55.0,54.8,59.8,0.0,13.9,1024.2,226,150,1,0.6807734094770165,-0.7324940716135786,2024-12-27,5,0.35714285714285715,0.7818314824680299,-0.6234898018587335,False,2025-01-03,2,0.14285714285714285,0.7818314824680298,0.6234898018587336,False
105,winndixie,IMG_9750.txt,2025-01-01,WD 10PC DARK,1,1,55.0,54.8,59.8,0.0,13.9,1024.2,226,150,1,0.6807734094770165,-0.7324940716135786,2024-12-27,5,0.35714285714285715,0.7818314824680299,-0.6234898018587335,False,2025-01-03,2,0.14285714285714285,0.7818314824680298,0.6234898018587336,False
106,winndixie,IMG_9749.txt,2025-01-10,Lttl Debbie Donuts,1,1,48.1,44.7,92.9,1.012,25.2,1012.3,217,141,1,0.5595892624101769,-0.8287700871745035,2025-01-10,0,0.0,0.0,1.0,True,2025-01-03,7,0.5,1.2246467991473532e-16,-1.0,False
107,winndixie,IMG_9749.txt,2025-01-10,Chips Ahoy Cookies,1,1,48.1,44.7,92.9,1.012,25.2,1012.3,217,141,1,0.5595892624101769,-0.8287700871745035,2025-01-10,0,0.0,0.0,1.0,True,2025-01-03,7,0.5,1.2246467991473532e-16,-1.0,False
108,winndixie,IMG_9749.txt,2025-01-10,OREO GLDN FRSH STK,1,1,48.1,44.7,92.9,1.012,25.2,1012.3,217,141,1,0.5595892624101769,-0.8287700871745035,2025-01-10,0,0.0,0.0,1.0,True,2025-01-03,7,0.5,1.2246467991473532e-16,-1.0,False
109,winndixie,IMG_9749.txt,2025-01-10,Snack Pack Pudding,1,1,48.1,44.7,92.9,1.012,25.2,1012.3,217,141,1,0.5595892624101769,-0.8287700871745035,2025-01-10,0,0.0,0.0,1.0,True,2025-01-03,7,0.5,1.2246467991473532e-16,-1.0,False
110,winndixie,IMG_9749.txt,2025-01-10,Kraft Mac & Cheese,1,1,48.1,44.7,92.9,1.012,25.2,1012.3,217,141,1,0.5595892624101769,-0.8287700871745035,2025-01-10,0,0.0,0.0,1.0,True,2025-01-03,7,0.5,1.2246467991473532e-16,-1.0,False
111,winndixie,IMG_9749.txt,2025-01-10,BlueBonnet Margrne,1,1,48.1,44.7,92.9,1.012,25.2,1012.3,217,141,1,0.5595892624101769,-0.8287700871745035,2025-01-10,0,0.0,0.0,1.0,True,2025-01-03,7,0.5,1.2246467991473532e-16,-1.0,False
112,winndixie,IMG_9749.txt,2025-01-10,Oui Yogurt,2,1,48.1,44.7,92.9,1.012,25.2,1012.3,217,141,1,0.5595892624101769,-0.8287700871745035,2025-01-10,0,0.0,0.0,1.0,True,2025-01-03,7,0.5,1.2246467991473532e-16,-1.0,False
113,winndixie,IMG_9749.txt,2025-01-10,OP PRODUCE DEPT KEY,1,1,48.1,44.7,92.9,1.012,25.2,1012.3,217,141,1,0.5595892624101769,-0.8287700871745035,2025-01-10,0,0.0,0.0,1.0,True,2025-01-03,7,0.5,1.2246467991473532e-16,-1.0,False
114,winndixie,IMG_9749.txt,2025-01-10,Coffee Mate Creamr,1,1,48.1,44.7,92.9,1.012,25.2,1012.3,217,141,1,0.5595892624101769,-0.8287700871745035,2025-01-10,0,0.0,0.0,1.0,True,2025-01-03,7,0.5,1.2246467991473532e-16,-1.0,False
115,winndixie,IMG_9749.txt,2025-01-10,Know & Love Milk,1,1,48.1,44.7,92.9,1.012,25.2,1012.3,217,141,1,0.5595892624101769,-0.8287700871745035,2025-01-10,0,0.0,0.0,1.0,True,2025-01-03,7,0.5,1.2246467991473532e-16,-1.0,False
116,winndixie,IMG_9749.txt,2025-01-10,wr Sweet Potatoes,1,1,48.1,44.7,92.9,1.012,25.2,1012.3,217,141,1,0.5595892624101769,-0.8287700871745035,2025-01-10,0,0.0,0.0,1.0,True,2025-01-03,7,0.5,1.2246467991473532e-16,-1.0,False
117,winndixie,IMG_9749.txt,2025-01-10,Wr Russet Potato,1,1,48.1,44.7,92.9,1.012,25.2,1012.3,217,141,1,0.5595892624101769,-0.8287700871745035,2025-01-10,0,0.0,0.0,1.0,True,2025-01-03,7,0.5,1.2246467991473532e-16,-1.0,False
118,winndixie,IMG_9748.txt,2025-01-13,Glico Bscuit Stick,1,1,54.0,53.1,83.9,0.545,18.3,1022.0,214,138,1,0.5160623910158528,-0.8565509959010036,2025-01-10,3,0.21428571428571427,0.9749279121818236,0.22252093395631445,False,2025-01-17,4,0.2857142857142857,0.9749279121818236,-0.22252093395631434,False
119,winndixie,IMG_9748.txt,2025-01-13,Annie Chun's Bowl,1,1,54.0,53.1,83.9,0.545,18.3,1022.0,214,138,1,0.5160623910158528,-0.8565509959010036,2025-01-10,3,0.21428571428571427,0.9749279121818236,0.22252093395631445,False,2025-01-17,4,0.2857142857142857,0.9749279121818236,-0.22252093395631434,False
120,winndixie,IMG_9748.txt,2025-01-13,SEG Orange Cream,1,1,54.0,53.1,83.9,0.545,18.3,1022.0,214,138,1,0.5160623910158528,-0.8565509959010036,2025-01-10,3,0.21428571428571427,0.9749279121818236,0.22252093395631445,False,2025-01-17,4,0.2857142857142857,0.9749279121818236,-0.22252093395631434,False
121,winndixie,IMG_9748.txt,2025-01-13,CELSIUS SPKLNG KIW,1,1,54.0,53.1,83.9,0.545,18.3,1022.0,214,138,1,0.5160623910158528,-0.8565509959010036,2025-01-10,3,0.21428571428571427,0.9749279121818236,0.22252093395631445,False,2025-01-17,4,0.2857142857142857,0.9749279121818236,-0.22252093395631434,False
122,winndixie,IMG_9748.txt,2025-01-13,Twix Cookie Bars,1,1,54.0,53.1,83.9,0.545,18.3,1022.0,214,138,1,0.5160623910158528,-0.8565509959010036,2025-01-10,3,0.21428571428571427,0.9749279121818236,0.22252093395631445,False,2025-01-17,4,0.2857142857142857,0.9749279121818236,-0.22252093395631434,False
123,winndixie,IMG_9747.txt,2025-01-14,Know & Love Milk,1,1,48.3,45.5,61.9,0.0,12.8,1029.4,213,137,1,0.5012418134457758,-0.865307254363206,2025-01-10,4,0.2857142857142857,0.9749279121818236,-0.22252093395631434,False,2025-01-17,3,0.21428571428571427,0.9749279121818236,0.22252093395631445,False
124,winndixie,IMG_9746.txt,2025-01-16,Tastykake Pastries,1,1,53.8,53.2,63.6,0.113,8.1,1026.3,211,135,1,0.47115950767386416,-0.8820480249558534,2025-01-10,6,0.42857142857142855,0.43388373911755823,-0.900968867902419,False,2025-01-17,1,0.07142857142857142,0.4338837391175581,0.9009688679024191,False
125,winndixie,IMG_9746.txt,2025-01-16,Campbell's Soup,2,1,53.8,53.2,63.6,0.113,8.1,1026.3,211,135,1,0.47115950767386416,-0.8820480249558534,2025-01-10,6,0.42857142857142855,0.43388373911755823,-0.900968867902419,False,2025-01-17,1,0.07142857142857142,0.4338837391175581,0.9009688679024191,False
126,winndixie,IMG_9746.txt,2025-01-16,Kraft Cheese,1,1,53.8,53.2,63.6,0.113,8.1,1026.3,211,135,1,0.47115950767386416,-0.8820480249558534,2025-01-10,6,0.42857142857142855,0.43388373911755823,-0.900968867902419,False,2025-01-17,1,0.07142857142857142,0.4338837391175581,0.9009688679024191,False
127,winndixie,IMG_9746.txt,2025-01-16,Gevalia Kaffe Kcup,1,1,53.8,53.2,63.6,0.113,8.1,1026.3,211,135,1,0.47115950767386416,-0.8820480249558534,2025-01-10,6,0.42857142857142855,0.43388373911755823,-0.900968867902419,False,2025-01-17,1,0.07142857142857142,0.4338837391175581,0.9009688679024191,False
128,winndixie,IMG_9746.txt,2025-01-16,Top Care Nitetime,2,1,53.8,53.2,63.6,0.113,8.1,1026.3,211,135,1,0.47115950767386416,-0.8820480249558534,2025-01-10,6,0.42857142857142855,0.43388373911755823,-0.900968867902419,False,2025-01-17,1,0.07142857142857142,0.4338837391175581,0.9009688679024191,False
129,winndixie,IMG_9746.txt,2025-01-16,Kleinpeter Milk,1,1,53.8,53.2,63.6,0.113,8.1,1026.3,211,135,1,0.47115950767386416,-0.8820480249558534,2025-01-10,6,0.42857142857142855,0.43388373911755823,-0.900968867902419,False,2025-01-17,1,0.07142857142857142,0.4338837391175581,0.9009688679024191,False
130,winndixie,IMG_9746.txt,2025-01-16,CocaCola Soda,4,1,53.8,53.2,63.6,0.113,8.1,1026.3,211,135,1,0.47115950767386416,-0.8820480249558534,2025-01-10,6,0.42857142857142855,0.43388373911755823,-0.900968867902419,False,2025-01-17,1,0.07142857142857142,0.4338837391175581,0.9009688679024191,False
131,winndixie,IMG_9746.txt,2025-01-16,Sprite Soda,1,1,53.8,53.2,63.6,0.113,8.1,1026.3,211,135,1,0.47115950767386416,-0.8820480249558534,2025-01-10,6,0.42857142857142855,0.43388373911755823,-0.900968867902419,False,2025-01-17,1,0.07142857142857142,0.4338837391175581,0.9009688679024191,False
132,winndixie,IMG_9746.txt,2025-01-16,DR PEPPER 12PK,1,1,53.8,53.2,63.6,0.113,8.1,1026.3,211,135,1,0.47115950767386416,-0.8820480249558534,2025-01-10,6,0.42857142857142855,0.43388373911755823,-0.900968867902419,False,2025-01-17,1,0.07142857142857142,0.4338837391175581,0.9009688679024191,False
133,winndixie,IMG_9745.txt,2025-01-23,SE Grocers Cheese,1,1,34.6,32.9,71.1,0.0,6.9,1030.1,204,128,1,0.36171373072976765,-0.9322892131745133,2025-01-24,1,0.07142857142857142,0.4338837391175581,0.9009688679024191,False,2025-01-17,6,0.42857142857142855,0.43388373911755823,-0.900968867902419,False
134,winndixie,IMG_9745.txt,2025-01-23,Assume it's Butter,2,1,34.6,32.9,71.1,0.0,6.9,1030.1,204,128,1,0.36171373072976765,-0.9322892131745133,2025-01-24,1,0.07142857142857142,0.4338837391175581,0.9009688679024191,False,2025-01-17,6,0.42857142857142855,0.43388373911755823,-0.900968867902419,False
135,winndixie,IMG_9745.txt,2025-01-23,OIKOS REMIX,1,1,34.6,32.9,71.1,0.0,6.9,1030.1,204,128,1,0.36171373072976765,-0.9322892131745133,2025-01-24,1,0.07142857142857142,0.4338837391175581,0.9009688679024191,False,2025-01-17,6,0.42857142857142855,0.43388373911755823,-0.900968867902419,False
136,winndixie,IMG_9745.txt,2025-01-23,Noosa Yogurt,1,1,34.6,32.9,71.1,0.0,6.9,1030.1,204,128,1,0.36171373072976765,-0.9322892131745133,2025-01-24,1,0.07142857142857142,0.4338837391175581,0.9009688679024191,False,2025-01-17,6,0.42857142857142855,0.43388373911755823,-0.900968867902419,False
137,winndixie,IMG_9745.txt,2025-01-23,Fairlife Milk,1,1,34.6,32.9,71.1,0.0,6.9,1030.1,204,128,1,0.36171373072976765,-0.9322892131745133,2025-01-24,1,0.07142857142857142,0.4338837391175581,0.9009688679024191,False,2025-01-17,6,0.42857142857142855,0.43388373911755823,-0.900968867902419,False
138,winndixie,IMG_9745.txt,2025-01-23,Nissin Noodle Soup,2,1,34.6,32.9,71.1,0.0,6.9,1030.1,204,128,1,0.36171373072976765,-0.9322892131745133,2025-01-24,1,0.07142857142857142,0.4338837391175581,0.9009688679024191,False,2025-01-17,6,0.42857142857142855,0.43388373911755823,-0.900968867902419,False
139,winndixie,IMG_9745.txt,2025-01-23,Betty Crcekr Potato,1,1,34.6,32.9,71.1,0.0,6.9,1030.1,204,128,1,0.36171373072976765,-0.9322892131745133,2025-01-24,1,0.07142857142857142,0.4338837391175581,0.9009688679024191,False,2025-01-17,6,0.42857142857142855,0.43388373911755823,-0.900968867902419,False
140,winndixie,IMG_9745.txt,2025-01-23,SEG Canned Fruit,1,1,34.6,32.9,71.1,0.0,6.9,1030.1,204,128,1,0.36171373072976765,-0.9322892131745133,2025-01-24,1,0.07142857142857142,0.4338837391175581,0.9009688679024191,False,2025-01-17,6,0.42857142857142855,0.43388373911755823,-0.900968867902419,False
141,winndixie,IMG_9745.txt,2025-01-23,Glico Bscuit Stick,1,1,34.6,32.9,71.1,0.0,6.9,1030.1,204,128,1,0.36171373072976765,-0.9322892131745133,2025-01-24,1,0.07142857142857142,0.4338837391175581,0.9009688679024191,False,2025-01-17,6,0.42857142857142855,0.43388373911755823,-0.900968867902419,False
142,winndixie,IMG_9745.txt,2025-01-23,MONSTER ULTRA FANT,2,1,34.6,32.9,71.1,0.0,6.9,1030.1,204,128,1,0.36171373072976765,-0.9322892131745133,2025-01-24,1,0.07142857142857142,0.4338837391175581,0.9009688679024191,False,2025-01-17,6,0.42857142857142855,0.43388373911755823,-0.900968867902419,False
143,winndixie,IMG_9745.txt,2025-01-23,SEG Cutlery,1,1,34.6,32.9,71.1,0.0,6.9,1030.1,204,128,1,0.36171373072976765,-0.9322892131745133,2025-01-24,1,0.07142857142857142,0.4338837391175581,0.9009688679024191,False,2025-01-17,6,0.42857142857142855,0.43388373911755823,-0.900968867902419,False
144,winndixie,IMG_9744.txt,2025-01-27,Hugbi Pies,2,1,59.5,59.5,91.8,0.0,11.4,1021.6,200,124,1,0.2967128192734903,-0.9549667548552552,2025-01-24,3,0.21428571428571427,0.9749279121818236,0.22252093395631445,False,2025-01-31,4,0.2857142857142857,0.9749279121818236,-0.22252093395631434,False
145,winndixie,IMG_9744.txt,2025-01-27,Know & Love Milk,1,1,59.5,59.5,91.8,0.0,11.4,1021.6,200,124,1,0.2967128192734903,-0.9549667548552552,2025-01-24,3,0.21428571428571427,0.9749279121818236,0.22252093395631445,False,2025-01-31,4,0.2857142857142857,0.9749279121818236,-0.22252093395631434,False
146,winndixie,IMG_9744.txt,2025-01-27,SE Grocers Bread,1,1,59.5,59.5,91.8,0.0,11.4,1021.6,200,124,1,0.2967128192734903,-0.9549667548552552,2025-01-24,3,0.21428571428571427,0.9749279121818236,0.22252093395631445,False,2025-01-31,4,0.2857142857142857,0.9749279121818236,-0.22252093395631434,False
147,winndixie,IMG_9744.txt,2025-01-27,DR PEPPER 12PK,1,1,59.5,59.5,91.8,0.0,11.4,1021.6,200,124,1,0.2967128192734903,-0.9549667548552552,2025-01-24,3,0.21428571428571427,0.9749279121818236,0.22252093395631445,False,2025-01-31,4,0.2857142857142857,0.9749279121818236,-0.22252093395631434,False
148,winndixie,IMG_9744.txt,2025-01-27,Fanta Soda,1,1,59.5,59.5,91.8,0.0,11.4,1021.6,200,124,1,0.2967128192734903,-0.9549667548552552,2025-01-24,3,0.21428571428571427,0.9749279121818236,0.22252093395631445,False,2025-01-31,4,0.2857142857142857,0.9749279121818236,-0.22252093395631434,False
149,winndixie,IMG_9744.txt,2025-01-27,CocaCola Soda,2,1,59.5,59.5,91.8,0.0,11.4,1021.6,200,124,1,0.2967128192734903,-0.9549667548552552,2025-01-24,3,0.21428571428571427,0.9749279121818236,0.22252093395631445,False,2025-01-31,4,0.2857142857142857,0.9749279121818236,-0.22252093395631434,False
150,winndixie,IMG_9743.txt,2025-01-28,SEG BOIL-N-BAG,1,1,52.9,52.2,87.6,0.0,6.9,1021.6,199,123,1,0.2802306751992163,-0.9599326896597445,2025-01-24,4,0.2857142857142857,0.9749279121818236,-0.22252093395631434,False,2025-01-31,3,0.21428571428571427,0.9749279121818236,0.22252093395631445,False
151,winndixie,IMG_9743.txt,2025-01-28,Mission Tortillas,1,1,52.9,52.2,87.6,0.0,6.9,1021.6,199,123,1,0.2802306751992163,-0.9599326896597445,2025-01-24,4,0.2857142857142857,0.9749279121818236,-0.22252093395631434,False,2025-01-31,3,0.21428571428571427,0.9749279121818236,0.22252093395631445,False
152,winndixie,IMG_9743.txt,2025-01-28,wr Jumbo Yellow Onion,1,1,52.9,52.2,87.6,0.0,6.9,1021.6,199,123,1,0.2802306751992163,-0.9599326896597445,2025-01-24,4,0.2857142857142857,0.9749279121818236,-0.22252093395631434,False,2025-01-31,3,0.21428571428571427,0.9749279121818236,0.22252093395631445,False
153,winndixie,IMG_9742.txt,2025-01-29,Hubba Bubba Gum,1,1,60.8,60.8,81.7,0.0,15.0,1020.2,198,122,1,0.2636654927280075,-0.9646141756912434,2025-01-24,5,0.35714285714285715,0.7818314824680299,-0.6234898018587335,False,2025-01-31,2,0.14285714285714285,0.7818314824680298,0.6234898018587336,False
154,winndixie,IMG_9742.txt,2025-01-29,Edwards Pies,1,1,60.8,60.8,81.7,0.0,15.0,1020.2,198,122,1,0.2636654927280075,-0.9646141756912434,2025-01-24,5,0.35714285714285715,0.7818314824680299,-0.6234898018587335,False,2025-01-31,2,0.14285714285714285,0.7818314824680298,0.6234898018587336,False
155,winndixie,IMG_9742.txt,2025-01-29,Jimmy Dean Sausage,1,1,60.8,60.8,81.7,0.0,15.0,1020.2,198,122,1,0.2636654927280075,-0.9646141756912434,2025-01-24,5,0.35714285714285715,0.7818314824680299,-0.6234898018587335,False,2025-01-31,2,0.14285714285714285,0.7818314824680298,0.6234898018587336,False
156,winndixie,IMG_9742.txt,2025-01-29,Dewafelbakkr Pncks,1,1,60.8,60.8,81.7,0.0,15.0,1020.2,198,122,1,0.2636654927280075,-0.9646141756912434,2025-01-24,5,0.35714285714285715,0.7818314824680299,-0.6234898018587335,False,2025-01-31,2,0.14285714285714285,0.7818314824680298,0.6234898018587336,False
157,winndixie,IMG_9742.txt,2025-01-29,QoTY 3 CocaCola Soda,1,1,60.8,60.8,81.7,0.0,15.0,1020.2,198,122,1,0.2636654927280075,-0.9646141756912434,2025-01-24,5,0.35714285714285715,0.7818314824680299,-0.6234898018587335,False,2025-01-31,2,0.14285714285714285,0.7818314824680298,0.6234898018587336,False
158,winndixie,IMG_9742.txt,2025-01-29,. Sparkling Ice Wtr,3,1,60.8,60.8,81.7,0.0,15.0,1020.2,198,122,1,0.2636654927280075,-0.9646141756912434,2025-01-24,5,0.35714285714285715,0.7818314824680299,-0.6234898018587335,False,2025-01-31,2,0.14285714285714285,0.7818314824680298,0.6234898018587336,False
159,winndixie,IMG_9742.txt,2025-01-29,Sparkling Ice Wtr,2,1,60.8,60.8,81.7,0.0,15.0,1020.2,198,122,1,0.2636654927280075,-0.9646141756912434,2025-01-24,5,0.35714285714285715,0.7818314824680299,-0.6234898018587335,False,2025-01-31,2,0.14285714285714285,0.7818314824680298,0.6234898018587336,False
160,winndixie,IMG_9742.txt,2025-01-29,Sparkling Ice Wtr,2,1,60.8,60.8,81.7,0.0,15.0,1020.2,198,122,1,0.2636654927280075,-0.9646141756912434,2025-01-24,5,0.35714285714285715,0.7818314824680299,-0.6234898018587335,False,2025-01-31,2,0.14285714285714285,0.7818314824680298,0.6234898018587336,False
161,winndixie,IMG_9742.txt,2025-01-29,Sparkling Ice Wtr,1,1,60.8,60.8,81.7,0.0,15.0,1020.2,198,122,1,0.2636654927280075,-0.9646141756912434,2025-01-24,5,0.35714285714285715,0.7818314824680299,-0.6234898018587335,False,2025-01-31,2,0.14285714285714285,0.7818314824680298,0.6234898018587336,False
162,winndixie,IMG_9741.txt,2025-02-03,Cheetos,2,1,64.7,64.7,86.8,0.0,12.7,1021.0,193,117,1,0.1797665857255624,-0.9837092937736097,2025-02-07,4,0.2857142857142857,0.9749279121818236,-0.22252093395631434,False,2025-01-31,3,0.21428571428571427,0.9749279121818236,0.22252093395631445,False
163,winndixie,IMG_9741.txt,2025-02-03,DOLE SLCD STRWBRY,1,1,64.7,64.7,86.8,0.0,12.7,1021.0,193,117,1,0.1797665857255624,-0.9837092937736097,2025-02-07,4,0.2857142857142857,0.9749279121818236,-0.22252093395631434,False,2025-01-31,3,0.21428571428571427,0.9749279121818236,0.22252093395631445,False
164,winndixie,IMG_9741.txt,2025-02-03,Doritos Trtlla Chp,1,1,64.7,64.7,86.8,0.0,12.7,1021.0,193,117,1,0.1797665857255624,-0.9837092937736097,2025-02-07,4,0.2857142857142857,0.9749279121818236,-0.22252093395631434,False,2025-01-31,3,0.21428571428571427,0.9749279121818236,0.22252093395631445,False
165,winndixie,IMG_9741.txt,2025-02-03,SEG HBSC ELDRBRY,1,1,64.7,64.7,86.8,0.0,12.7,1021.0,193,117,1,0.1797665857255624,-0.9837092937736097,2025-02-07,4,0.2857142857142857,0.9749279121818236,-0.22252093395631434,False,2025-01-31,3,0.21428571428571427,0.9749279121818236,0.22252093395631445,False
166,winndixie,IMG_9741.txt,2025-02-03,SunMaid Raisins,1,1,64.7,64.7,86.8,0.0,12.7,1021.0,193,117,1,0.1797665857255624,-0.9837092937736097,2025-02-07,4,0.2857142857142857,0.9749279121818236,-0.22252093395631434,False,2025-01-31,3,0.21428571428571427,0.9749279121818236,0.22252093395631445,False
167,winndixie,IMG_9741.txt,2025-02-03,Gortons Fsh Fillet,1,1,64.7,64.7,86.8,0.0,12.7,1021.0,193,117,1,0.1797665857255624,-0.9837092937736097,2025-02-07,4,0.2857142857142857,0.9749279121818236,-0.22252093395631434,False,2025-01-31,3,0.21428571428571427,0.9749279121818236,0.22252093395631445,False
168,winndixie,IMG_9741.txt,2025-02-03,Sparkling Ice Wtr,1,1,64.7,64.7,86.8,0.0,12.7,1021.0,193,117,1,0.1797665857255624,-0.9837092937736097,2025-02-07,4,0.2857142857142857,0.9749279121818236,-0.22252093395631434,False,2025-01-31,3,0.21428571428571427,0.9749279121818236,0.22252093395631445,False
169,winndixie,IMG_9741.txt,2025-02-03,CC Sparkling Water,2,1,64.7,64.7,86.8,0.0,12.7,1021.0,193,117,1,0.1797665857255624,-0.9837092937736097,2025-02-07,4,0.2857142857142857,0.9749279121818236,-0.22252093395631434,False,2025-01-31,3,0.21428571428571427,0.9749279121818236,0.22252093395631445,False
170,winndixie,IMG_9741.txt,2025-02-03,Goya Milk,1,1,64.7,64.7,86.8,0.0,12.7,1021.0,193,117,1,0.1797665857255624,-0.9837092937736097,2025-02-07,4,0.2857142857142857,0.9749279121818236,-0.22252093395631434,False,2025-01-31,3,0.21428571428571427,0.9749279121818236,0.22252093395631445,False
171,winndixie,IMG_9741.txt,2025-02-03,SE Grocers Juice,1,1,64.7,64.7,86.8,0.0,12.7,1021.0,193,117,1,0.1797665857255624,-0.9837092937736097,2025-02-07,4,0.2857142857142857,0.9749279121818236,-0.22252093395631434,False,2025-01-31,3,0.21428571428571427,0.9749279121818236,0.22252093395631445,False
172,winndixie,IMG_9741.txt,2025-02-03,SEG 100% Juice,1,1,64.7,64.7,86.8,0.0,12.7,1021.0,193,117,1,0.1797665857255624,-0.9837092937736097,2025-02-07,4,0.2857142857142857,0.9749279121818236,-0.22252093395631434,False,2025-01-31,3,0.21428571428571427,0.9749279121818236,0.22252093395631445,False
173,winndixie,IMG_9740.txt,2025-02-08,Topcare Acid Rdcr+,1,1,73.8,74.4,84.5,0.0,17.2,1018.7,188,112,1,0.09453674981719956,-0.9955213724144752,2025-02-07,1,0.07142857142857142,0.4338837391175581,0.9009688679024191,False,2025-02-14,6,0.42857142857142855,0.43388373911755823,-0.900968867902419,False
174,winndixie,IMG_9740.txt,2025-02-08,Rght Grd Ddrnt,1,1,73.8,74.4,84.5,0.0,17.2,1018.7,188,112,1,0.09453674981719956,-0.9955213724144752,2025-02-07,1,0.07142857142857142,0.4338837391175581,0.9009688679024191,False,2025-02-14,6,0.42857142857142855,0.43388373911755823,-0.900968867902419,False
175,winndixie,IMG_9740.txt,2025-02-08,Arrid Deodorant,1,1,73.8,74.4,84.5,0.0,17.2,1018.7,188,112,1,0.09453674981719956,-0.9955213724144752,2025-02-07,1,0.07142857142857142,0.4338837391175581,0.9009688679024191,False,2025-02-14,6,0.42857142857142855,0.43388373911755823,-0.900968867902419,False
176,winndixie,IMG_9739.txt,2025-02-08,Bunny Bread,1,1,73.8,74.4,84.5,0.0,17.2,1018.7,188,112,1,0.09453674981719956,-0.9955213724144752,2025-02-07,1,0.07142857142857142,0.4338837391175581,0.9009688679024191,False,2025-02-14,6,0.42857142857142855,0.43388373911755823,-0.900968867902419,False
177,winndixie,IMG_9739.txt,2025-02-08,. Hugbi Pies,3,1,73.8,74.4,84.5,0.0,17.2,1018.7,188,112,1,0.09453674981719956,-0.9955213724144752,2025-02-07,1,0.07142857142857142,0.4338837391175581,0.9009688679024191,False,2025-02-14,6,0.42857142857142855,0.43388373911755823,-0.900968867902419,False
178,winndixie,IMG_9739.txt,2025-02-08,Hershey's Syrup,1,1,73.8,74.4,84.5,0.0,17.2,1018.7,188,112,1,0.09453674981719956,-0.9955213724144752,2025-02-07,1,0.07142857142857142,0.4338837391175581,0.9009688679024191,False,2025-02-14,6,0.42857142857142855,0.43388373911755823,-0.900968867902419,False
179,winndixie,IMG_9739.txt,2025-02-08,Kleinpeter Milk,1,1,73.8,74.4,84.5,0.0,17.2,1018.7,188,112,1,0.09453674981719956,-0.9955213724144752,2025-02-07,1,0.07142857142857142,0.4338837391175581,0.9009688679024191,False,2025-02-14,6,0.42857142857142855,0.43388373911755823,-0.900968867902419,False
180,winndixie,IMG_9738.txt,2025-02-11,Turkey Creek Snack,1,1,72.4,72.7,85.9,0.126,15.0,1014.4,185,109,1,0.04302223300453059,-0.99907411510223,2025-02-07,4,0.2857142857142857,0.9749279121818236,-0.22252093395631434,False,2025-02-14,3,0.21428571428571427,0.9749279121818236,0.22252093395631445,False
181,winndixie,IMG_9738.txt,2025-02-11,GAIN LQ HEC OXI WD,1,1,72.4,72.7,85.9,0.126,15.0,1014.4,185,109,1,0.04302223300453059,-0.99907411510223,2025-02-07,4,0.2857142857142857,0.9749279121818236,-0.22252093395631434,False,2025-02-14,3,0.21428571428571427,0.9749279121818236,0.22252093395631445,False
182,winndixie,IMG_9738.txt,2025-02-11,Know & Love Milk,1,1,72.4,72.7,85.9,0.126,15.0,1014.4,185,109,1,0.04302223300453059,-0.99907411510223,2025-02-07,4,0.2857142857142857,0.9749279121818236,-0.22252093395631434,False,2025-02-14,3,0.21428571428571427,0.9749279121818236,0.22252093395631445,False
183,winndixie,IMG_9738.txt,2025-02-11,Coffee Mate Creamr,1,1,72.4,72.7,85.9,0.126,15.0,1014.4,185,109,1,0.04302223300453059,-0.99907411510223,2025-02-07,4,0.2857142857142857,0.9749279121818236,-0.22252093395631434,False,2025-02-14,3,0.21428571428571427,0.9749279121818236,0.22252093395631445,False
184,winndixie,IMG_9738.txt,2025-02-11,Strbucks Frppccino,1,1,72.4,72.7,85.9,0.126,15.0,1014.4,185,109,1,0.04302223300453059,-0.99907411510223,2025-02-07,4,0.2857142857142857,0.9749279121818236,-0.22252093395631434,False,2025-02-14,3,0.21428571428571427,0.9749279121818236,0.22252093395631445,False
185,winndixie,IMG_9738.txt,2025-02-11,Dr Pepper 2002,1,1,72.4,72.7,85.9,0.126,15.0,1014.4,185,109,1,0.04302223300453059,-0.99907411510223,2025-02-07,4,0.2857142857142857,0.9749279121818236,-0.22252093395631434,False,2025-02-14,3,0.21428571428571427,0.9749279121818236,0.22252093395631445,False
186,winndixie,IMG_9738.txt,2025-02-11,Kraft Cheese,2,1,72.4,72.7,85.9,0.126,15.0,1014.4,185,109,1,0.04302223300453059,-0.99907411510223,2025-02-07,4,0.2857142857142857,0.9749279121818236,-0.22252093395631434,False,2025-02-14,3,0.21428571428571427,0.9749279121818236,0.22252093395631445,False
187,winndixie,IMG_9738.txt,2025-02-11,wr Vine Ripe Tomato,1,1,72.4,72.7,85.9,0.126,15.0,1014.4,185,109,1,0.04302223300453059,-0.99907411510223,2025-02-07,4,0.2857142857142857,0.9749279121818236,-0.22252093395631434,False,2025-02-14,3,0.21428571428571427,0.9749279121818236,0.22252093395631445,False
188,winndixie,IMG_9738.txt,2025-02-11,Blue Plate Mayo,1,1,72.4,72.7,85.9,0.126,15.0,1014.4,185,109,1,0.04302223300453059,-0.99907411510223,2025-02-07,4,0.2857142857142857,0.9749279121818236,-0.22252093395631434,False,2025-02-14,3,0.21428571428571427,0.9749279121818236,0.22252093395631445,False
189,winndixie,IMG_9738.txt,2025-02-11,Bro's Nat Strawbs,1,1,72.4,72.7,85.9,0.126,15.0,1014.4,185,109,1,0.04302223300453059,-0.99907411510223,2025-02-07,4,0.2857142857142857,0.9749279121818236,-0.22252093395631434,False,2025-02-14,3,0.21428571428571427,0.9749279121818236,0.22252093395631445,False
190,winndixie,IMG_9738.txt,2025-02-11,SE Grocers Buns,1,1,72.4,72.7,85.9,0.126,15.0,1014.4,185,109,1,0.04302223300453059,-0.99907411510223,2025-02-07,4,0.2857142857142857,0.9749279121818236,-0.22252093395631434,False,2025-02-14,3,0.21428571428571427,0.9749279121818236,0.22252093395631445,False
191,winndixie,IMG_9738.txt,2025-02-11,SEG Aluminum Foil,1,1,72.4,72.7,85.9,0.126,15.0,1014.4,185,109,1,0.04302223300453059,-0.99907411510223,2025-02-07,4,0.2857142857142857,0.9749279121818236,-0.22252093395631434,False,2025-02-14,3,0.21428571428571427,0.9749279121818236,0.22252093395631445,False
192,winndixie,IMG_9738.txt,2025-02-11,Mini Valentine 2 t,1,1,72.4,72.7,85.9,0.126,15.0,1014.4,185,109,1,0.04302223300453059,-0.99907411510223,2025-02-07,4,0.2857142857142857,0.9749279121818236,-0.22252093395631434,False,2025-02-14,3,0.21428571428571427,0.9749279121818236,0.22252093395631445,False
193,winndixie,IMG_9737.txt,2025-02-14,Bunny Bread,1,1,57.0,55.9,75.9,0.0,18.3,1027.4,182,106,1,-0.008606996888688453,-0.9999629591162655,2025-02-21,7,0.5,1.2246467991473532e-16,-1.0,False,2025-02-14,0,0.0,0.0,1.0,True
194,winndixie,IMG_9737.txt,2025-02-14,SEG Turkey,1,1,57.0,55.9,75.9,0.0,18.3,1027.4,182,106,1,-0.008606996888688453,-0.9999629591162655,2025-02-21,7,0.5,1.2246467991473532e-16,-1.0,False,2025-02-14,0,0.0,0.0,1.0,True
195,winndixie,IMG_9737.txt,2025-02-14,Chisesi Ham,1,1,57.0,55.9,75.9,0.0,18.3,1027.4,182,106,1,-0.008606996888688453,-0.9999629591162655,2025-02-21,7,0.5,1.2246467991473532e-16,-1.0,False,2025-02-14,0,0.0,0.0,1.0,True
196,winndixie,IMG_9737.txt,2025-02-14,Nutella Spread,1,1,57.0,55.9,75.9,0.0,18.3,1027.4,182,106,1,-0.008606996888688453,-0.9999629591162655,2025-02-21,7,0.5,1.2246467991473532e-16,-1.0,False,2025-02-14,0,0.0,0.0,1.0,True
197,winndixie,IMG_9737.txt,2025-02-14,Bernard's Hny Bear,1,1,57.0,55.9,75.9,0.0,18.3,1027.4,182,106,1,-0.008606996888688453,-0.9999629591162655,2025-02-21,7,0.5,1.2246467991473532e-16,-1.0,False,2025-02-14,0,0.0,0.0,1.0,True
198,winndixie,IMG_9737.txt,2025-02-14,Pasta Roni Pasta,1,1,57.0,55.9,75.9,0.0,18.3,1027.4,182,106,1,-0.008606996888688453,-0.9999629591162655,2025-02-21,7,0.5,1.2246467991473532e-16,-1.0,False,2025-02-14,0,0.0,0.0,1.0,True
199,winndixie,IMG_9737.txt,2025-02-14,Chicken Thigh,1,1,57.0,55.9,75.9,0.0,18.3,1027.4,182,106,1,-0.008606996888688453,-0.9999629591162655,2025-02-21,7,0.5,1.2246467991473532e-16,-1.0,False,2025-02-14,0,0.0,0.0,1.0,True
200,winndixie,IMG_9737.txt,2025-02-14,Ground Beef Rnd,1,1,57.0,55.9,75.9,0.0,18.3,1027.4,182,106,1,-0.008606996888688453,-0.9999629591162655,2025-02-21,7,0.5,1.2246467991473532e-16,-1.0,False,2025-02-14,0,0.0,0.0,1.0,True
201,winndixie,IMG_9737.txt,2025-02-14,k&l Corn,1,1,57.0,55.9,75.9,0.0,18.3,1027.4,182,106,1,-0.008606996888688453,-0.9999629591162655,2025-02-21,7,0.5,1.2246467991473532e-16,-1.0,False,2025-02-14,0,0.0,0.0,1.0,True
202,winndixie,IMG_9737.txt,2025-02-14,SEG Sauce,1,1,57.0,55.9,75.9,0.0,18.3,1027.4,182,106,1,-0.008606996888688453,-0.9999629591162655,2025-02-21,7,0.5,1.2246467991473532e-16,-1.0,False,2025-02-14,0,0.0,0.0,1.0,True
203,winndixie,IMG_9736.txt,2025-02-16,TH NEAPOLTN IC,1,1,60.1,59.5,72.8,0.071,22.7,1017.3,180,104,1,-0.04302223300453034,-0.99907411510223,2025-02-21,5,0.35714285714285715,0.7818314824680299,-0.6234898018587335,False,2025-02-14,2,0.14285714285714285,0.7818314824680298,0.6234898018587336,False
204,winndixie,IMG_9736.txt,2025-02-16,Daisy Sour Cream,1,1,60.1,59.5,72.8,0.071,22.7,1017.3,180,104,1,-0.04302223300453034,-0.99907411510223,2025-02-21,5,0.35714285714285715,0.7818314824680299,-0.6234898018587335,False,2025-02-14,2,0.14285714285714285,0.7818314824680298,0.6234898018587336,False
205,winndixie,IMG_9736.txt,2025-02-16,Dole Shred Lettuce,1,1,60.1,59.5,72.8,0.071,22.7,1017.3,180,104,1,-0.04302223300453034,-0.99907411510223,2025-02-21,5,0.35714285714285715,0.7818314824680299,-0.6234898018587335,False,2025-02-14,2,0.14285714285714285,0.7818314824680298,0.6234898018587336,False
206,winndixie,IMG_9736.txt,2025-02-16,wr Tomatoes,1,1,60.1,59.5,72.8,0.071,22.7,1017.3,180,104,1,-0.04302223300453034,-0.99907411510223,2025-02-21,5,0.35714285714285715,0.7818314824680299,-0.6234898018587335,False,2025-02-14,2,0.14285714285714285,0.7818314824680298,0.6234898018587336,False
207,winndixie,IMG_9736.txt,2025-02-16,k&l Peas & Carrots,1,1,60.1,59.5,72.8,0.071,22.7,1017.3,180,104,1,-0.04302223300453034,-0.99907411510223,2025-02-21,5,0.35714285714285715,0.7818314824680299,-0.6234898018587335,False,2025-02-14,2,0.14285714285714285,0.7818314824680298,0.6234898018587336,False
208,winndixie,IMG_9736.txt,2025-02-16,wr Jumbo Sweet Onions,1,1,60.1,59.5,72.8,0.071,22.7,1017.3,180,104,1,-0.04302223300453034,-0.99907411510223,2025-02-21,5,0.35714285714285715,0.7818314824680299,-0.6234898018587335,False,2025-02-14,2,0.14285714285714285,0.7818314824680298,0.6234898018587336,False
209,winndixie,IMG_9736.txt,2025-02-16,wr Russet Potato,1,1,60.1,59.5,72.8,0.071,22.7,1017.3,180,104,1,-0.04302223300453034,-0.99907411510223,2025-02-21,5,0.35714285714285715,0.7818314824680299,-0.6234898018587335,False,2025-02-14,2,0.14285714285714285,0.7818314824680298,0.6234898018587336,False
210,winndixie,IMG_9736.txt,2025-02-16,wr Bananas,1,1,60.1,59.5,72.8,0.071,22.7,1017.3,180,104,1,-0.04302223300453034,-0.99907411510223,2025-02-21,5,0.35714285714285715,0.7818314824680299,-0.6234898018587335,False,2025-02-14,2,0.14285714285714285,0.7818314824680298,0.6234898018587336,False
211,winndixie,IMG_9736.txt,2025-02-16,k&l Milk,1,1,60.1,59.5,72.8,0.071,22.7,1017.3,180,104,1,-0.04302223300453034,-0.99907411510223,2025-02-21,5,0.35714285714285715,0.7818314824680299,-0.6234898018587335,False,2025-02-14,2,0.14285714285714285,0.7818314824680298,0.6234898018587336,False
212,winndixie,IMG_9735.txt,2025-02-19,Tastykake Pie,1,1,47.7,43.0,92.2,2.114,19.7,1020.1,177,101,1,-0.09453674981719933,-0.9955213724144752,2025-02-21,2,0.14285714285714285,0.7818314824680298,0.6234898018587336,False,2025-02-14,5,0.35714285714285715,0.7818314824680299,-0.6234898018587335,False
213,winndixie,IMG_9735.txt,2025-02-19,Peter Pan Pnt Bttr,1,1,47.7,43.0,92.2,2.114,19.7,1020.1,177,101,1,-0.09453674981719933,-0.9955213724144752,2025-02-21,2,0.14285714285714285,0.7818314824680298,0.6234898018587336,False,2025-02-14,5,0.35714285714285715,0.7818314824680299,-0.6234898018587335,False
214,winndixie,IMG_9735.txt,2025-02-19,CocaCola Soda,9,1,47.7,43.0,92.2,2.114,19.7,1020.1,177,101,1,-0.09453674981719933,-0.9955213724144752,2025-02-21,2,0.14285714285714285,0.7818314824680298,0.6234898018587336,False,2025-02-14,5,0.35714285714285715,0.7818314824680299,-0.6234898018587335,False
215,winndixie,IMG_9733.txt,2025-02-25,Dr Pepper 2002,1,1,60.4,60.4,80.5,0.0,10.3,1016.4,171,95,1,-0.19667288979357622,-0.9804691603616321,2025-02-21,4,0.2857142857142857,0.9749279121818236,-0.22252093395631434,False,2025-02-28,3,0.21428571428571427,0.9749279121818236,0.22252093395631445,False
216,winndixie,IMG_9733.txt,2025-02-25,MONSTER ULTRA FANT,1,1,60.4,60.4,80.5,0.0,10.3,1016.4,171,95,1,-0.19667288979357622,-0.9804691603616321,2025-02-21,4,0.2857142857142857,0.9749279121818236,-0.22252093395631434,False,2025-02-28,3,0.21428571428571427,0.9749279121818236,0.22252093395631445,False
217,winndixie,IMG_9733.txt,2025-02-25,Twix Cookie Bars,1,1,60.4,60.4,80.5,0.0,10.3,1016.4,171,95,1,-0.19667288979357622,-0.9804691603616321,2025-02-21,4,0.2857142857142857,0.9749279121818236,-0.22252093395631434,False,2025-02-28,3,0.21428571428571427,0.9749279121818236,0.22252093395631445,False
218,winndixie,IMG_9733.txt,2025-02-25,ITTIBITZ COOKE&CRM,1,1,60.4,60.4,80.5,0.0,10.3,1016.4,171,95,1,-0.19667288979357622,-0.9804691603616321,2025-02-21,4,0.2857142857142857,0.9749279121818236,-0.22252093395631434,False,2025-02-28,3,0.21428571428571427,0.9749279121818236,0.22252093395631445,False
219,winndixie,IMG_9733.txt,2025-02-25,Corn,2,1,60.4,60.4,80.5,0.0,10.3,1016.4,171,95,1,-0.19667288979357622,-0.9804691603616321,2025-02-21,4,0.2857142857142857,0.9749279121818236,-0.22252093395631434,False,2025-02-28,3,0.21428571428571427,0.9749279121818236,0.22252093395631445,False
220,winndixie,IMG_9732.txt,2025-03-04,Dr. Pepper Soda,1,1,66.3,66.3,84.0,0.54,30.0,1008.1,164,88,1,-0.31310704093582625,-0.9497178427914318,2025-03-07,3,0.21428571428571427,0.9749279121818236,0.22252093395631445,False,2025-02-28,4,0.2857142857142857,0.9749279121818236,-0.22252093395631434,False
221,winndixie,IMG_9732.txt,2025-03-04,OM BASICS HAM-AMER,1,1,66.3,66.3,84.0,0.54,30.0,1008.1,164,88,1,-0.31310704093582625,-0.9497178427914318,2025-03-07,3,0.21428571428571427,0.9749279121818236,0.22252093395631445,False,2025-02-28,4,0.2857142857142857,0.9749279121818236,-0.22252093395631434,False
222,winndixie,IMG_9732.txt,2025-03-04,Lunchables Snack,1,1,66.3,66.3,84.0,0.54,30.0,1008.1,164,88,1,-0.31310704093582625,-0.9497178427914318,2025-03-07,3,0.21428571428571427,0.9749279121818236,0.22252093395631445,False,2025-02-28,4,0.2857142857142857,0.9749279121818236,-0.22252093395631434,False
223,winndixie,IMG_9732.txt,2025-03-04,MONSTER ULTRA FANT,1,1,66.3,66.3,84.0,0.54,30.0,1008.1,164,88,1,-0.31310704093582625,-0.9497178427914318,2025-03-07,3,0.21428571428571427,0.9749279121818236,0.22252093395631445,False,2025-02-28,4,0.2857142857142857,0.9749279121818236,-0.22252093395631434,False
224,winndixie,IMG_9732.txt,2025-03-04,Kleinpeter Milk,1,1,66.3,66.3,84.0,0.54,30.0,1008.1,164,88,1,-0.31310704093582625,-0.9497178427914318,2025-03-07,3,0.21428571428571427,0.9749279121818236,0.22252093395631445,False,2025-02-28,4,0.2857142857142857,0.9749279121818236,-0.22252093395631434,False
225,winndixie,IMG_9732.txt,2025-03-04,McCormick Ssng Mix,1,1,66.3,66.3,84.0,0.54,30.0,1008.1,164,88,1,-0.31310704093582625,-0.9497178427914318,2025-03-07,3,0.21428571428571427,0.9749279121818236,0.22252093395631445,False,2025-02-28,4,0.2857142857142857,0.9749279121818236,-0.22252093395631434,False
226,winndixie,IMG_9732.txt,2025-03-04,SEG Gravy Mix,2,1,66.3,66.3,84.0,0.54,30.0,1008.1,164,88,1,-0.31310704093582625,-0.9497178427914318,2025-03-07,3,0.21428571428571427,0.9749279121818236,0.22252093395631445,False,2025-02-28,4,0.2857142857142857,0.9749279121818236,-0.22252093395631434,False
227,winndixie,IMG_9732.txt,2025-03-04,Snack Pack Pudding,1,1,66.3,66.3,84.0,0.54,30.0,1008.1,164,88,1,-0.31310704093582625,-0.9497178427914318,2025-03-07,3,0.21428571428571427,0.9749279121818236,0.22252093395631445,False,2025-02-28,4,0.2857142857142857,0.9749279121818236,-0.22252093395631434,False
228,winndixie,IMG_9732.txt,2025-03-04,Taylor Farms Green,1,1,66.3,66.3,84.0,0.54,30.0,1008.1,164,88,1,-0.31310704093582625,-0.9497178427914318,2025-03-07,3,0.21428571428571427,0.9749279121818236,0.22252093395631445,False,2025-02-28,4,0.2857142857142857,0.9749279121818236,-0.22252093395631434,False
229,winndixie,IMG_9732.txt,2025-03-04,k&l Tomato Paste,1,1,66.3,66.3,84.0,0.54,30.0,1008.1,164,88,1,-0.31310704093582625,-0.9497178427914318,2025-03-07,3,0.21428571428571427,0.9749279121818236,0.22252093395631445,False,2025-02-28,4,0.2857142857142857,0.9749279121818236,-0.22252093395631434,False
230,winndixie,IMG_9732.txt,2025-03-04,wr Russet Potato,1,1,66.3,66.3,84.0,0.54,30.0,1008.1,164,88,1,-0.31310704093582625,-0.9497178427914318,2025-03-07,3,0.21428571428571427,0.9749279121818236,0.22252093395631445,False,2025-02-28,4,0.2857142857142857,0.9749279121818236,-0.22252093395631434,False
231,winndixie,IMG_9730.txt,2025-03-12,Blue Bell IceCream,1,1,65.3,65.3,75.7,0.0,18.3,1015.3,156,80,1,-0.4405187843504948,-0.8977433935342338,2025-03-07,5,0.35714285714285715,0.7818314824680299,-0.6234898018587335,False,2025-03-14,2,0.14285714285714285,0.7818314824680298,0.6234898018587336,False
232,winndixie,IMG_9730.txt,2025-03-12,Jimmy Dean Sausage,1,1,65.3,65.3,75.7,0.0,18.3,1015.3,156,80,1,-0.4405187843504948,-0.8977433935342338,2025-03-07,5,0.35714285714285715,0.7818314824680299,-0.6234898018587335,False,2025-03-14,2,0.14285714285714285,0.7818314824680298,0.6234898018587336,False
233,winndixie,IMG_9731.txt,2025-03-12,CocaCola Soda,4,1,65.3,65.3,75.7,0.0,18.3,1015.3,156,80,1,-0.4405187843504948,-0.8977433935342338,2025-03-07,5,0.35714285714285715,0.7818314824680299,-0.6234898018587335,False,2025-03-14,2,0.14285714285714285,0.7818314824680298,0.6234898018587336,False
234,winndixie,IMG_9731.txt,2025-03-12,GM WFFL TST CRNC,1,1,65.3,65.3,75.7,0.0,18.3,1015.3,156,80,1,-0.4405187843504948,-0.8977433935342338,2025-03-07,5,0.35714285714285715,0.7818314824680299,-0.6234898018587335,False,2025-03-14,2,0.14285714285714285,0.7818314824680298,0.6234898018587336,False
235,winndixie,IMG_9731.txt,2025-03-12,KELLOGG APL JCK GT,1,1,65.3,65.3,75.7,0.0,18.3,1015.3,156,80,1,-0.4405187843504948,-0.8977433935342338,2025-03-07,5,0.35714285714285715,0.7818314824680299,-0.6234898018587335,False,2025-03-14,2,0.14285714285714285,0.7818314824680298,0.6234898018587336,False
236,winndixie,IMG_9729.txt,2025-03-20,MSG BROWNIE BC,1,1,60.6,60.6,41.4,0.0,21.9,1020.3,148,72,1,-0.5595892624101767,-0.8287700871745037,2025-03-21,1,0.07142857142857142,0.4338837391175581,0.9009688679024191,False,2025-03-14,6,0.42857142857142855,0.43388373911755823,-0.900968867902419,False
237,winndixie,IMG_9727.txt,2025-03-22,Sargento Cheese,1,1,64.4,64.4,68.6,0.0,11.4,1020.5,146,70,1,-0.587785252292473,-0.8090169943749475,2025-03-21,1,0.07142857142857142,0.4338837391175581,0.9009688679024191,False,2025-03-28,6,0.42857142857142855,0.43388373911755823,-0.900968867902419,False
238,winndixie,IMG_9727.txt,2025-03-22,Mission Tortillas,1,1,64.4,64.4,68.6,0.0,11.4,1020.5,146,70,1,-0.587785252292473,-0.8090169943749475,2025-03-21,1,0.07142857142857142,0.4338837391175581,0.9009688679024191,False,2025-03-28,6,0.42857142857142855,0.43388373911755823,-0.900968867902419,False
239,winndixie,IMG_9727.txt,2025-03-22,Jimmy Dean Bacon,1,1,64.4,64.4,68.6,0.0,11.4,1020.5,146,70,1,-0.587785252292473,-0.8090169943749475,2025-03-21,1,0.07142857142857142,0.4338837391175581,0.9009688679024191,False,2025-03-28,6,0.42857142857142855,0.43388373911755823,-0.900968867902419,False
240,winndixie,IMG_9727.txt,2025-03-22,Kraft Cheese,1,1,64.4,64.4,68.6,0.0,11.4,1020.5,146,70,1,-0.587785252292473,-0.8090169943749475,2025-03-21,1,0.07142857142857142,0.4338837391175581,0.9009688679024191,False,2025-03-28,6,0.42857142857142855,0.43388373911755823,-0.900968867902419,False
241,winndixie,IMG_9727.txt,2025-03-22,Annie Chun's Bowl,1,1,64.4,64.4,68.6,0.0,11.4,1020.5,146,70,1,-0.587785252292473,-0.8090169943749475,2025-03-21,1,0.07142857142857142,0.4338837391175581,0.9009688679024191,False,2025-03-28,6,0.42857142857142855,0.43388373911755823,-0.900968867902419,False
242,winndixie,IMG_9727.txt,2025-03-22,Essentials Plates,1,1,64.4,64.4,68.6,0.0,11.4,1020.5,146,70,1,-0.587785252292473,-0.8090169943749475,2025-03-21,1,0.07142857142857142,0.4338837391175581,0.9009688679024191,False,2025-03-28,6,0.42857142857142855,0.43388373911755823,-0.900968867902419,False
243,winndixie,IMG_9727.txt,2025-03-22,SEG Canned Fruit,1,1,64.4,64.4,68.6,0.0,11.4,1020.5,146,70,1,-0.587785252292473,-0.8090169943749475,2025-03-21,1,0.07142857142857142,0.4338837391175581,0.9009688679024191,False,2025-03-28,6,0.42857142857142855,0.43388373911755823,-0.900968867902419,False
244,winndixie,IMG_9727.txt,2025-03-22,DR PEPPER 12PK,1,1,64.4,64.4,68.6,0.0,11.4,1020.5,146,70,1,-0.587785252292473,-0.8090169943749475,2025-03-21,1,0.07142857142857142,0.4338837391175581,0.9009688679024191,False,2025-03-28,6,0.42857142857142855,0.43388373911755823,-0.900968867902419,False
245,winndixie,IMG_9727.txt,2025-03-22,Minute Maid Lmnade,1,1,64.4,64.4,68.6,0.0,11.4,1020.5,146,70,1,-0.587785252292473,-0.8090169943749475,2025-03-21,1,0.07142857142857142,0.4338837391175581,0.9009688679024191,False,2025-03-28,6,0.42857142857142855,0.43388373911755823,-0.900968867902419,False
246,winndixie,IMG_9727.txt,2025-03-22,Minute Maid Lmnade,1,1,64.4,64.4,68.6,0.0,11.4,1020.5,146,70,1,-0.587785252292473,-0.8090169943749475,2025-03-21,1,0.07142857142857142,0.4338837391175581,0.9009688679024191,False,2025-03-28,6,0.42857142857142855,0.43388373911755823,-0.900968867902419,False
247,winndixie,IMG_9728.txt,2025-03-22,CocaCola Soda,9,1,64.4,64.4,68.6,0.0,11.4,1020.5,146,70,1,-0.587785252292473,-0.8090169943749475,2025-03-21,1,0.07142857142857142,0.4338837391175581,0.9009688679024191,False,2025-03-28,6,0.42857142857142855,0.43388373911755823,-0.900968867902419,False
248,winndixie,IMG_9728.txt,2025-03-22,. Hugbi Pies,3,1,64.4,64.4,68.6,0.0,11.4,1020.5,146,70,1,-0.587785252292473,-0.8090169943749475,2025-03-21,1,0.07142857142857142,0.4338837391175581,0.9009688679024191,False,2025-03-28,6,0.42857142857142855,0.43388373911755823,-0.900968867902419,False
249,winndixie,IMG_9726.txt,2025-03-26,k&l Milk,1,1,72.0,72.0,79.4,0.0,6.9,1022.2,142,66,1,-0.6420547132365636,-0.7666588193001592,2025-03-21,5,0.35714285714285715,0.7818314824680299,-0.6234898018587335,False,2025-03-28,2,0.14285714285714285,0.7818314824680298,0.6234898018587336,False
250,winndixie,IMG_9726.txt,2025-03-26,SEG Ice Cream Cup,1,1,72.0,72.0,79.4,0.0,6.9,1022.2,142,66,1,-0.6420547132365636,-0.7666588193001592,2025-03-21,5,0.35714285714285715,0.7818314824680299,-0.6234898018587335,False,2025-03-28,2,0.14285714285714285,0.7818314824680298,0.6234898018587336,False
251,winndixie,IMG_9726.txt,2025-03-26,Chicken Cutlet,1,1,72.0,72.0,79.4,0.0,6.9,1022.2,142,66,1,-0.6420547132365636,-0.7666588193001592,2025-03-21,5,0.35714285714285715,0.7818314824680299,-0.6234898018587335,False,2025-03-28,2,0.14285714285714285,0.7818314824680298,0.6234898018587336,False
252,winndixie,IMG_9726.txt,2025-03-26,SEG Water,1,1,72.0,72.0,79.4,0.0,6.9,1022.2,142,66,1,-0.6420547132365636,-0.7666588193001592,2025-03-21,5,0.35714285714285715,0.7818314824680299,-0.6234898018587335,False,2025-03-28,2,0.14285714285714285,0.7818314824680298,0.6234898018587336,False
253,winndixie,IMG_9726.txt,2025-03-26,D&W Cheese,1,1,72.0,72.0,79.4,0.0,6.9,1022.2,142,66,1,-0.6420547132365636,-0.7666588193001592,2025-03-21,5,0.35714285714285715,0.7818314824680299,-0.6234898018587335,False,2025-03-28,2,0.14285714285714285,0.7818314824680298,0.6234898018587336,False
254,winndixie,IMG_9726.txt,2025-03-26,SEG Turkey,1,1,72.0,72.0,79.4,0.0,6.9,1022.2,142,66,1,-0.6420547132365636,-0.7666588193001592,2025-03-21,5,0.35714285714285715,0.7818314824680299,-0.6234898018587335,False,2025-03-28,2,0.14285714285714285,0.7818314824680298,0.6234898018587336,False
255,winndixie,IMG_9726.txt,2025-03-26,Crab Leg Surimi,1,1,72.0,72.0,79.4,0.0,6.9,1022.2,142,66,1,-0.6420547132365636,-0.7666588193001592,2025-03-21,5,0.35714285714285715,0.7818314824680299,-0.6234898018587335,False,2025-03-28,2,0.14285714285714285,0.7818314824680298,0.6234898018587336,False
256,winndixie,IMG_9726.txt,2025-03-26,Taylor Farms Green,1,1,72.0,72.0,79.4,0.0,6.9,1022.2,142,66,1,-0.6420547132365636,-0.7666588193001592,2025-03-21,5,0.35714285714285715,0.7818314824680299,-0.6234898018587335,False,2025-03-28,2,0.14285714285714285,0.7818314824680298,0.6234898018587336,False
257,winndixie,IMG_9726.txt,2025-03-26,k&1 Diced Tomatoes,1,1,72.0,72.0,79.4,0.0,6.9,1022.2,142,66,1,-0.6420547132365636,-0.7666588193001592,2025-03-21,5,0.35714285714285715,0.7818314824680299,-0.6234898018587335,False,2025-03-28,2,0.14285714285714285,0.7818314824680298,0.6234898018587336,False
258,winndixie,IMG_9726.txt,2025-03-26,Mixed Grapes,1,1,72.0,72.0,79.4,0.0,6.9,1022.2,142,66,1,-0.6420547132365636,-0.7666588193001592,2025-03-21,5,0.35714285714285715,0.7818314824680299,-0.6234898018587335,False,2025-03-28,2,0.14285714285714285,0.7818314824680298,0.6234898018587336,False
259,winndixie,IMG_9725.txt,2025-04-01,Fanta Soda,1,1,74.4,74.9,88.8,0.0,17.2,1012.7,136,60,1,-0.7176769136759618,-0.6963762255968724,2025-04-04,3,0.21428571428571427,0.9749279121818236,0.22252093395631445,False,2025-03-28,4,0.2857142857142857,0.9749279121818236,-0.22252093395631434,False
260,winndixie,IMG_9725.txt,2025-04-01,Minute Maid Lmnade,1,1,74.4,74.9,88.8,0.0,17.2,1012.7,136,60,1,-0.7176769136759618,-0.6963762255968724,2025-04-04,3,0.21428571428571427,0.9749279121818236,0.22252093395631445,False,2025-03-28,4,0.2857142857142857,0.9749279121818236,-0.22252093395631434,False
261,winndixie,IMG_9725.txt,2025-04-01,Blue Bell IceCream,1,1,74.4,74.9,88.8,0.0,17.2,1012.7,136,60,1,-0.7176769136759618,-0.6963762255968724,2025-04-04,3,0.21428571428571427,0.9749279121818236,0.22252093395631445,False,2025-03-28,4,0.2857142857142857,0.9749279121818236,-0.22252093395631434,False
262,winndixie,IMG_9725.txt,2025-04-01,Strbucks Frppccino,1,1,74.4,74.9,88.8,0.0,17.2,1012.7,136,60,1,-0.7176769136759618,-0.6963762255968724,2025-04-04,3,0.21428571428571427,0.9749279121818236,0.22252093395631445,False,2025-03-28,4,0.2857142857142857,0.9749279121818236,-0.22252093395631434,False
263,winndixie,IMG_9724.txt,2025-04-08,Fanta Soda,1,1,60.3,60.1,60.4,0.0,12.7,1019.1,129,53,1,-0.7961828637826154,-0.6050560696488494,2025-04-04,4,0.2857142857142857,0.9749279121818236,-0.22252093395631434,False,2025-04-11,3,0.21428571428571427,0.9749279121818236,0.22252093395631445,False
264,winndixie,IMG_9724.txt,2025-04-08,Smucker's Spread,1,1,60.3,60.1,60.4,0.0,12.7,1019.1,129,53,1,-0.7961828637826154,-0.6050560696488494,2025-04-04,4,0.2857142857142857,0.9749279121818236,-0.22252093395631434,False,2025-04-11,3,0.21428571428571427,0.9749279121818236,0.22252093395631445,False
265,winndixie,IMG_9724.txt,2025-04-08,smucker's Jelly,1,1,60.3,60.1,60.4,0.0,12.7,1019.1,129,53,1,-0.7961828637826154,-0.6050560696488494,2025-04-04,4,0.2857142857142857,0.9749279121818236,-0.22252093395631434,False,2025-04-11,3,0.21428571428571427,0.9749279121818236,0.22252093395631445,False
266,winndixie,IMG_9724.txt,2025-04-08,CocaCola Soda,8,1,60.3,60.1,60.4,0.0,12.7,1019.1,129,53,1,-0.7961828637826154,-0.6050560696488494,2025-04-04,4,0.2857142857142857,0.9749279121818236,-0.22252093395631434,False,2025-04-11,3,0.21428571428571427,0.9749279121818236,0.22252093395631445,False
267,winndixie,IMG_9722.txt,2025-04-08,TH NEAPOLTN IC,1,1,60.3,60.1,60.4,0.0,12.7,1019.1,129,53,1,-0.7961828637826154,-0.6050560696488494,2025-04-04,4,0.2857142857142857,0.9749279121818236,-0.22252093395631434,False,2025-04-11,3,0.21428571428571427,0.9749279121818236,0.22252093395631445,False
268,winndixie,IMG_9722.txt,2025-04-08,Ritz Crackers,1,1,60.3,60.1,60.4,0.0,12.7,1019.1,129,53,1,-0.7961828637826154,-0.6050560696488494,2025-04-04,4,0.2857142857142857,0.9749279121818236,-0.22252093395631434,False,2025-04-11,3,0.21428571428571427,0.9749279121818236,0.22252093395631445,False
269,winndixie,IMG_9721.txt,2025-04-10,Nutella Spread,1,1,67.9,67.9,71.1,0.0,11.4,1021.7,127,51,1,-0.8165380514459157,-0.5772916165517278,2025-04-04,6,0.42857142857142855,0.43388373911755823,-0.900968867902419,False,2025-04-11,1,0.07142857142857142,0.4338837391175581,0.9009688679024191,False
270,winndixie,IMG_9721.txt,2025-04-10,Annie Chun's Bowl,1,1,67.9,67.9,71.1,0.0,11.4,1021.7,127,51,1,-0.8165380514459157,-0.5772916165517278,2025-04-04,6,0.42857142857142855,0.43388373911755823,-0.900968867902419,False,2025-04-11,1,0.07142857142857142,0.4338837391175581,0.9009688679024191,False
271,winndixie,IMG_9721.txt,2025-04-10,Smucker's Uncrstbl,1,1,67.9,67.9,71.1,0.0,11.4,1021.7,127,51,1,-0.8165380514459157,-0.5772916165517278,2025-04-04,6,0.42857142857142855,0.43388373911755823,-0.900968867902419,False,2025-04-11,1,0.07142857142857142,0.4338837391175581,0.9009688679024191,False
272,winndixie,IMG_9721.txt,2025-04-10,Kraft Mac & Cheese,1,1,67.9,67.9,71.1,0.0,11.4,1021.7,127,51,1,-0.8165380514459157,-0.5772916165517278,2025-04-04,6,0.42857142857142855,0.43388373911755823,-0.900968867902419,False,2025-04-11,1,0.07142857142857142,0.4338837391175581,0.9009688679024191,False
273,winndixie,IMG_9721.txt,2025-04-10,Red Baron Pizza,1,1,67.9,67.9,71.1,0.0,11.4,1021.7,127,51,1,-0.8165380514459157,-0.5772916165517278,2025-04-04,6,0.42857142857142855,0.43388373911755823,-0.900968867902419,False,2025-04-11,1,0.07142857142857142,0.4338837391175581,0.9009688679024191,False
274,winndixie,IMG_9721.txt,2025-04-10,Bunny Bread,1,1,67.9,67.9,71.1,0.0,11.4,1021.7,127,51,1,-0.8165380514459157,-0.5772916165517278,2025-04-04,6,0.42857142857142855,0.43388373911755823,-0.900968867902419,False,2025-04-11,1,0.07142857142857142,0.4338837391175581,0.9009688679024191,False
275,winndixie,IMG_9721.txt,2025-04-10,Beef Cubed Steak,1,1,67.9,67.9,71.1,0.0,11.4,1021.7,127,51,1,-0.8165380514459157,-0.5772916165517278,2025-04-04,6,0.42857142857142855,0.43388373911755823,-0.900968867902419,False,2025-04-11,1,0.07142857142857142,0.4338837391175581,0.9009688679024191,False
276,winndixie,IMG_9721.txt,2025-04-10,Prairie Farm Milk,1,1,67.9,67.9,71.1,0.0,11.4,1021.7,127,51,1,-0.8165380514459157,-0.5772916165517278,2025-04-04,6,0.42857142857142855,0.43388373911755823,-0.900968867902419,False,2025-04-11,1,0.07142857142857142,0.4338837391175581,0.9009688679024191,False
277,winndixie,IMG_9721.txt,2025-04-10,k&l Milk,1,1,67.9,67.9,71.1,0.0,11.4,1021.7,127,51,1,-0.8165380514459157,-0.5772916165517278,2025-04-04,6,0.42857142857142855,0.43388373911755823,-0.900968867902419,False,2025-04-11,1,0.07142857142857142,0.4338837391175581,0.9009688679024191,False
278,winndixie,IMG_9720.txt,2025-04-12,Minute Maid Lmnade,2,1,67.4,67.4,49.8,0.0,12.8,1020.9,125,49,1,-0.8359254794186365,-0.5488429582847199,2025-04-18,6,0.42857142857142855,0.43388373911755823,-0.900968867902419,False,2025-04-11,1,0.07142857142857142,0.4338837391175581,0.9009688679024191,False
279,winndixie,IMG_9720.txt,2025-04-12,D&W Turkey,1,1,67.4,67.4,49.8,0.0,12.8,1020.9,125,49,1,-0.8359254794186365,-0.5488429582847199,2025-04-18,6,0.42857142857142855,0.43388373911755823,-0.900968867902419,False,2025-04-11,1,0.07142857142857142,0.4338837391175581,0.9009688679024191,False
280,winndixie,IMG_9720.txt,2025-04-12,D&W Cheese,1,1,67.4,67.4,49.8,0.0,12.8,1020.9,125,49,1,-0.8359254794186365,-0.5488429582847199,2025-04-18,6,0.42857142857142855,0.43388373911755823,-0.900968867902419,False,2025-04-11,1,0.07142857142857142,0.4338837391175581,0.9009688679024191,False
281,winndixie,IMG_9720.txt,2025-04-12,SEG PNCK POUCH,1,1,67.4,67.4,49.8,0.0,12.8,1020.9,125,49,1,-0.8359254794186365,-0.5488429582847199,2025-04-18,6,0.42857142857142855,0.43388373911755823,-0.900968867902419,False,2025-04-11,1,0.07142857142857142,0.4338837391175581,0.9009688679024191,False
282,winndixie,IMG_9720.txt,2025-04-12,4 Star Roast Beef,1,1,67.4,67.4,49.8,0.0,12.8,1020.9,125,49,1,-0.8359254794186365,-0.5488429582847199,2025-04-18,6,0.42857142857142855,0.43388373911755823,-0.900968867902419,False,2025-04-11,1,0.07142857142857142,0.4338837391175581,0.9009688679024191,False
283,winndixie,IMG_9720.txt,2025-04-12,Chicken Thighs,1,1,67.4,67.4,49.8,0.0,12.8,1020.9,125,49,1,-0.8359254794186365,-0.5488429582847199,2025-04-18,6,0.42857142857142855,0.43388373911755823,-0.900968867902419,False,2025-04-11,1,0.07142857142857142,0.4338837391175581,0.9009688679024191,False
284,winndixie,IMG_9720.txt,2025-04-12,Nissin Noodle Soup,1,1,67.4,67.4,49.8,0.0,12.8,1020.9,125,49,1,-0.8359254794186365,-0.5488429582847199,2025-04-18,6,0.42857142857142855,0.43388373911755823,-0.900968867902419,False,2025-04-11,1,0.07142857142857142,0.4338837391175581,0.9009688679024191,False
285,winndixie,IMG_9720.txt,2025-04-12,wr Bananas,1,1,67.4,67.4,49.8,0.0,12.8,1020.9,125,49,1,-0.8359254794186365,-0.5488429582847199,2025-04-18,6,0.42857142857142855,0.43388373911755823,-0.900968867902419,False,2025-04-11,1,0.07142857142857142,0.4338837391175581,0.9009688679024191,False
286,winndixie,IMG_9720.txt,2025-04-12,Taylor Farms Green,1,1,67.4,67.4,49.8,0.0,12.8,1020.9,125,49,1,-0.8359254794186365,-0.5488429582847199,2025-04-18,6,0.42857142857142855,0.43388373911755823,-0.900968867902419,False,2025-04-11,1,0.07142857142857142,0.4338837391175581,0.9009688679024191,False
287,winndixie,IMG_9720.txt,2025-04-12,SEG Green Grapes,1,1,67.4,67.4,49.8,0.0,12.8,1020.9,125,49,1,-0.8359254794186365,-0.5488429582847199,2025-04-18,6,0.42857142857142855,0.43388373911755823,-0.900968867902419,False,2025-04-11,1,0.07142857142857142,0.4338837391175581,0.9009688679024191,False
288,winndixie,IMG_9719.txt,2025-04-23,Butterball Turkey,1,1,76.7,77.7,82.6,0.0,15.0,1017.5,114,38,1,-0.924290722193093,-0.3816892202666594,2025-04-18,5,0.35714285714285715,0.7818314824680299,-0.6234898018587335,False,2025-04-25,2,0.14285714285714285,0.7818314824680298,0.6234898018587336,False
289,winndixie,IMG_9719.txt,2025-04-23,D&W Cheese,1,1,76.7,77.7,82.6,0.0,15.0,1017.5,114,38,1,-0.924290722193093,-0.3816892202666594,2025-04-18,5,0.35714285714285715,0.7818314824680299,-0.6234898018587335,False,2025-04-25,2,0.14285714285714285,0.7818314824680298,0.6234898018587336,False
290,winndixie,IMG_9719.txt,2025-04-23,Manda Sausage,1,1,76.7,77.7,82.6,0.0,15.0,1017.5,114,38,1,-0.924290722193093,-0.3816892202666594,2025-04-18,5,0.35714285714285715,0.7818314824680299,-0.6234898018587335,False,2025-04-25,2,0.14285714285714285,0.7818314824680298,0.6234898018587336,False
291,winndixie,IMG_9719.txt,2025-04-23,DR PEPPER 12PK,1,1,76.7,77.7,82.6,0.0,15.0,1017.5,114,38,1,-0.924290722193093,-0.3816892202666594,2025-04-18,5,0.35714285714285715,0.7818314824680299,-0.6234898018587335,False,2025-04-25,2,0.14285714285714285,0.7818314824680298,0.6234898018587336,False
292,winndixie,IMG_9719.txt,2025-04-23,Fanta Soda,1,1,76.7,77.7,82.6,0.0,15.0,1017.5,114,38,1,-0.924290722193093,-0.3816892202666594,2025-04-18,5,0.35714285714285715,0.7818314824680299,-0.6234898018587335,False,2025-04-25,2,0.14285714285714285,0.7818314824680298,0.6234898018587336,False
293,winndixie,IMG_9719.txt,2025-04-23,Minute Maid Lmnade,1,1,76.7,77.7,82.6,0.0,15.0,1017.5,114,38,1,-0.924290722193093,-0.3816892202666594,2025-04-18,5,0.35714285714285715,0.7818314824680299,-0.6234898018587335,False,2025-04-25,2,0.14285714285714285,0.7818314824680298,0.6234898018587336,False
294,winndixie,IMG_9719.txt,2025-04-23,Cocoa Krispies Crl,1,1,76.7,77.7,82.6,0.0,15.0,1017.5,114,38,1,-0.924290722193093,-0.3816892202666594,2025-04-18,5,0.35714285714285715,0.7818314824680299,-0.6234898018587335,False,2025-04-25,2,0.14285714285714285,0.7818314824680298,0.6234898018587336,False
295,winndixie,IMG_9719.txt,2025-04-23,Lotus Cookie Buttr,1,1,76.7,77.7,82.6,0.0,15.0,1017.5,114,38,1,-0.924290722193093,-0.3816892202666594,2025-04-18,5,0.35714285714285715,0.7818314824680299,-0.6234898018587335,False,2025-04-25,2,0.14285714285714285,0.7818314824680298,0.6234898018587336,False
296,winndixie,IMG_9719.txt,2025-04-23,Annie Chun's Bowl,1,1,76.7,77.7,82.6,0.0,15.0,1017.5,114,38,1,-0.924290722193093,-0.3816892202666594,2025-04-18,5,0.35714285714285715,0.7818314824680299,-0.6234898018587335,False,2025-04-25,2,0.14285714285714285,0.7818314824680298,0.6234898018587336,False
297,winndixie,IMG_9719.txt,2025-04-23,MONSTER ULTRA FANT,1,1,76.7,77.7,82.6,0.0,15.0,1017.5,114,38,1,-0.924290722193093,-0.3816892202666594,2025-04-18,5,0.35714285714285715,0.7818314824680299,-0.6234898018587335,False,2025-04-25,2,0.14285714285714285,0.7818314824680298,0.6234898018587336,False
298,winndixie,IMG_9719.txt,2025-04-23,Bomb Pop Popsicles,1,1,76.7,77.7,82.6,0.0,15.0,1017.5,114,38,1,-0.924290722193093,-0.3816892202666594,2025-04-18,5,0.35714285714285715,0.7818314824680299,-0.6234898018587335,False,2025-04-25,2,0.14285714285714285,0.7818314824680298,0.6234898018587336,False
299,winndixie,IMG_9719.txt,2025-04-23,k&l Kidney Beans,1,1,76.7,77.7,82.6,0.0,15.0,1017.5,114,38,1,-0.924290722193093,-0.3816892202666594,2025-04-18,5,0.35714285714285715,0.7818314824680299,-0.6234898018587335,False,2025-04-25,2,0.14285714285714285,0.7818314824680298,0.6234898018587336,False
300,winndixie,IMG_9719.txt,2025-04-23,Blue Runner Beans,1,1,76.7,77.7,82.6,0.0,15.0,1017.5,114,38,1,-0.924290722193093,-0.3816892202666594,2025-04-18,5,0.35714285714285715,0.7818314824680299,-0.6234898018587335,False,2025-04-25,2,0.14285714285714285,0.7818314824680298,0.6234898018587336,False
301,winndixie,IMG_9719.txt,2025-04-23,k&l Corn,1,1,76.7,77.7,82.6,0.0,15.0,1017.5,114,38,1,-0.924290722193093,-0.3816892202666594,2025-04-18,5,0.35714285714285715,0.7818314824680299,-0.6234898018587335,False,2025-04-25,2,0.14285714285714285,0.7818314824680298,0.6234898018587336,False
302,winndixie,IMG_9719.txt,2025-04-23,DIGIORNO PIZZA,1,1,76.7,77.7,82.6,0.0,15.0,1017.5,114,38,1,-0.924290722193093,-0.3816892202666594,2025-04-18,5,0.35714285714285715,0.7818314824680299,-0.6234898018587335,False,2025-04-25,2,0.14285714285714285,0.7818314824680298,0.6234898018587336,False
303,winndixie,IMG_9718.txt,2025-04-28,KELLOGG APL JCK GT,1,1,77.4,78.5,76.4,0.0,12.7,1020.0,109,33,1,-0.9536809966304455,-0.300819807635668,2025-05-02,4,0.2857142857142857,0.9749279121818236,-0.22252093395631434,False,2025-04-25,3,0.21428571428571427,0.9749279121818236,0.22252093395631445,False
304,winndixie,IMG_9718.txt,2025-04-28,CocaCola Soda,8,1,77.4,78.5,76.4,0.0,12.7,1020.0,109,33,1,-0.9536809966304455,-0.300819807635668,2025-05-02,4,0.2857142857142857,0.9749279121818236,-0.22252093395631434,False,2025-04-25,3,0.21428571428571427,0.9749279121818236,0.22252093395631445,False
305,winndixie,IMG_9718.txt,2025-04-28,Red Baron Pizza,1,1,77.4,78.5,76.4,0.0,12.7,1020.0,109,33,1,-0.9536809966304455,-0.300819807635668,2025-05-02,4,0.2857142857142857,0.9749279121818236,-0.22252093395631434,False,2025-04-25,3,0.21428571428571427,0.9749279121818236,0.22252093395631445,False
306,winndixie,IMG_9718.txt,2025-04-28,Hugbi Pies,2,1,77.4,78.5,76.4,0.0,12.7,1020.0,109,33,1,-0.9536809966304455,-0.300819807635668,2025-05-02,4,0.2857142857142857,0.9749279121818236,-0.22252093395631434,False,2025-04-25,3,0.21428571428571427,0.9749279121818236,0.22252093395631445,False
307,winndixie,IMG_9718.txt,2025-04-28,Quaker Instnt Grts,1,1,77.4,78.5,76.4,0.0,12.7,1020.0,109,33,1,-0.9536809966304455,-0.300819807635668,2025-05-02,4,0.2857142857142857,0.9749279121818236,-0.22252093395631434,False,2025-04-25,3,0.21428571428571427,0.9749279121818236,0.22252093395631445,False
308,winndixie,IMG_9718.txt,2025-04-28,Rght Grd Ddrnt,1,1,77.4,78.5,76.4,0.0,12.7,1020.0,109,33,1,-0.9536809966304455,-0.300819807635668,2025-05-02,4,0.2857142857142857,0.9749279121818236,-0.22252093395631434,False,2025-04-25,3,0.21428571428571427,0.9749279121818236,0.22252093395631445,False
309,winndixie,IMG_9718.txt,2025-04-28,Degree Dry Spray,1,1,77.4,78.5,76.4,0.0,12.7,1020.0,109,33,1,-0.9536809966304455,-0.300819807635668,2025-05-02,4,0.2857142857142857,0.9749279121818236,-0.22252093395631434,False,2025-04-25,3,0.21428571428571427,0.9749279121818236,0.22252093395631445,False
310,winndixie,IMG_9718.txt,2025-04-28,Bacon Inst Grits,1,1,77.4,78.5,76.4,0.0,12.7,1020.0,109,33,1,-0.9536809966304455,-0.300819807635668,2025-05-02,4,0.2857142857142857,0.9749279121818236,-0.22252093395631434,False,2025-04-25,3,0.21428571428571427,0.9749279121818236,0.22252093395631445,False
311,winndixie,IMG_9718.txt,2025-04-28,Dewafelbakkr Pncks,2,1,77.4,78.5,76.4,0.0,12.7,1020.0,109,33,1,-0.9536809966304455,-0.300819807635668,2025-05-02,4,0.2857142857142857,0.9749279121818236,-0.22252093395631434,False,2025-04-25,3,0.21428571428571427,0.9749279121818236,0.22252093395631445,False
312,winndixie,IMG_9718.txt,2025-04-28,SE Grocers Bread,1,1,77.4,78.5,76.4,0.0,12.7,1020.0,109,33,1,-0.9536809966304455,-0.300819807635668,2025-05-02,4,0.2857142857142857,0.9749279121818236,-0.22252093395631434,False,2025-04-25,3,0.21428571428571427,0.9749279121818236,0.22252093395631445,False
313,winndixie,IMG_9718.txt,2025-04-28,Peter Pan Pnt Bttr,1,1,77.4,78.5,76.4,0.0,12.7,1020.0,109,33,1,-0.9536809966304455,-0.300819807635668,2025-05-02,4,0.2857142857142857,0.9749279121818236,-0.22252093395631434,False,2025-04-25,3,0.21428571428571427,0.9749279121818236,0.22252093395631445,False
314,winndixie,IMG_9717.txt,2025-04-29,Danimals Smoothie,1,1,78.2,79.4,75.9,0.0,13.9,1020.1,108,32,1,-0.9587178169872964,-0.2843591872810036,2025-05-02,3,0.21428571428571427,0.9749279121818236,0.22252093395631445,False,2025-04-25,4,0.2857142857142857,0.9749279121818236,-0.22252093395631434,False
315,winndixie,IMG_9717.txt,2025-04-29,Cheetos,1,1,78.2,79.4,75.9,0.0,13.9,1020.1,108,32,1,-0.9587178169872964,-0.2843591872810036,2025-05-02,3,0.21428571428571427,0.9749279121818236,0.22252093395631445,False,2025-04-25,4,0.2857142857142857,0.9749279121818236,-0.22252093395631434,False
316,winndixie,IMG_9717.txt,2025-04-29,SEG Canned Fruit,1,1,78.2,79.4,75.9,0.0,13.9,1020.1,108,32,1,-0.9587178169872964,-0.2843591872810036,2025-05-02,3,0.21428571428571427,0.9749279121818236,0.22252093395631445,False,2025-04-25,4,0.2857142857142857,0.9749279121818236,-0.22252093395631434,False
317,winndixie,IMG_9717.txt,2025-04-29,k&l Sweet Peas,1,1,78.2,79.4,75.9,0.0,13.9,1020.1,108,32,1,-0.9587178169872964,-0.2843591872810036,2025-05-02,3,0.21428571428571427,0.9749279121818236,0.22252093395631445,False,2025-04-25,4,0.2857142857142857,0.9749279121818236,-0.22252093395631434,False
318,winndixie,IMG_9717.txt,2025-04-29,SpaghettiOs Pasta,1,1,78.2,79.4,75.9,0.0,13.9,1020.1,108,32,1,-0.9587178169872964,-0.2843591872810036,2025-05-02,3,0.21428571428571427,0.9749279121818236,0.22252093395631445,False,2025-04-25,4,0.2857142857142857,0.9749279121818236,-0.22252093395631434,False
319,winndixie,IMG_9717.txt,2025-04-29,Chips Ahoy Cookies,1,1,78.2,79.4,75.9,0.0,13.9,1020.1,108,32,1,-0.9587178169872964,-0.2843591872810036,2025-05-02,3,0.21428571428571427,0.9749279121818236,0.22252093395631445,False,2025-04-25,4,0.2857142857142857,0.9749279121818236,-0.22252093395631434,False
320,winndixie,IMG_9717.txt,2025-04-29,Wheat Thins Crackr,1,1,78.2,79.4,75.9,0.0,13.9,1020.1,108,32,1,-0.9587178169872964,-0.2843591872810036,2025-05-02,3,0.21428571428571427,0.9749279121818236,0.22252093395631445,False,2025-04-25,4,0.2857142857142857,0.9749279121818236,-0.22252093395631434,False
321,winndixie,IMG_9717.txt,2025-04-29,Knorr Rice Sides,1,1,78.2,79.4,75.9,0.0,13.9,1020.1,108,32,1,-0.9587178169872964,-0.2843591872810036,2025-05-02,3,0.21428571428571427,0.9749279121818236,0.22252093395631445,False,2025-04-25,4,0.2857142857142857,0.9749279121818236,-0.22252093395631434,False
322,winndixie,IMG_9717.txt,2025-04-29,Chobani Yogurt,1,1,78.2,79.4,75.9,0.0,13.9,1020.1,108,32,1,-0.9587178169872964,-0.2843591872810036,2025-05-02,3,0.21428571428571427,0.9749279121818236,0.22252093395631445,False,2025-04-25,4,0.2857142857142857,0.9749279121818236,-0.22252093395631434,False
323,winndixie,IMG_9717.txt,2025-04-29,Sparkling Ice Wtr,1,1,78.2,79.4,75.9,0.0,13.9,1020.1,108,32,1,-0.9587178169872964,-0.2843591872810036,2025-05-02,3,0.21428571428571427,0.9749279121818236,0.22252093395631445,False,2025-04-25,4,0.2857142857142857,0.9749279121818236,-0.22252093395631434,False
324,winndixie,IMG_9717.txt,2025-04-29,Sparkling Ice Wtr,2,1,78.2,79.4,75.9,0.0,13.9,1020.1,108,32,1,-0.9587178169872964,-0.2843591872810036,2025-05-02,3,0.21428571428571427,0.9749279121818236,0.22252093395631445,False,2025-04-25,4,0.2857142857142857,0.9749279121818236,-0.22252093395631434,False
325,winndixie,IMG_9717.txt,2025-04-29,Sparkling Ice Wtr,1,1,78.2,79.4,75.9,0.0,13.9,1020.1,108,32,1,-0.9587178169872964,-0.2843591872810036,2025-05-02,3,0.21428571428571427,0.9749279121818236,0.22252093395631445,False,2025-04-25,4,0.2857142857142857,0.9749279121818236,-0.22252093395631434,False
326,winndixie,IMG_9717.txt,2025-04-29,Sparkling Ice Wtr,1,1,78.2,79.4,75.9,0.0,13.9,1020.1,108,32,1,-0.9587178169872964,-0.2843591872810036,2025-05-02,3,0.21428571428571427,0.9749279121818236,0.22252093395631445,False,2025-04-25,4,0.2857142857142857,0.9749279121818236,-0.22252093395631434,False
327,winndixie,IMG_9717.txt,2025-04-29,Chicken Cutlet,1,1,78.2,79.4,75.9,0.0,13.9,1020.1,108,32,1,-0.9587178169872964,-0.2843591872810036,2025-05-02,3,0.21428571428571427,0.9749279121818236,0.22252093395631445,False,2025-04-25,4,0.2857142857142857,0.9749279121818236,-0.22252093395631434,False
328,winndixie,IMG_9717.txt,2025-04-29,Pork Chops,1,1,78.2,79.4,75.9,0.0,13.9,1020.1,108,32,1,-0.9587178169872964,-0.2843591872810036,2025-05-02,3,0.21428571428571427,0.9749279121818236,0.22252093395631445,False,2025-04-25,4,0.2857142857142857,0.9749279121818236,-0.22252093395631434,False
329,winndixie,IMG_9717.txt,2025-04-29,wr Apples,1,1,78.2,79.4,75.9,0.0,13.9,1020.1,108,32,1,-0.9587178169872964,-0.2843591872810036,2025-05-02,3,0.21428571428571427,0.9749279121818236,0.22252093395631445,False,2025-04-25,4,0.2857142857142857,0.9749279121818236,-0.22252093395631434,False
330,winndixie,IMG_9717.txt,2025-04-29,. Yellow Corn,3,1,78.2,79.4,75.9,0.0,13.9,1020.1,108,32,1,-0.9587178169872964,-0.2843591872810036,2025-05-02,3,0.21428571428571427,0.9749279121818236,0.22252093395631445,False,2025-04-25,4,0.2857142857142857,0.9749279121818236,-0.22252093395631434,False
331,winndixie,IMG_9717.txt,2025-04-29,k&l Milk,1,1,78.2,79.4,75.9,0.0,13.9,1020.1,108,32,1,-0.9587178169872964,-0.2843591872810036,2025-05-02,3,0.21428571428571427,0.9749279121818236,0.22252093395631445,False,2025-04-25,4,0.2857142857142857,0.9749279121818236,-0.22252093395631434,False
332,winndixie,IMG_9716.txt,2025-05-03,Bunny Bread,1,1,73.1,73.3,82.1,0.165,14.9,1012.6,104,28,1,-0.9760105506323682,-0.21772323039653224,2025-05-02,1,0.07142857142857142,0.4338837391175581,0.9009688679024191,False,2025-05-09,6,0.42857142857142855,0.43388373911755823,-0.900968867902419,False
333,winndixie,IMG_9716.txt,2025-05-03,NABISCO MINI VARTY,2,1,73.1,73.3,82.1,0.165,14.9,1012.6,104,28,1,-0.9760105506323682,-0.21772323039653224,2025-05-02,1,0.07142857142857142,0.4338837391175581,0.9009688679024191,False,2025-05-09,6,0.42857142857142855,0.43388373911755823,-0.900968867902419,False
334,winndixie,IMG_9716.txt,2025-05-03,Blue Bell IceCream,1,1,73.1,73.3,82.1,0.165,14.9,1012.6,104,28,1,-0.9760105506323682,-0.21772323039653224,2025-05-02,1,0.07142857142857142,0.4338837391175581,0.9009688679024191,False,2025-05-09,6,0.42857142857142855,0.43388373911755823,-0.900968867902419,False
335,winndixie,IMG_9716.txt,2025-05-03,Little Debbie Snck,1,1,73.1,73.3,82.1,0.165,14.9,1012.6,104,28,1,-0.9760105506323682,-0.21772323039653224,2025-05-02,1,0.07142857142857142,0.4338837391175581,0.9009688679024191,False,2025-05-09,6,0.42857142857142855,0.43388373911755823,-0.900968867902419,False
336,winndixie,IMG_9716.txt,2025-05-03,k&l Milk,1,1,73.1,73.3,82.1,0.165,14.9,1012.6,104,28,1,-0.9760105506323682,-0.21772323039653224,2025-05-02,1,0.07142857142857142,0.4338837391175581,0.9009688679024191,False,2025-05-09,6,0.42857142857142855,0.43388373911755823,-0.900968867902419,False
337,winndixie,IMG_9716.txt,2025-05-03,Slim Jim Jerky,1,1,73.1,73.3,82.1,0.165,14.9,1012.6,104,28,1,-0.9760105506323682,-0.21772323039653224,2025-05-02,1,0.07142857142857142,0.4338837391175581,0.9009688679024191,False,2025-05-09,6,0.42857142857142855,0.43388373911755823,-0.900968867902419,False
338,winndixie,IMG_9716.txt,2025-05-03,SUAVE SWEET PEA BW,1,1,73.1,73.3,82.1,0.165,14.9,1012.6,104,28,1,-0.9760105506323682,-0.21772323039653224,2025-05-02,1,0.07142857142857142,0.4338837391175581,0.9009688679024191,False,2025-05-09,6,0.42857142857142855,0.43388373911755823,-0.900968867902419,False
339,winndixie,IMG_9716.txt,2025-05-03,Hershey's Syrup,1,1,73.1,73.3,82.1,0.165,14.9,1012.6,104,28,1,-0.9760105506323682,-0.21772323039653224,2025-05-02,1,0.07142857142857142,0.4338837391175581,0.9009688679024191,False,2025-05-09,6,0.42857142857142855,0.43388373911755823,-0.900968867902419,False
340,winndixie,IMG_9716.txt,2025-05-03,SEG Jumbo Biscuit,1,1,73.1,73.3,82.1,0.165,14.9,1012.6,104,28,1,-0.9760105506323682,-0.21772323039653224,2025-05-02,1,0.07142857142857142,0.4338837391175581,0.9009688679024191,False,2025-05-09,6,0.42857142857142855,0.43388373911755823,-0.900968867902419,False
341,winndixie,IMG_9716.txt,2025-05-03,Philadlph Crm Chse,1,1,73.1,73.3,82.1,0.165,14.9,1012.6,104,28,1,-0.9760105506323682,-0.21772323039653224,2025-05-02,1,0.07142857142857142,0.4338837391175581,0.9009688679024191,False,2025-05-09,6,0.42857142857142855,0.43388373911755823,-0.900968867902419,False
342,winndixie,IMG_9716.txt,2025-05-03,SpaghettiOs Pasta,2,1,73.1,73.3,82.1,0.165,14.9,1012.6,104,28,1,-0.9760105506323682,-0.21772323039653224,2025-05-02,1,0.07142857142857142,0.4338837391175581,0.9009688679024191,False,2025-05-09,6,0.42857142857142855,0.43388373911755823,-0.900968867902419,False
343,winndixie,IMG_9716.txt,2025-05-03,Bush's Best Beans,1,1,73.1,73.3,82.1,0.165,14.9,1012.6,104,28,1,-0.9760105506323682,-0.21772323039653224,2025-05-02,1,0.07142857142857142,0.4338837391175581,0.9009688679024191,False,2025-05-09,6,0.42857142857142855,0.43388373911755823,-0.900968867902419,False
344,winndixie,IMG_9716.txt,2025-05-03,Hubba Bubba Gum,1,1,73.1,73.3,82.1,0.165,14.9,1012.6,104,28,1,-0.9760105506323682,-0.21772323039653224,2025-05-02,1,0.07142857142857142,0.4338837391175581,0.9009688679024191,False,2025-05-09,6,0.42857142857142855,0.43388373911755823,-0.900968867902419,False
345,winndixie,IMG_9716.txt,2025-05-03,SEG Turkey,1,1,73.1,73.3,82.1,0.165,14.9,1012.6,104,28,1,-0.9760105506323682,-0.21772323039653224,2025-05-02,1,0.07142857142857142,0.4338837391175581,0.9009688679024191,False,2025-05-09,6,0.42857142857142855,0.43388373911755823,-0.900968867902419,False
346,winndixie,IMG_9716.txt,2025-05-03,Top Sirloin Steak,1,1,73.1,73.3,82.1,0.165,14.9,1012.6,104,28,1,-0.9760105506323682,-0.21772323039653224,2025-05-02,1,0.07142857142857142,0.4338837391175581,0.9009688679024191,False,2025-05-09,6,0.42857142857142855,0.43388373911755823,-0.900968867902419,False
347,winndixie,IMG_9716.txt,2025-05-03,Chicken Leg,1,1,73.1,73.3,82.1,0.165,14.9,1012.6,104,28,1,-0.9760105506323682,-0.21772323039653224,2025-05-02,1,0.07142857142857142,0.4338837391175581,0.9009688679024191,False,2025-05-09,6,0.42857142857142855,0.43388373911755823,-0.900968867902419,False
348,winndixie,IMG_9715.txt,2025-05-10,Pearl Millng Syrup,1,1,70.2,70.2,82.0,0.0,15.0,1012.0,97,21,1,-0.9951053111006974,-0.09882013873287211,2025-05-16,6,0.42857142857142855,0.43388373911755823,-0.900968867902419,False,2025-05-09,1,0.07142857142857142,0.4338837391175581,0.9009688679024191,False
349,winndixie,IMG_9715.txt,2025-05-10,Hugbi Pies,2,1,70.2,70.2,82.0,0.0,15.0,1012.0,97,21,1,-0.9951053111006974,-0.09882013873287211,2025-05-16,6,0.42857142857142855,0.43388373911755823,-0.900968867902419,False,2025-05-09,1,0.07142857142857142,0.4338837391175581,0.9009688679024191,False
350,winndixie,IMG_9715.txt,2025-05-10,HALLMARK ITEM,1,1,70.2,70.2,82.0,0.0,15.0,1012.0,97,21,1,-0.9951053111006974,-0.09882013873287211,2025-05-16,6,0.42857142857142855,0.43388373911755823,-0.900968867902419,False,2025-05-09,1,0.07142857142857142,0.4338837391175581,0.9009688679024191,False
351,winndixie,IMG_9715.txt,2025-05-10,. DR PEPPER 12PK,3,1,70.2,70.2,82.0,0.0,15.0,1012.0,97,21,1,-0.9951053111006974,-0.09882013873287211,2025-05-16,6,0.42857142857142855,0.43388373911755823,-0.900968867902419,False,2025-05-09,1,0.07142857142857142,0.4338837391175581,0.9009688679024191,False
352,winndixie,IMG_9715.txt,2025-05-10,Coca Cola Cola,2,1,70.2,70.2,82.0,0.0,15.0,1012.0,97,21,1,-0.9951053111006974,-0.09882013873287211,2025-05-16,6,0.42857142857142855,0.43388373911755823,-0.900968867902419,False,2025-05-09,1,0.07142857142857142,0.4338837391175581,0.9009688679024191,False
353,winndixie,IMG_9713.txt,2025-05-15,k&l Milk,1,1,81.8,86.3,80.3,0.0,15.0,1012.4,92,16,1,-0.9999166586547379,-0.012910296075008843,2025-05-16,1,0.07142857142857142,0.4338837391175581,0.9009688679024191,False,2025-05-09,6,0.42857142857142855,0.43388373911755823,-0.900968867902419,False
354,winndixie,IMG_9713.txt,2025-05-15,Sno-Balls To Go,1,1,81.8,86.3,80.3,0.0,15.0,1012.4,92,16,1,-0.9999166586547379,-0.012910296075008843,2025-05-16,1,0.07142857142857142,0.4338837391175581,0.9009688679024191,False,2025-05-09,6,0.42857142857142855,0.43388373911755823,-0.900968867902419,False
355,winndixie,IMG_9712.txt,2025-05-31,SEG Ice Cream Cone,1,1,79.9,80.1,57.3,0.0,11.4,1014.4,76,0,1,-0.965739937654855,0.25951179706979943,2025-05-30,1,0.07142857142857142,0.4338837391175581,0.9009688679024191,False,2025-06-06,6,0.42857142857142855,0.43388373911755823,-0.900968867902419,False
356,winndixie,IMG_9712.txt,2025-05-31,DIGIORNO PIZZA,1,1,79.9,80.1,57.3,0.0,11.4,1014.4,76,0,1,-0.965739937654855,0.25951179706979943,2025-05-30,1,0.07142857142857142,0.4338837391175581,0.9009688679024191,False,2025-06-06,6,0.42857142857142855,0.43388373911755823,-0.900968867902419,False
357,winndixie,IMG_9712.txt,2025-05-31,Lotus Cookie Buttr,1,1,79.9,80.1,57.3,0.0,11.4,1014.4,76,0,1,-0.965739937654855,0.25951179706979943,2025-05-30,1,0.07142857142857142,0.4338837391175581,0.9009688679024191,False,2025-06-06,6,0.42857142857142855,0.43388373911755823,-0.900968867902419,False
358,winndixie,IMG_9712.txt,2025-05-31,SpaghettiOs Pasta,1,1,79.9,80.1,57.3,0.0,11.4,1014.4,76,0,1,-0.965739937654855,0.25951179706979943,2025-05-30,1,0.07142857142857142,0.4338837391175581,0.9009688679024191,False,2025-06-06,6,0.42857142857142855,0.43388373911755823,-0.900968867902419,False
359,winndixie,IMG_9711.txt,2025-06-01,Bunny Bread,1,1,79.0,79.9,64.9,0.0,10.3,1013.7,75,364,0,-0.961129783872301,0.276096973097468,2025-05-30,2,0.14285714285714285,0.7818314824680298,0.6234898018587336,False,2025-06-06,5,0.35714285714285715,0.7818314824680299,-0.6234898018587335,False
360,winndixie,IMG_9711.txt,2025-06-01,Fresh Meats,1,1,79.0,79.9,64.9,0.0,10.3,1013.7,75,364,0,-0.961129783872301,0.276096973097468,2025-05-30,2,0.14285714285714285,0.7818314824680298,0.6234898018587336,False,2025-06-06,5,0.35714285714285715,0.7818314824680299,-0.6234898018587335,False
361,winndixie,IMG_9711.txt,2025-06-01,k&l Milk,1,1,79.0,79.9,64.9,0.0,10.3,1013.7,75,364,0,-0.961129783872301,0.276096973097468,2025-05-30,2,0.14285714285714285,0.7818314824680298,0.6234898018587336,False,2025-06-06,5,0.35714285714285715,0.7818314824680299,-0.6234898018587335,False
362,winndixie,IMG_9711.txt,2025-06-01,Oscar Mayer Lnchbl,1,1,79.0,79.9,64.9,0.0,10.3,1013.7,75,364,0,-0.961129783872301,0.276096973097468,2025-05-30,2,0.14285714285714285,0.7818314824680298,0.6234898018587336,False,2025-06-06,5,0.35714285714285715,0.7818314824680299,-0.6234898018587335,False
363,winndixie,IMG_9711.txt,2025-06-01,Chobani Yogurt,2,1,79.0,79.9,64.9,0.0,10.3,1013.7,75,364,0,-0.961129783872301,0.276096973097468,2025-05-30,2,0.14285714285714285,0.7818314824680298,0.6234898018587336,False,2025-06-06,5,0.35714285714285715,0.7818314824680299,-0.6234898018587335,False
364,winndixie,IMG_9711.txt,2025-06-01,SE Grocers Pasta,1,1,79.0,79.9,64.9,0.0,10.3,1013.7,75,364,0,-0.961129783872301,0.276096973097468,2025-05-30,2,0.14285714285714285,0.7818314824680298,0.6234898018587336,False,2025-06-06,5,0.35714285714285715,0.7818314824680299,-0.6234898018587335,False
365,winndixie,IMG_9711.txt,2025-06-01,SEG Turkey,1,1,79.0,79.9,64.9,0.0,10.3,1013.7,75,364,0,-0.961129783872301,0.276096973097468,2025-05-30,2,0.14285714285714285,0.7818314824680298,0.6234898018587336,False,2025-06-06,5,0.35714285714285715,0.7818314824680299,-0.6234898018587335,False
366,winndixie,IMG_9711.txt,2025-06-01,k&l Corn,1,1,79.0,79.9,64.9,0.0,10.3,1013.7,75,364,0,-0.961129783872301,0.276096973097468,2025-05-30,2,0.14285714285714285,0.7818314824680298,0.6234898018587336,False,2025-06-06,5,0.35714285714285715,0.7818314824680299,-0.6234898018587335,False
367,winndixie,IMG_9711.txt,2025-06-01,k&l Diced Tomatoes,1,1,79.0,79.9,64.9,0.0,10.3,1013.7,75,364,0,-0.961129783872301,0.276096973097468,2025-05-30,2,0.14285714285714285,0.7818314824680298,0.6234898018587336,False,2025-06-06,5,0.35714285714285715,0.7818314824680299,-0.6234898018587335,False
368,winndixie,IMG_9711.txt,2025-06-01,Nutella Spread,1,1,79.0,79.9,64.9,0.0,10.3,1013.7,75,364,0,-0.961129783872301,0.276096973097468,2025-05-30,2,0.14285714285714285,0.7818314824680298,0.6234898018587336,False,2025-06-06,5,0.35714285714285715,0.7818314824680299,-0.6234898018587335,False
369,winndixie,IMG_9711.txt,2025-06-01,Coffee Mate Creamr,1,1,79.0,79.9,64.9,0.0,10.3,1013.7,75,364,0,-0.961129783872301,0.276096973097468,2025-05-30,2,0.14285714285714285,0.7818314824680298,0.6234898018587336,False,2025-06-06,5,0.35714285714285715,0.7818314824680299,-0.6234898018587335,False
370,winndixie,IMG_9711.txt,2025-06-01,Lunchables Snack,2,1,79.0,79.9,64.9,0.0,10.3,1013.7,75,364,0,-0.961129783872301,0.276096973097468,2025-05-30,2,0.14285714285714285,0.7818314824680298,0.6234898018587336,False,2025-06-06,5,0.35714285714285715,0.7818314824680299,-0.6234898018587335,False
371,winndixie,IMG_9711.txt,2025-06-01,Lunchables Snack,1,1,79.0,79.9,64.9,0.0,10.3,1013.7,75,364,0,-0.961129783872301,0.276096973097468,2025-05-30,2,0.14285714285714285,0.7818314824680298,0.6234898018587336,False,2025-06-06,5,0.35714285714285715,0.7818314824680299,-0.6234898018587335,False
372,winndixie,IMG_9711.txt,2025-06-01,OM BASICS HAM-AMER,1,1,79.0,79.9,64.9,0.0,10.3,1013.7,75,364,0,-0.961129783872301,0.276096973097468,2025-05-30,2,0.14285714285714285,0.7818314824680298,0.6234898018587336,False,2025-06-06,5,0.35714285714285715,0.7818314824680299,-0.6234898018587335,False
373,winndixie,IMG_9710.txt,2025-06-06,Smucker's Jelly,2,1,84.1,91.6,78.1,0.151,11.4,1016.5,70,359,0,-0.9338372288229252,0.35769823883312546,2025-06-13,7,0.5,1.2246467991473532e-16,-1.0,False,2025-06-06,0,0.0,0.0,1.0,True
374,winndixie,IMG_9710.txt,2025-06-06,Sno-Balls To Go,1,1,84.1,91.6,78.1,0.151,11.4,1016.5,70,359,0,-0.9338372288229252,0.35769823883312546,2025-06-13,7,0.5,1.2246467991473532e-16,-1.0,False,2025-06-06,0,0.0,0.0,1.0,True
375,winndixie,IMG_9710.txt,2025-06-06,Sno-Balls To Go,1,1,84.1,91.6,78.1,0.151,11.4,1016.5,70,359,0,-0.9338372288229252,0.35769823883312546,2025-06-13,7,0.5,1.2246467991473532e-16,-1.0,False,2025-06-06,0,0.0,0.0,1.0,True
376,winndixie,IMG_9710.txt,2025-06-06,Dewafelbakkr Pncks,1,1,84.1,91.6,78.1,0.151,11.4,1016.5,70,359,0,-0.9338372288229252,0.35769823883312546,2025-06-13,7,0.5,1.2246467991473532e-16,-1.0,False,2025-06-06,0,0.0,0.0,1.0,True
377,winndixie,IMG_9710.txt,2025-06-06,. Hugbi Pies,3,1,84.1,91.6,78.1,0.151,11.4,1016.5,70,359,0,-0.9338372288229252,0.35769823883312546,2025-06-13,7,0.5,1.2246467991473532e-16,-1.0,False,2025-06-06,0,0.0,0.0,1.0,True
378,winndixie,IMG_9709.txt,2025-06-07,Fanta Soda,1,1,85.6,94.6,76.1,0.0,12.7,1015.3,69,358,0,-0.9275416835791969,0.3737197147904684,2025-06-13,6,0.42857142857142855,0.43388373911755823,-0.900968867902419,False,2025-06-06,1,0.07142857142857142,0.4338837391175581,0.9009688679024191,False
379,winndixie,IMG_9709.txt,2025-06-07,Minute Maid Lmnade,1,1,85.6,94.6,76.1,0.0,12.7,1015.3,69,358,0,-0.9275416835791969,0.3737197147904684,2025-06-13,6,0.42857142857142855,0.43388373911755823,-0.900968867902419,False,2025-06-06,1,0.07142857142857142,0.4338837391175581,0.9009688679024191,False
380,winndixie,IMG_9709.txt,2025-06-07,Smucker's Spread,1,1,85.6,94.6,76.1,0.0,12.7,1015.3,69,358,0,-0.9275416835791969,0.3737197147904684,2025-06-13,6,0.42857142857142855,0.43388373911755823,-0.900968867902419,False,2025-06-06,1,0.07142857142857142,0.4338837391175581,0.9009688679024191,False
381,winndixie,IMG_9709.txt,2025-06-07,Blue Plate Mynnase,2,1,85.6,94.6,76.1,0.0,12.7,1015.3,69,358,0,-0.9275416835791969,0.3737197147904684,2025-06-13,6,0.42857142857142855,0.43388373911755823,-0.900968867902419,False,2025-06-06,1,0.07142857142857142,0.4338837391175581,0.9009688679024191,False
382,winndixie,IMG_9709.txt,2025-06-07,HSWT Thk Bacon,1,1,85.6,94.6,76.1,0.0,12.7,1015.3,69,358,0,-0.9275416835791969,0.3737197147904684,2025-06-13,6,0.42857142857142855,0.43388373911755823,-0.900968867902419,False,2025-06-06,1,0.07142857142857142,0.4338837391175581,0.9009688679024191,False
383,winndixie,IMG_9709.txt,2025-06-07,D&W Cheese,1,1,85.6,94.6,76.1,0.0,12.7,1015.3,69,358,0,-0.9275416835791969,0.3737197147904684,2025-06-13,6,0.42857142857142855,0.43388373911755823,-0.900968867902419,False,2025-06-06,1,0.07142857142857142,0.4338837391175581,0.9009688679024191,False
384,winndixie,IMG_9709.txt,2025-06-07,SEG Turkey,1,1,85.6,94.6,76.1,0.0,12.7,1015.3,69,358,0,-0.9275416835791969,0.3737197147904684,2025-06-13,6,0.42857142857142855,0.43388373911755823,-0.900968867902419,False,2025-06-06,1,0.07142857142857142,0.4338837391175581,0.9009688679024191,False
385,winndixie,IMG_9709.txt,2025-06-07,Bunny Bread,1,1,85.6,94.6,76.1,0.0,12.7,1015.3,69,358,0,-0.9275416835791969,0.3737197147904684,2025-06-13,6,0.42857142857142855,0.43388373911755823,-0.900968867902419,False,2025-06-06,1,0.07142857142857142,0.4338837391175581,0.9009688679024191,False
386,winndixie,IMG_9708.txt,2025-06-09,Little Hug Drink,1,1,83.7,92.6,80.0,0.0,13.9,1013.0,67,356,0,-0.9141279881853341,0.4054257283599965,2025-06-13,4,0.2857142857142857,0.9749279121818236,-0.22252093395631434,False,2025-06-06,3,0.21428571428571427,0.9749279121818236,0.22252093395631445,False
387,winndixie,IMG_9707.txt,2025-06-22,GAIN LQ HEC OXI WD,1,1,87.9,98.6,69.7,0.0,12.7,1020.0,54,343,0,-0.8013610881746764,0.5981809144059166,2025-06-27,5,0.35714285714285715,0.7818314824680299,-0.6234898018587335,False,2025-06-20,2,0.14285714285714285,0.7818314824680298,0.6234898018587336,False
388,winndixie,IMG_9707.txt,2025-06-22,k&l Milk,1,1,87.9,98.6,69.7,0.0,12.7,1020.0,54,343,0,-0.8013610881746764,0.5981809144059166,2025-06-27,5,0.35714285714285715,0.7818314824680299,-0.6234898018587335,False,2025-06-20,2,0.14285714285714285,0.7818314824680298,0.6234898018587336,False
389,winndixie,IMG_9707.txt,2025-06-22,BB MINI SWIRL CONE,1,1,87.9,98.6,69.7,0.0,12.7,1020.0,54,343,0,-0.8013610881746764,0.5981809144059166,2025-06-27,5,0.35714285714285715,0.7818314824680299,-0.6234898018587335,False,2025-06-20,2,0.14285714285714285,0.7818314824680298,0.6234898018587336,False
390,winndixie,IMG_9707.txt,2025-06-22,Oscar Mayer Lnchbl,1,1,87.9,98.6,69.7,0.0,12.7,1020.0,54,343,0,-0.8013610881746764,0.5981809144059166,2025-06-27,5,0.35714285714285715,0.7818314824680299,-0.6234898018587335,False,2025-06-20,2,0.14285714285714285,0.7818314824680298,0.6234898018587336,False
391,winndixie,IMG_9707.txt,2025-06-22,Lunchables Snack,1,1,87.9,98.6,69.7,0.0,12.7,1020.0,54,343,0,-0.8013610881746764,0.5981809144059166,2025-06-27,5,0.35714285714285715,0.7818314824680299,-0.6234898018587335,False,2025-06-20,2,0.14285714285714285,0.7818314824680298,0.6234898018587336,False
392,winndixie,IMG_9707.txt,2025-06-22,Lunchables Snack,1,1,87.9,98.6,69.7,0.0,12.7,1020.0,54,343,0,-0.8013610881746764,0.5981809144059166,2025-06-27,5,0.35714285714285715,0.7818314824680299,-0.6234898018587335,False,2025-06-20,2,0.14285714285714285,0.7818314824680298,0.6234898018587336,False
393,winndixie,IMG_9707.txt,2025-06-22,Nutella Spread,1,1,87.9,98.6,69.7,0.0,12.7,1020.0,54,343,0,-0.8013610881746764,0.5981809144059166,2025-06-27,5,0.35714285714285715,0.7818314824680299,-0.6234898018587335,False,2025-06-20,2,0.14285714285714285,0.7818314824680298,0.6234898018587336,False
394,winndixie,IMG_9707.txt,2025-06-22,SEG Turkey,1,1,87.9,98.6,69.7,0.0,12.7,1020.0,54,343,0,-0.8013610881746764,0.5981809144059166,2025-06-27,5,0.35714285714285715,0.7818314824680299,-0.6234898018587335,False,2025-06-20,2,0.14285714285714285,0.7818314824680298,0.6234898018587336,False
395,winndixie,IMG_9707.txt,2025-06-22,D&W Cheese,1,1,87.9,98.6,69.7,0.0,12.7,1020.0,54,343,0,-0.8013610881746764,0.5981809144059166,2025-06-27,5,0.35714285714285715,0.7818314824680299,-0.6234898018587335,False,2025-06-20,2,0.14285714285714285,0.7818314824680298,0.6234898018587336,False
396,winndixie,IMG_9707.txt,2025-06-22,Chobani Yogurt,2,1,87.9,98.6,69.7,0.0,12.7,1020.0,54,343,0,-0.8013610881746764,0.5981809144059166,2025-06-27,5,0.35714285714285715,0.7818314824680299,-0.6234898018587335,False,2025-06-20,2,0.14285714285714285,0.7818314824680298,0.6234898018587336,False
397,winndixie,IMG_9707.txt,2025-06-22,Chicken Cutlet,1,1,87.9,98.6,69.7,0.0,12.7,1020.0,54,343,0,-0.8013610881746764,0.5981809144059166,2025-06-27,5,0.35714285714285715,0.7818314824680299,-0.6234898018587335,False,2025-06-20,2,0.14285714285714285,0.7818314824680298,0.6234898018587336,False
398,winndixie,IMG_9707.txt,2025-06-22,Boneless Pork Ribs,1,1,87.9,98.6,69.7,0.0,12.7,1020.0,54,343,0,-0.8013610881746764,0.5981809144059166,2025-06-27,5,0.35714285714285715,0.7818314824680299,-0.6234898018587335,False,2025-06-20,2,0.14285714285714285,0.7818314824680298,0.6234898018587336,False
399,winndixie,IMG_9707.txt,2025-06-22,Bunny Bread,1,1,87.9,98.6,69.7,0.0,12.7,1020.0,54,343,0,-0.8013610881746764,0.5981809144059166,2025-06-27,5,0.35714285714285715,0.7818314824680299,-0.6234898018587335,False,2025-06-20,2,0.14285714285714285,0.7818314824680298,0.6234898018587336,False
400,winndixie,IMG_9706.txt,2025-06-26,Smucker's Uncrstbl,1,1,85.3,92.7,76.0,0.0,10.3,1017.8,50,339,0,-0.7583058084785625,0.6518989958787125,2025-06-27,1,0.07142857142857142,0.4338837391175581,0.9009688679024191,False,2025-06-20,6,0.42857142857142855,0.43388373911755823,-0.900968867902419,False
401,winndixie,IMG_9706.txt,2025-06-26,Minute Maid Lmnade,1,1,85.3,92.7,76.0,0.0,10.3,1017.8,50,339,0,-0.7583058084785625,0.6518989958787125,2025-06-27,1,0.07142857142857142,0.4338837391175581,0.9009688679024191,False,2025-06-20,6,0.42857142857142855,0.43388373911755823,-0.900968867902419,False
402,winndixie,IMG_9706.txt,2025-06-26,Diet Bargs Rt Beer,1,1,85.3,92.7,76.0,0.0,10.3,1017.8,50,339,0,-0.7583058084785625,0.6518989958787125,2025-06-27,1,0.07142857142857142,0.4338837391175581,0.9009688679024191,False,2025-06-20,6,0.42857142857142855,0.43388373911755823,-0.900968867902419,False
403,winndixie,IMG_9706.txt,2025-06-26,Kinder Joy Treat,1,1,85.3,92.7,76.0,0.0,10.3,1017.8,50,339,0,-0.7583058084785625,0.6518989958787125,2025-06-27,1,0.07142857142857142,0.4338837391175581,0.9009688679024191,False,2025-06-20,6,0.42857142857142855,0.43388373911755823,-0.900968867902419,False
404,winndixie,IMG_9706.txt,2025-06-26,Fanta Soda,1,1,85.3,92.7,76.0,0.0,10.3,1017.8,50,339,0,-0.7583058084785625,0.6518989958787125,2025-06-27,1,0.07142857142857142,0.4338837391175581,0.9009688679024191,False,2025-06-20,6,0.42857142857142855,0.43388373911755823,-0.900968867902419,False
405,winndixie,IMG_9705.txt,2025-06-29,Pringles Chips,1,1,83.4,90.6,78.7,0.141,19.3,1018.4,47,336,0,-0.723644038295913,0.6901733882429714,2025-06-27,2,0.14285714285714285,0.7818314824680298,0.6234898018587336,False,2025-07-04,5,0.35714285714285715,0.7818314824680299,-0.6234898018587335,False
406,winndixie,IMG_9705.txt,2025-06-29,Fanta Soda,1,1,83.4,90.6,78.7,0.141,19.3,1018.4,47,336,0,-0.723644038295913,0.6901733882429714,2025-06-27,2,0.14285714285714285,0.7818314824680298,0.6234898018587336,False,2025-07-04,5,0.35714285714285715,0.7818314824680299,-0.6234898018587335,False
407,winndixie,IMG_9704.txt,2025-06-30,. Sno-Balls To Go,3,1,82.4,89.9,84.1,0.134,17.2,1017.9,46,335,0,-0.711656622281775,0.7025274741691566,2025-06-27,3,0.21428571428571427,0.9749279121818236,0.22252093395631445,False,2025-07-04,4,0.2857142857142857,0.9749279121818236,-0.22252093395631434,False
408,winndixie,IMG_9704.txt,2025-06-30,Dewafelbakkr Pncks,1,1,82.4,89.9,84.1,0.134,17.2,1017.9,46,335,0,-0.711656622281775,0.7025274741691566,2025-06-27,3,0.21428571428571427,0.9749279121818236,0.22252093395631445,False,2025-07-04,4,0.2857142857142857,0.9749279121818236,-0.22252093395631434,False
409,winndixie,IMG_9704.txt,2025-06-30,KELLOGG APL JCK GT,1,1,82.4,89.9,84.1,0.134,17.2,1017.9,46,335,0,-0.711656622281775,0.7025274741691566,2025-06-27,3,0.21428571428571427,0.9749279121818236,0.22252093395631445,False,2025-07-04,4,0.2857142857142857,0.9749279121818236,-0.22252093395631434,False
410,winndixie,IMG_9704.txt,2025-06-30,k&l Milk,1,1,82.4,89.9,84.1,0.134,17.2,1017.9,46,335,0,-0.711656622281775,0.7025274741691566,2025-06-27,3,0.21428571428571427,0.9749279121818236,0.22252093395631445,False,2025-07-04,4,0.2857142857142857,0.9749279121818236,-0.22252093395631434,False
411,winndixie,IMG_9704.txt,2025-06-30,DR PEPPER 12PK,8,1,82.4,89.9,84.1,0.134,17.2,1017.9,46,335,0,-0.711656622281775,0.7025274741691566,2025-06-27,3,0.21428571428571427,0.9749279121818236,0.22252093395631445,False,2025-07-04,4,0.2857142857142857,0.9749279121818236,-0.22252093395631434,False
412,winndixie,IMG_9703.txt,2025-07-09,Sno-Balls To Go,4,1,80.9,85.1,83.0,0.927,8.0,1019.7,37,326,0,-0.5947266869607633,0.8039279618328213,2025-07-11,2,0.14285714285714285,0.7818314824680298,0.6234898018587336,False,2025-07-04,5,0.35714285714285715,0.7818314824680299,-0.6234898018587335,False
413,winndixie,IMG_9703.txt,2025-07-09,ALM PETIT FOUR,1,1,80.9,85.1,83.0,0.927,8.0,1019.7,37,326,0,-0.5947266869607633,0.8039279618328213,2025-07-11,2,0.14285714285714285,0.7818314824680298,0.6234898018587336,False,2025-07-04,5,0.35714285714285715,0.7818314824680299,-0.6234898018587335,False
414,winndixie,IMG_9703.txt,2025-07-09,SEG Turkey,1,1,80.9,85.1,83.0,0.927,8.0,1019.7,37,326,0,-0.5947266869607633,0.8039279618328213,2025-07-11,2,0.14285714285714285,0.7818314824680298,0.6234898018587336,False,2025-07-04,5,0.35714285714285715,0.7818314824680299,-0.6234898018587335,False
415,winndixie,IMG_9703.txt,2025-07-09,Peter Pan Pnt Bttr,2,1,80.9,85.1,83.0,0.927,8.0,1019.7,37,326,0,-0.5947266869607633,0.8039279618328213,2025-07-11,2,0.14285714285714285,0.7818314824680298,0.6234898018587336,False,2025-07-04,5,0.35714285714285715,0.7818314824680299,-0.6234898018587335,False
416,winndixie,IMG_9703.txt,2025-07-09,Good2Grow 100% Jce,1,1,80.9,85.1,83.0,0.927,8.0,1019.7,37,326,0,-0.5947266869607633,0.8039279618328213,2025-07-11,2,0.14285714285714285,0.7818314824680298,0.6234898018587336,False,2025-07-04,5,0.35714285714285715,0.7818314824680299,-0.6234898018587335,False
417,winndixie,IMG_9703.txt,2025-07-09,APPLE JACK DONUT,1,1,80.9,85.1,83.0,0.927,8.0,1019.7,37,326,0,-0.5947266869607633,0.8039279618328213,2025-07-11,2,0.14285714285714285,0.7818314824680298,0.6234898018587336,False,2025-07-04,5,0.35714285714285715,0.7818314824680299,-0.6234898018587335,False
418,winndixie,IMG_9703.txt,2025-07-09,Lunchables Snack,1,1,80.9,85.1,83.0,0.927,8.0,1019.7,37,326,0,-0.5947266869607633,0.8039279618328213,2025-07-11,2,0.14285714285714285,0.7818314824680298,0.6234898018587336,False,2025-07-04,5,0.35714285714285715,0.7818314824680299,-0.6234898018587335,False
419,winndixie,IMG_9703.txt,2025-07-09,Sparkling Ice Wtr,1,1,80.9,85.1,83.0,0.927,8.0,1019.7,37,326,0,-0.5947266869607633,0.8039279618328213,2025-07-11,2,0.14285714285714285,0.7818314824680298,0.6234898018587336,False,2025-07-04,5,0.35714285714285715,0.7818314824680299,-0.6234898018587335,False
420,winndixie,IMG_9703.txt,2025-07-09,Sparkling Ice Wtr,1,1,80.9,85.1,83.0,0.927,8.0,1019.7,37,326,0,-0.5947266869607633,0.8039279618328213,2025-07-11,2,0.14285714285714285,0.7818314824680298,0.6234898018587336,False,2025-07-04,5,0.35714285714285715,0.7818314824680299,-0.6234898018587335,False
421,winndixie,IMG_9703.txt,2025-07-09,Sno-Balls To Go,1,1,80.9,85.1,83.0,0.927,8.0,1019.7,37,326,0,-0.5947266869607633,0.8039279618328213,2025-07-11,2,0.14285714285714285,0.7818314824680298,0.6234898018587336,False,2025-07-04,5,0.35714285714285715,0.7818314824680299,-0.6234898018587335,False
422,winndixie,IMG_9703.txt,2025-07-09,Sparkling Ice Wtr,1,1,80.9,85.1,83.0,0.927,8.0,1019.7,37,326,0,-0.5947266869607633,0.8039279618328213,2025-07-11,2,0.14285714285714285,0.7818314824680298,0.6234898018587336,False,2025-07-04,5,0.35714285714285715,0.7818314824680299,-0.6234898018587335,False
423,winndixie,IMG_9703.txt,2025-07-09,Sparkling Ice Wtr,1,1,80.9,85.1,83.0,0.927,8.0,1019.7,37,326,0,-0.5947266869607633,0.8039279618328213,2025-07-11,2,0.14285714285714285,0.7818314824680298,0.6234898018587336,False,2025-07-04,5,0.35714285714285715,0.7818314824680299,-0.6234898018587335,False
424,winndixie,IMG_9703.txt,2025-07-09,Lunchables Snack,1,1,80.9,85.1,83.0,0.927,8.0,1019.7,37,326,0,-0.5947266869607633,0.8039279618328213,2025-07-11,2,0.14285714285714285,0.7818314824680298,0.6234898018587336,False,2025-07-04,5,0.35714285714285715,0.7818314824680299,-0.6234898018587335,False
425,winndixie,IMG_9703.txt,2025-07-09,Chse Vrty Inst Grt,1,1,80.9,85.1,83.0,0.927,8.0,1019.7,37,326,0,-0.5947266869607633,0.8039279618328213,2025-07-11,2,0.14285714285714285,0.7818314824680298,0.6234898018587336,False,2025-07-04,5,0.35714285714285715,0.7818314824680299,-0.6234898018587335,False
426,winndixie,IMG_9703.txt,2025-07-09,Cocoa Krispies Crl,1,1,80.9,85.1,83.0,0.927,8.0,1019.7,37,326,0,-0.5947266869607633,0.8039279618328213,2025-07-11,2,0.14285714285714285,0.7818314824680298,0.6234898018587336,False,2025-07-04,5,0.35714285714285715,0.7818314824680299,-0.6234898018587335,False
427,winndixie,IMG_9703.txt,2025-07-09,Pearl Millng Syrup,1,1,80.9,85.1,83.0,0.927,8.0,1019.7,37,326,0,-0.5947266869607633,0.8039279618328213,2025-07-11,2,0.14285714285714285,0.7818314824680298,0.6234898018587336,False,2025-07-04,5,0.35714285714285715,0.7818314824680299,-0.6234898018587335,False
428,winndixie,IMG_9703.txt,2025-07-09,Coca Cola Cola,3,1,80.9,85.1,83.0,0.927,8.0,1019.7,37,326,0,-0.5947266869607633,0.8039279618328213,2025-07-11,2,0.14285714285714285,0.7818314824680298,0.6234898018587336,False,2025-07-04,5,0.35714285714285715,0.7818314824680299,-0.6234898018587335,False
429,winndixie,IMG_9702.txt,2025-07-12,Nutella Spread,1,1,85.4,94.9,76.6,0.0,10.3,1018.9,34,323,0,-0.5524353131676195,0.83355577183857,2025-07-11,1,0.07142857142857142,0.4338837391175581,0.9009688679024191,False,2025-07-18,6,0.42857142857142855,0.43388373911755823,-0.900968867902419,False
430,winndixie,IMG_9702.txt,2025-07-12,SE Grocers Bread,1,1,85.4,94.9,76.6,0.0,10.3,1018.9,34,323,0,-0.5524353131676195,0.83355577183857,2025-07-11,1,0.07142857142857142,0.4338837391175581,0.9009688679024191,False,2025-07-18,6,0.42857142857142855,0.43388373911755823,-0.900968867902419,False
431,winndixie,IMG_9702.txt,2025-07-12,SEG Pasta Sauce,1,1,85.4,94.9,76.6,0.0,10.3,1018.9,34,323,0,-0.5524353131676195,0.83355577183857,2025-07-11,1,0.07142857142857142,0.4338837391175581,0.9009688679024191,False,2025-07-18,6,0.42857142857142855,0.43388373911755823,-0.900968867902419,False
432,winndixie,IMG_9702.txt,2025-07-12,HS Regular Bacon,1,1,85.4,94.9,76.6,0.0,10.3,1018.9,34,323,0,-0.5524353131676195,0.83355577183857,2025-07-11,1,0.07142857142857142,0.4338837391175581,0.9009688679024191,False,2025-07-18,6,0.42857142857142855,0.43388373911755823,-0.900968867902419,False
433,winndixie,IMG_9702.txt,2025-07-12,SF Chicken Thighs,1,1,85.4,94.9,76.6,0.0,10.3,1018.9,34,323,0,-0.5524353131676195,0.83355577183857,2025-07-11,1,0.07142857142857142,0.4338837391175581,0.9009688679024191,False,2025-07-18,6,0.42857142857142855,0.43388373911755823,-0.900968867902419,False
434,winndixie,IMG_9702.txt,2025-07-12,Lunchables Snack,1,1,85.4,94.9,76.6,0.0,10.3,1018.9,34,323,0,-0.5524353131676195,0.83355577183857,2025-07-11,1,0.07142857142857142,0.4338837391175581,0.9009688679024191,False,2025-07-18,6,0.42857142857142855,0.43388373911755823,-0.900968867902419,False
435,winndixie,IMG_9702.txt,2025-07-12,Lunchables Snack,1,1,85.4,94.9,76.6,0.0,10.3,1018.9,34,323,0,-0.5524353131676195,0.83355577183857,2025-07-11,1,0.07142857142857142,0.4338837391175581,0.9009688679024191,False,2025-07-18,6,0.42857142857142855,0.43388373911755823,-0.900968867902419,False
436,winndixie,IMG_9702.txt,2025-07-12,OM BASICS TURKEY-A,1,1,85.4,94.9,76.6,0.0,10.3,1018.9,34,323,0,-0.5524353131676195,0.83355577183857,2025-07-11,1,0.07142857142857142,0.4338837391175581,0.9009688679024191,False,2025-07-18,6,0.42857142857142855,0.43388373911755823,-0.900968867902419,False
437,winndixie,IMG_9702.txt,2025-07-12,Lunchables Snack,1,1,85.4,94.9,76.6,0.0,10.3,1018.9,34,323,0,-0.5524353131676195,0.83355577183857,2025-07-11,1,0.07142857142857142,0.4338837391175581,0.9009688679024191,False,2025-07-18,6,0.42857142857142855,0.43388373911755823,-0.900968867902419,False
438,winndixie,IMG_9702.txt,2025-07-12,Watermelon,1,1,85.4,94.9,76.6,0.0,10.3,1018.9,34,323,0,-0.5524353131676195,0.83355577183857,2025-07-11,1,0.07142857142857142,0.4338837391175581,0.9009688679024191,False,2025-07-18,6,0.42857142857142855,0.43388373911755823,-0.900968867902419,False
439,winndixie,IMG_9701.txt,2025-07-16,SEG Turkey,1,1,85.8,98.1,80.5,0.543,11.4,1015.2,30,319,0,-0.49377555015997737,0.8695893893466109,2025-07-11,5,0.35714285714285715,0.7818314824680299,-0.6234898018587335,False,2025-07-18,2,0.14285714285714285,0.7818314824680298,0.6234898018587336,False
440,winndixie,IMG_9701.txt,2025-07-16,D&W Cheese,1,1,85.8,98.1,80.5,0.543,11.4,1015.2,30,319,0,-0.49377555015997737,0.8695893893466109,2025-07-11,5,0.35714285714285715,0.7818314824680299,-0.6234898018587335,False,2025-07-18,2,0.14285714285714285,0.7818314824680298,0.6234898018587336,False
441,winndixie,IMG_9701.txt,2025-07-16,SE Grocers Bread,1,1,85.8,98.1,80.5,0.543,11.4,1015.2,30,319,0,-0.49377555015997737,0.8695893893466109,2025-07-11,5,0.35714285714285715,0.7818314824680299,-0.6234898018587335,False,2025-07-18,2,0.14285714285714285,0.7818314824680298,0.6234898018587336,False
442,winndixie,IMG_9701.txt,2025-07-16,Gold Peak Tea,1,1,85.8,98.1,80.5,0.543,11.4,1015.2,30,319,0,-0.49377555015997737,0.8695893893466109,2025-07-11,5,0.35714285714285715,0.7818314824680299,-0.6234898018587335,False,2025-07-18,2,0.14285714285714285,0.7818314824680298,0.6234898018587336,False
443,winndixie,IMG_9701.txt,2025-07-16,Sparkling Ice Wtr,1,1,85.8,98.1,80.5,0.543,11.4,1015.2,30,319,0,-0.49377555015997737,0.8695893893466109,2025-07-11,5,0.35714285714285715,0.7818314824680299,-0.6234898018587335,False,2025-07-18,2,0.14285714285714285,0.7818314824680298,0.6234898018587336,False
444,winndixie,IMG_9701.txt,2025-07-16,SI Starburst Straw,1,1,85.8,98.1,80.5,0.543,11.4,1015.2,30,319,0,-0.49377555015997737,0.8695893893466109,2025-07-11,5,0.35714285714285715,0.7818314824680299,-0.6234898018587335,False,2025-07-18,2,0.14285714285714285,0.7818314824680298,0.6234898018587336,False
445,winndixie,IMG_9701.txt,2025-07-16,SI Starburst Cherr,1,1,85.8,98.1,80.5,0.543,11.4,1015.2,30,319,0,-0.49377555015997737,0.8695893893466109,2025-07-11,5,0.35714285714285715,0.7818314824680299,-0.6234898018587335,False,2025-07-18,2,0.14285714285714285,0.7818314824680298,0.6234898018587336,False
446,winndixie,IMG_9700.txt,2025-07-20,k&l Milk,1,1,86.8,98.3,76.3,0.0,11.4,1019.6,26,315,0,-0.4327755925504317,0.9015016841318838,2025-07-25,5,0.35714285714285715,0.7818314824680299,-0.6234898018587335,False,2025-07-18,2,0.14285714285714285,0.7818314824680298,0.6234898018587336,False
447,winndixie,IMG_9700.txt,2025-07-20,Gatorade Beverage,1,1,86.8,98.3,76.3,0.0,11.4,1019.6,26,315,0,-0.4327755925504317,0.9015016841318838,2025-07-25,5,0.35714285714285715,0.7818314824680299,-0.6234898018587335,False,2025-07-18,2,0.14285714285714285,0.7818314824680298,0.6234898018587336,False
448,winndixie,IMG_9700.txt,2025-07-20,Coffee Mate Creamr,1,1,86.8,98.3,76.3,0.0,11.4,1019.6,26,315,0,-0.4327755925504317,0.9015016841318838,2025-07-25,5,0.35714285714285715,0.7818314824680299,-0.6234898018587335,False,2025-07-18,2,0.14285714285714285,0.7818314824680298,0.6234898018587336,False
449,winndixie,IMG_9700.txt,2025-07-20,Scott Bthrm Tissue,1,1,86.8,98.3,76.3,0.0,11.4,1019.6,26,315,0,-0.4327755925504317,0.9015016841318838,2025-07-25,5,0.35714285714285715,0.7818314824680299,-0.6234898018587335,False,2025-07-18,2,0.14285714285714285,0.7818314824680298,0.6234898018587336,False
450,winndixie,IMG_9700.txt,2025-07-20,k&l Sweet Peas,1,1,86.8,98.3,76.3,0.0,11.4,1019.6,26,315,0,-0.4327755925504317,0.9015016841318838,2025-07-25,5,0.35714285714285715,0.7818314824680299,-0.6234898018587335,False,2025-07-18,2,0.14285714285714285,0.7818314824680298,0.6234898018587336,False
451,winndixie,IMG_9700.txt,2025-07-20,SpaghettiOs Pasta,1,1,86.8,98.3,76.3,0.0,11.4,1019.6,26,315,0,-0.4327755925504317,0.9015016841318838,2025-07-25,5,0.35714285714285715,0.7818314824680299,-0.6234898018587335,False,2025-07-18,2,0.14285714285714285,0.7818314824680298,0.6234898018587336,False
452,winndixie,IMG_9700.txt,2025-07-20,Maruchan Ramen Sup,1,1,86.8,98.3,76.3,0.0,11.4,1019.6,26,315,0,-0.4327755925504317,0.9015016841318838,2025-07-25,5,0.35714285714285715,0.7818314824680299,-0.6234898018587335,False,2025-07-18,2,0.14285714285714285,0.7818314824680298,0.6234898018587336,False
453,winndixie,IMG_9700.txt,2025-07-20,Sunny Meadows Eggs,1,1,86.8,98.3,76.3,0.0,11.4,1019.6,26,315,0,-0.4327755925504317,0.9015016841318838,2025-07-25,5,0.35714285714285715,0.7818314824680299,-0.6234898018587335,False,2025-07-18,2,0.14285714285714285,0.7818314824680298,0.6234898018587336,False
454,winndixie,IMG_9700.txt,2025-07-20,SEG Turkey,1,1,86.8,98.3,76.3,0.0,11.4,1019.6,26,315,0,-0.4327755925504317,0.9015016841318838,2025-07-25,5,0.35714285714285715,0.7818314824680299,-0.6234898018587335,False,2025-07-18,2,0.14285714285714285,0.7818314824680298,0.6234898018587336,False
455,winndixie,IMG_9700.txt,2025-07-20,Armour Crunchers,1,1,86.8,98.3,76.3,0.0,11.4,1019.6,26,315,0,-0.4327755925504317,0.9015016841318838,2025-07-25,5,0.35714285714285715,0.7818314824680299,-0.6234898018587335,False,2025-07-18,2,0.14285714285714285,0.7818314824680298,0.6234898018587336,False
456,winndixie,IMG_9700.txt,2025-07-20,Kraft Mac & Cheese,1,1,86.8,98.3,76.3,0.0,11.4,1019.6,26,315,0,-0.4327755925504317,0.9015016841318838,2025-07-25,5,0.35714285714285715,0.7818314824680299,-0.6234898018587335,False,2025-07-18,2,0.14285714285714285,0.7818314824680298,0.6234898018587336,False
457,winndixie,IMG_9700.txt,2025-07-20,OM BASICS HAM-AMER,1,1,86.8,98.3,76.3,0.0,11.4,1019.6,26,315,0,-0.4327755925504317,0.9015016841318838,2025-07-25,5,0.35714285714285715,0.7818314824680299,-0.6234898018587335,False,2025-07-18,2,0.14285714285714285,0.7818314824680298,0.6234898018587336,False
458,winndixie,IMG_9700.txt,2025-07-20,Lunchables Snack,1,1,86.8,98.3,76.3,0.0,11.4,1019.6,26,315,0,-0.4327755925504317,0.9015016841318838,2025-07-25,5,0.35714285714285715,0.7818314824680299,-0.6234898018587335,False,2025-07-18,2,0.14285714285714285,0.7818314824680298,0.6234898018587336,False
459,winndixie,IMG_9700.txt,2025-07-20,wr Bananas,1,1,86.8,98.3,76.3,0.0,11.4,1019.6,26,315,0,-0.4327755925504317,0.9015016841318838,2025-07-25,5,0.35714285714285715,0.7818314824680299,-0.6234898018587335,False,2025-07-18,2,0.14285714285714285,0.7818314824680298,0.6234898018587336,False
460,winndixie,IMG_9700.txt,2025-07-20,Yellow Corn,4,1,86.8,98.3,76.3,0.0,11.4,1019.6,26,315,0,-0.4327755925504317,0.9015016841318838,2025-07-25,5,0.35714285714285715,0.7818314824680299,-0.6234898018587335,False,2025-07-18,2,0.14285714285714285,0.7818314824680298,0.6234898018587336,False
461,winndixie,IMG_9699.txt,2025-07-21,Coca Cola Cola,1,1,86.2,98.3,78.0,0.0,9.2,1018.0,25,314,0,-0.41719360261231697,0.9088176373395028,2025-07-25,4,0.2857142857142857,0.9749279121818236,-0.22252093395631434,False,2025-07-18,3,0.21428571428571427,0.9749279121818236,0.22252093395631445,False
462,winndixie,IMG_9699.txt,2025-07-21,NYB Garlic Bread,1,1,86.2,98.3,78.0,0.0,9.2,1018.0,25,314,0,-0.41719360261231697,0.9088176373395028,2025-07-25,4,0.2857142857142857,0.9749279121818236,-0.22252093395631434,False,2025-07-18,3,0.21428571428571427,0.9749279121818236,0.22252093395631445,False
463,winndixie,IMG_9699.txt,2025-07-21,Sno-Balls To Go,2,1,86.2,98.3,78.0,0.0,9.2,1018.0,25,314,0,-0.41719360261231697,0.9088176373395028,2025-07-25,4,0.2857142857142857,0.9749279121818236,-0.22252093395631434,False,2025-07-18,3,0.21428571428571427,0.9749279121818236,0.22252093395631445,False
464,winndixie,IMG_9699.txt,2025-07-21,Hugbi Pies,2,1,86.2,98.3,78.0,0.0,9.2,1018.0,25,314,0,-0.41719360261231697,0.9088176373395028,2025-07-25,4,0.2857142857142857,0.9749279121818236,-0.22252093395631434,False,2025-07-18,3,0.21428571428571427,0.9749279121818236,0.22252093395631445,False
465,winndixie,IMG_9699.txt,2025-07-21,Dewafelbakkr Pncks,1,1,86.2,98.3,78.0,0.0,9.2,1018.0,25,314,0,-0.41719360261231697,0.9088176373395028,2025-07-25,4,0.2857142857142857,0.9749279121818236,-0.22252093395631434,False,2025-07-18,3,0.21428571428571427,0.9749279121818236,0.22252093395631445,False
466,winndixie,IMG_9698.txt,2025-07-24,Coca Cola Cola,4,1,82.1,89.0,87.9,2.113,15.2,1016.0,22,311,0,-0.3697245428906732,0.9291414114031743,2025-07-25,1,0.07142857142857142,0.4338837391175581,0.9009688679024191,False,2025-07-18,6,0.42857142857142855,0.43388373911755823,-0.900968867902419,False
467,winndixie,IMG_9698.txt,2025-07-24,k&l Milk,1,1,82.1,89.0,87.9,2.113,15.2,1016.0,22,311,0,-0.3697245428906732,0.9291414114031743,2025-07-25,1,0.07142857142857142,0.4338837391175581,0.9009688679024191,False,2025-07-18,6,0.42857142857142855,0.43388373911755823,-0.900968867902419,False
468,winndixie,IMG_9698.txt,2025-07-24,SEG 100% Juice,1,1,82.1,89.0,87.9,2.113,15.2,1016.0,22,311,0,-0.3697245428906732,0.9291414114031743,2025-07-25,1,0.07142857142857142,0.4338837391175581,0.9009688679024191,False,2025-07-18,6,0.42857142857142855,0.43388373911755823,-0.900968867902419,False
469,winndixie,IMG_9697.txt,2025-07-28,Smucker's Uncrstbl,1,1,87.7,99.6,74.7,0.0,11.4,1021.1,18,307,0,-0.3049212246562894,0.9523775757303973,2025-07-25,3,0.21428571428571427,0.9749279121818236,0.22252093395631445,False,2025-08-01,4,0.2857142857142857,0.9749279121818236,-0.22252093395631434,False
470,winndixie,IMG_9697.txt,2025-07-28,BB MINI SWIRL CONE,1,1,87.7,99.6,74.7,0.0,11.4,1021.1,18,307,0,-0.3049212246562894,0.9523775757303973,2025-07-25,3,0.21428571428571427,0.9749279121818236,0.22252093395631445,False,2025-08-01,4,0.2857142857142857,0.9749279121818236,-0.22252093395631434,False
471,winndixie,IMG_9697.txt,2025-07-28,Danimals Smoothie,1,1,87.7,99.6,74.7,0.0,11.4,1021.1,18,307,0,-0.3049212246562894,0.9523775757303973,2025-07-25,3,0.21428571428571427,0.9749279121818236,0.22252093395631445,False,2025-08-01,4,0.2857142857142857,0.9749279121818236,-0.22252093395631434,False
472,winndixie,IMG_9697.txt,2025-07-28,k&l Milk,1,1,87.7,99.6,74.7,0.0,11.4,1021.1,18,307,0,-0.3049212246562894,0.9523775757303973,2025-07-25,3,0.21428571428571427,0.9749279121818236,0.22252093395631445,False,2025-08-01,4,0.2857142857142857,0.9749279121818236,-0.22252093395631434,False
473,winndixie,IMG_9697.txt,2025-07-28,Top Care Nitetime,1,1,87.7,99.6,74.7,0.0,11.4,1021.1,18,307,0,-0.3049212246562894,0.9523775757303973,2025-07-25,3,0.21428571428571427,0.9749279121818236,0.22252093395631445,False,2025-08-01,4,0.2857142857142857,0.9749279121818236,-0.22252093395631434,False
474,winndixie,IMG_9697.txt,2025-07-28,SEG Seasoning Mix,1,1,87.7,99.6,74.7,0.0,11.4,1021.1,18,307,0,-0.3049212246562894,0.9523775757303973,2025-07-25,3,0.21428571428571427,0.9749279121818236,0.22252093395631445,False,2025-08-01,4,0.2857142857142857,0.9749279121818236,-0.22252093395631434,False
475,winndixie,IMG_9697.txt,2025-07-28,Hershey's Candy,1,1,87.7,99.6,74.7,0.0,11.4,1021.1,18,307,0,-0.3049212246562894,0.9523775757303973,2025-07-25,3,0.21428571428571427,0.9749279121818236,0.22252093395631445,False,2025-08-01,4,0.2857142857142857,0.9749279121818236,-0.22252093395631434,False
476,winndixie,IMG_9697.txt,2025-07-28,FRIED CKN 8PC,1,1,87.7,99.6,74.7,0.0,11.4,1021.1,18,307,0,-0.3049212246562894,0.9523775757303973,2025-07-25,3,0.21428571428571427,0.9749279121818236,0.22252093395631445,False,2025-08-01,4,0.2857142857142857,0.9749279121818236,-0.22252093395631434,False
477,winndixie,IMG_9697.txt,2025-07-28,15ct Oatmeal Raisi,1,1,87.7,99.6,74.7,0.0,11.4,1021.1,18,307,0,-0.3049212246562894,0.9523775757303973,2025-07-25,3,0.21428571428571427,0.9749279121818236,0.22252093395631445,False,2025-08-01,4,0.2857142857142857,0.9749279121818236,-0.22252093395631434,False
478,winndixie,IMG_9697.txt,2025-07-28,SEG Sour Cream,1,1,87.7,99.6,74.7,0.0,11.4,1021.1,18,307,0,-0.3049212246562894,0.9523775757303973,2025-07-25,3,0.21428571428571427,0.9749279121818236,0.22252093395631445,False,2025-08-01,4,0.2857142857142857,0.9749279121818236,-0.22252093395631434,False
479,winndixie,IMG_9697.txt,2025-07-28,SE Grocers Syrup,1,1,87.7,99.6,74.7,0.0,11.4,1021.1,18,307,0,-0.3049212246562894,0.9523775757303973,2025-07-25,3,0.21428571428571427,0.9749279121818236,0.22252093395631445,False,2025-08-01,4,0.2857142857142857,0.9749279121818236,-0.22252093395631434,False
480,winndixie,IMG_9697.txt,2025-07-28,SEG Turkey,1,1,87.7,99.6,74.7,0.0,11.4,1021.1,18,307,0,-0.3049212246562894,0.9523775757303973,2025-07-25,3,0.21428571428571427,0.9749279121818236,0.22252093395631445,False,2025-08-01,4,0.2857142857142857,0.9749279121818236,-0.22252093395631434,False
481,winndixie,IMG_9697.txt,2025-07-28,Ground Beef,1,1,87.7,99.6,74.7,0.0,11.4,1021.1,18,307,0,-0.3049212246562894,0.9523775757303973,2025-07-25,3,0.21428571428571427,0.9749279121818236,0.22252093395631445,False,2025-08-01,4,0.2857142857142857,0.9749279121818236,-0.22252093395631434,False
482,winndixie,IMG_9697.txt,2025-07-28,Strawberries,1,1,87.7,99.6,74.7,0.0,11.4,1021.1,18,307,0,-0.3049212246562894,0.9523775757303973,2025-07-25,3,0.21428571428571427,0.9749279121818236,0.22252093395631445,False,2025-08-01,4,0.2857142857142857,0.9749279121818236,-0.22252093395631434,False
483,winndixie,IMG_9696.txt,2025-07-31,SEG Turkey,1,1,84.5,91.2,74.9,0.0,12.7,1016.8,15,304,0,-0.2553532951161872,0.9668478136052775,2025-07-25,6,0.42857142857142855,0.43388373911755823,-0.900968867902419,False,2025-08-01,1,0.07142857142857142,0.4338837391175581,0.9009688679024191,False
484,winndixie,IMG_9696.txt,2025-07-31,Cheez-It Crackers,1,1,84.5,91.2,74.9,0.0,12.7,1016.8,15,304,0,-0.2553532951161872,0.9668478136052775,2025-07-25,6,0.42857142857142855,0.43388373911755823,-0.900968867902419,False,2025-08-01,1,0.07142857142857142,0.4338837391175581,0.9009688679024191,False
485,winndixie,IMG_9696.txt,2025-07-31,SE Grocers Bread,1,1,84.5,91.2,74.9,0.0,12.7,1016.8,15,304,0,-0.2553532951161872,0.9668478136052775,2025-07-25,6,0.42857142857142855,0.43388373911755823,-0.900968867902419,False,2025-08-01,1,0.07142857142857142,0.4338837391175581,0.9009688679024191,False
486,winndixie,IMG_9695.txt,2025-08-02,CocaCola Soda,4,1,84.6,93.6,79.2,0.0,11.4,1017.5,13,302,0,-0.22192151300416588,0.9750645322571947,2025-08-08,6,0.42857142857142855,0.43388373911755823,-0.900968867902419,False,2025-08-01,1,0.07142857142857142,0.4338837391175581,0.9009688679024191,False
487,winndixie,IMG_9695.txt,2025-08-02,k&l Milk,1,1,84.6,93.6,79.2,0.0,11.4,1017.5,13,302,0,-0.22192151300416588,0.9750645322571947,2025-08-08,6,0.42857142857142855,0.43388373911755823,-0.900968867902419,False,2025-08-01,1,0.07142857142857142,0.4338837391175581,0.9009688679024191,False
488,winndixie,IMG_9695.txt,2025-08-02,Hugbi Pies,2,1,84.6,93.6,79.2,0.0,11.4,1017.5,13,302,0,-0.22192151300416588,0.9750645322571947,2025-08-08,6,0.42857142857142855,0.43388373911755823,-0.900968867902419,False,2025-08-01,1,0.07142857142857142,0.4338837391175581,0.9009688679024191,False
489,winndixie,IMG_9695.txt,2025-08-02,Pearl Millng Syrup,1,1,84.6,93.6,79.2,0.0,11.4,1017.5,13,302,0,-0.22192151300416588,0.9750645322571947,2025-08-08,6,0.42857142857142855,0.43388373911755823,-0.900968867902419,False,2025-08-01,1,0.07142857142857142,0.4338837391175581,0.9009688679024191,False
490,winndixie,IMG_9695.txt,2025-08-02,Smucker's Jelly,1,1,84.6,93.6,79.2,0.0,11.4,1017.5,13,302,0,-0.22192151300416588,0.9750645322571947,2025-08-08,6,0.42857142857142855,0.43388373911755823,-0.900968867902419,False,2025-08-01,1,0.07142857142857142,0.4338837391175581,0.9009688679024191,False
491,winndixie,IMG_9695.txt,2025-08-02,Smucker's Spread,1,1,84.6,93.6,79.2,0.0,11.4,1017.5,13,302,0,-0.22192151300416588,0.9750645322571947,2025-08-08,6,0.42857142857142855,0.43388373911755823,-0.900968867902419,False,2025-08-01,1,0.07142857142857142,0.4338837391175581,0.9009688679024191,False
492,winndixie,IMG_9695.txt,2025-08-02,Sno-Balls To Go,1,1,84.6,93.6,79.2,0.0,11.4,1017.5,13,302,0,-0.22192151300416588,0.9750645322571947,2025-08-08,6,0.42857142857142855,0.43388373911755823,-0.900968867902419,False,2025-08-01,1,0.07142857142857142,0.4338837391175581,0.9009688679024191,False
493,winndixie,IMG_9695.txt,2025-08-02,Sno-Balls To Go,1,1,84.6,93.6,79.2,0.0,11.4,1017.5,13,302,0,-0.22192151300416588,0.9750645322571947,2025-08-08,6,0.42857142857142855,0.43388373911755823,-0.900968867902419,False,2025-08-01,1,0.07142857142857142,0.4338837391175581,0.9009688679024191,False
494,winndixie,IMG_9695.txt,2025-08-02,Sno-Balls To Go,1,1,84.6,93.6,79.2,0.0,11.4,1017.5,13,302,0,-0.22192151300416588,0.9750645322571947,2025-08-08,6,0.42857142857142855,0.43388373911755823,-0.900968867902419,False,2025-08-01,1,0.07142857142857142,0.4338837391175581,0.9009688679024191,False
495,winndixie,IMG_9695.txt,2025-08-02,ALM PETIT FOUR,1,1,84.6,93.6,79.2,0.0,11.4,1017.5,13,302,0,-0.22192151300416588,0.9750645322571947,2025-08-08,6,0.42857142857142855,0.43388373911755823,-0.900968867902419,False,2025-08-01,1,0.07142857142857142,0.4338837391175581,0.9009688679024191,False
496,winndixie,IMG_9695.txt,2025-08-02,Cinnagraham Cereal,1,1,84.6,93.6,79.2,0.0,11.4,1017.5,13,302,0,-0.22192151300416588,0.9750645322571947,2025-08-08,6,0.42857142857142855,0.43388373911755823,-0.900968867902419,False,2025-08-01,1,0.07142857142857142,0.4338837391175581,0.9009688679024191,False
497,winndixie,IMG_9693.txt,2025-08-02,Kinder Joy Treat,1,1,84.6,93.6,79.2,0.0,11.4,1017.5,13,302,0,-0.22192151300416588,0.9750645322571947,2025-08-08,6,0.42857142857142855,0.43388373911755823,-0.900968867902419,False,2025-08-01,1,0.07142857142857142,0.4338837391175581,0.9009688679024191,False
498,winndixie,IMG_9692.txt,2025-08-03,Puffs Tissues,1,1,86.0,94.8,72.3,0.0,9.2,1014.4,12,301,0,-0.20510449986861926,0.9787400799669153,2025-08-08,5,0.35714285714285715,0.7818314824680299,-0.6234898018587335,False,2025-08-01,2,0.14285714285714285,0.7818314824680298,0.6234898018587336,False
499,winndixie,IMG_9692.txt,2025-08-03,WaT Cat Litter,1,1,86.0,94.8,72.3,0.0,9.2,1014.4,12,301,0,-0.20510449986861926,0.9787400799669153,2025-08-08,5,0.35714285714285715,0.7818314824680299,-0.6234898018587335,False,2025-08-01,2,0.14285714285714285,0.7818314824680298,0.6234898018587336,False
500,winndixie,IMG_9692.txt,2025-08-03,Arm & Hammer Dtgnt,1,1,86.0,94.8,72.3,0.0,9.2,1014.4,12,301,0,-0.20510449986861926,0.9787400799669153,2025-08-08,5,0.35714285714285715,0.7818314824680299,-0.6234898018587335,False,2025-08-01,2,0.14285714285714285,0.7818314824680298,0.6234898018587336,False
501,winndixie,IMG_9692.txt,2025-08-03,Chobani Yogurt,3,1,86.0,94.8,72.3,0.0,9.2,1014.4,12,301,0,-0.20510449986861926,0.9787400799669153,2025-08-08,5,0.35714285714285715,0.7818314824680299,-0.6234898018587335,False,2025-08-01,2,0.14285714285714285,0.7818314824680298,0.6234898018587336,False
502,winndixie,IMG_9692.txt,2025-08-03,Chobani Yogurt,2,1,86.0,94.8,72.3,0.0,9.2,1014.4,12,301,0,-0.20510449986861926,0.9787400799669153,2025-08-08,5,0.35714285714285715,0.7818314824680299,-0.6234898018587335,False,2025-08-01,2,0.14285714285714285,0.7818314824680298,0.6234898018587336,False
503,winndixie,IMG_9692.txt,2025-08-03,Lunchables Snack,2,1,86.0,94.8,72.3,0.0,9.2,1014.4,12,301,0,-0.20510449986861926,0.9787400799669153,2025-08-08,5,0.35714285714285715,0.7818314824680299,-0.6234898018587335,False,2025-08-01,2,0.14285714285714285,0.7818314824680298,0.6234898018587336,False
504,winndixie,IMG_9692.txt,2025-08-03,OM BASICS TURKEY-A,2,1,86.0,94.8,72.3,0.0,9.2,1014.4,12,301,0,-0.20510449986861926,0.9787400799669153,2025-08-08,5,0.35714285714285715,0.7818314824680299,-0.6234898018587335,False,2025-08-01,2,0.14285714285714285,0.7818314824680298,0.6234898018587336,False
505,winndixie,IMG_9692.txt,2025-08-03,SEG IC Sandwich,1,1,86.0,94.8,72.3,0.0,9.2,1014.4,12,301,0,-0.20510449986861926,0.9787400799669153,2025-08-08,5,0.35714285714285715,0.7818314824680299,-0.6234898018587335,False,2025-08-01,2,0.14285714285714285,0.7818314824680298,0.6234898018587336,False
506,winndixie,IMG_9692.txt,2025-08-03,SEG BOIL-N-BAG,1,1,86.0,94.8,72.3,0.0,9.2,1014.4,12,301,0,-0.20510449986861926,0.9787400799669153,2025-08-08,5,0.35714285714285715,0.7818314824680299,-0.6234898018587335,False,2025-08-01,2,0.14285714285714285,0.7818314824680298,0.6234898018587336,False
507,winndixie,IMG_9692.txt,2025-08-03,NABISCO MINI VARTY,1,1,86.0,94.8,72.3,0.0,9.2,1014.4,12,301,0,-0.20510449986861926,0.9787400799669153,2025-08-08,5,0.35714285714285715,0.7818314824680299,-0.6234898018587335,False,2025-08-01,2,0.14285714285714285,0.7818314824680298,0.6234898018587336,False
508,winndixie,IMG_9692.txt,2025-08-03,TF Green Beans,1,1,86.0,94.8,72.3,0.0,9.2,1014.4,12,301,0,-0.20510449986861926,0.9787400799669153,2025-08-08,5,0.35714285714285715,0.7818314824680299,-0.6234898018587335,False,2025-08-01,2,0.14285714285714285,0.7818314824680298,0.6234898018587336,False
509,winndixie,IMG_9692.txt,2025-08-03,Mixed Grapes,1,1,86.0,94.8,72.3,0.0,9.2,1014.4,12,301,0,-0.20510449986861926,0.9787400799669153,2025-08-08,5,0.35714285714285715,0.7818314824680299,-0.6234898018587335,False,2025-08-01,2,0.14285714285714285,0.7818314824680298,0.6234898018587336,False
510,winndixie,IMG_9692.txt,2025-08-03,k&l Kidney Beans,1,1,86.0,94.8,72.3,0.0,9.2,1014.4,12,301,0,-0.20510449986861926,0.9787400799669153,2025-08-08,5,0.35714285714285715,0.7818314824680299,-0.6234898018587335,False,2025-08-01,2,0.14285714285714285,0.7818314824680298,0.6234898018587336,False
511,winndixie,IMG_9692.txt,2025-08-03,SpaghettiOs Pasta,1,1,86.0,94.8,72.3,0.0,9.2,1014.4,12,301,0,-0.20510449986861926,0.9787400799669153,2025-08-08,5,0.35714285714285715,0.7818314824680299,-0.6234898018587335,False,2025-08-01,2,0.14285714285714285,0.7818314824680298,0.6234898018587336,False
512,winndixie,IMG_9692.txt,2025-08-03,Blue Runner Beans,2,1,86.0,94.8,72.3,0.0,9.2,1014.4,12,301,0,-0.20510449986861926,0.9787400799669153,2025-08-08,5,0.35714285714285715,0.7818314824680299,-0.6234898018587335,False,2025-08-01,2,0.14285714285714285,0.7818314824680298,0.6234898018587336,False
513,winndixie,IMG_9692.txt,2025-08-03,Campbell's Soup,2,1,86.0,94.8,72.3,0.0,9.2,1014.4,12,301,0,-0.20510449986861926,0.9787400799669153,2025-08-08,5,0.35714285714285715,0.7818314824680299,-0.6234898018587335,False,2025-08-01,2,0.14285714285714285,0.7818314824680298,0.6234898018587336,False
514,winndixie,IMG_9692.txt,2025-08-03,k&l Potatoes,2,1,86.0,94.8,72.3,0.0,9.2,1014.4,12,301,0,-0.20510449986861926,0.9787400799669153,2025-08-08,5,0.35714285714285715,0.7818314824680299,-0.6234898018587335,False,2025-08-01,2,0.14285714285714285,0.7818314824680298,0.6234898018587336,False
515,winndixie,IMG_9692.txt,2025-08-03,kgél Corn,1,1,86.0,94.8,72.3,0.0,9.2,1014.4,12,301,0,-0.20510449986861926,0.9787400799669153,2025-08-08,5,0.35714285714285715,0.7818314824680299,-0.6234898018587335,False,2025-08-01,2,0.14285714285714285,0.7818314824680298,0.6234898018587336,False
516,winndixie,IMG_9692.txt,2025-08-03,Pure Life 6pk,1,1,86.0,94.8,72.3,0.0,9.2,1014.4,12,301,0,-0.20510449986861926,0.9787400799669153,2025-08-08,5,0.35714285714285715,0.7818314824680299,-0.6234898018587335,False,2025-08-01,2,0.14285714285714285,0.7818314824680298,0.6234898018587336,False
517,winndixie,IMG_9691.txt,2025-08-11,HALLMARK ITEM,1,1,85.4,95.4,75.7,0.0,15.0,1014.7,4,293,0,-0.06880242680231975,0.9976303053065857,2025-08-08,3,0.21428571428571427,0.9749279121818236,0.22252093395631445,False,2025-08-15,4,0.2857142857142857,0.9749279121818236,-0.22252093395631434,False
518,winndixie,IMG_9691.txt,2025-08-11,MAGAZINE,1,1,85.4,95.4,75.7,0.0,15.0,1014.7,4,293,0,-0.06880242680231975,0.9976303053065857,2025-08-08,3,0.21428571428571427,0.9749279121818236,0.22252093395631445,False,2025-08-15,4,0.2857142857142857,0.9749279121818236,-0.22252093395631434,False
519,winndixie,IMG_9691.txt,2025-08-11,Whoppers Candy,1,1,85.4,95.4,75.7,0.0,15.0,1014.7,4,293,0,-0.06880242680231975,0.9976303053065857,2025-08-08,3,0.21428571428571427,0.9749279121818236,0.22252093395631445,False,2025-08-15,4,0.2857142857142857,0.9749279121818236,-0.22252093395631434,False
520,winndixie,IMG_9691.txt,2025-08-11,MM PB Mini Shr Sz,1,1,85.4,95.4,75.7,0.0,15.0,1014.7,4,293,0,-0.06880242680231975,0.9976303053065857,2025-08-08,3,0.21428571428571427,0.9749279121818236,0.22252093395631445,False,2025-08-15,4,0.2857142857142857,0.9749279121818236,-0.22252093395631434,False
521,winndixie,IMG_9691.txt,2025-08-11,HALLMARK ITEM,1,1,85.4,95.4,75.7,0.0,15.0,1014.7,4,293,0,-0.06880242680231975,0.9976303053065857,2025-08-08,3,0.21428571428571427,0.9749279121818236,0.22252093395631445,False,2025-08-15,4,0.2857142857142857,0.9749279121818236,-0.22252093395631434,False
522,winndixie,IMG_9689.txt,2025-08-11,Chek Root Beer,1,1,85.4,95.4,75.7,0.0,15.0,1014.7,4,293,0,-0.06880242680231975,0.9976303053065857,2025-08-08,3,0.21428571428571427,0.9749279121818236,0.22252093395631445,False,2025-08-15,4,0.2857142857142857,0.9749279121818236,-0.22252093395631434,False
523,winndixie,IMG_9689.txt,2025-08-11,Chek Soda,1,1,85.4,95.4,75.7,0.0,15.0,1014.7,4,293,0,-0.06880242680231975,0.9976303053065857,2025-08-08,3,0.21428571428571427,0.9749279121818236,0.22252093395631445,False,2025-08-15,4,0.2857142857142857,0.9749279121818236,-0.22252093395631434,False
524,winndixie,IMG_9689.txt,2025-08-11,DIGIORNO PIZZA,1,1,85.4,95.4,75.7,0.0,15.0,1014.7,4,293,0,-0.06880242680231975,0.9976303053065857,2025-08-08,3,0.21428571428571427,0.9749279121818236,0.22252093395631445,False,2025-08-15,4,0.2857142857142857,0.9749279121818236,-0.22252093395631434,False
525,winndixie,IMG_9690.txt,2025-08-11,Annie Chun's Bowl,1,1,85.4,95.4,75.7,0.0,15.0,1014.7,4,293,0,-0.06880242680231975,0.9976303053065857,2025-08-08,3,0.21428571428571427,0.9749279121818236,0.22252093395631445,False,2025-08-15,4,0.2857142857142857,0.9749279121818236,-0.22252093395631434,False
526,winndixie,IMG_9690.txt,2025-08-11,Lotus Cookie Buttr,1,1,85.4,95.4,75.7,0.0,15.0,1014.7,4,293,0,-0.06880242680231975,0.9976303053065857,2025-08-08,3,0.21428571428571427,0.9749279121818236,0.22252093395631445,False,2025-08-15,4,0.2857142857142857,0.9749279121818236,-0.22252093395631434,False
527,winndixie,IMG_9688.txt,2025-08-12,Coca Cola Cola,1,1,84.6,95.7,81.1,0.0,12.7,1014.1,3,292,0,-0.05161966722325418,0.9986668162884759,2025-08-08,4,0.2857142857142857,0.9749279121818236,-0.22252093395631434,False,2025-08-15,3,0.21428571428571427,0.9749279121818236,0.22252093395631445,False
528,winndixie,IMG_9687.txt,2025-08-14,Nutella Spread,1,1,86.2,96.6,75.0,0.0,8.1,1016.2,1,290,0,-0.01721335615583528,0.9998518392091162,2025-08-08,6,0.42857142857142855,0.43388373911755823,-0.900968867902419,False,2025-08-15,1,0.07142857142857142,0.4338837391175581,0.9009688679024191,False
529,winndixie,IMG_9687.txt,2025-08-14,k&l Milk,1,1,86.2,96.6,75.0,0.0,8.1,1016.2,1,290,0,-0.01721335615583528,0.9998518392091162,2025-08-08,6,0.42857142857142855,0.43388373911755823,-0.900968867902419,False,2025-08-15,1,0.07142857142857142,0.4338837391175581,0.9009688679024191,False
530,winndixie,IMG_9687.txt,2025-08-14,SARGENTO CHEESE,1,1,86.2,96.6,75.0,0.0,8.1,1016.2,1,290,0,-0.01721335615583528,0.9998518392091162,2025-08-08,6,0.42857142857142855,0.43388373911755823,-0.900968867902419,False,2025-08-15,1,0.07142857142857142,0.4338837391175581,0.9009688679024191,False
531,winndixie,IMG_9687.txt,2025-08-14,SEG Croutons,1,1,86.2,96.6,75.0,0.0,8.1,1016.2,1,290,0,-0.01721335615583528,0.9998518392091162,2025-08-08,6,0.42857142857142855,0.43388373911755823,-0.900968867902419,False,2025-08-15,1,0.07142857142857142,0.4338837391175581,0.9009688679024191,False
532,winndixie,IMG_9687.txt,2025-08-14,Kraft Cheese,1,1,86.2,96.6,75.0,0.0,8.1,1016.2,1,290,0,-0.01721335615583528,0.9998518392091162,2025-08-08,6,0.42857142857142855,0.43388373911755823,-0.900968867902419,False,2025-08-15,1,0.07142857142857142,0.4338837391175581,0.9009688679024191,False
533,winndixie,IMG_9687.txt,2025-08-14,SEG Eraser Pads,1,1,86.2,96.6,75.0,0.0,8.1,1016.2,1,290,0,-0.01721335615583528,0.9998518392091162,2025-08-08,6,0.42857142857142855,0.43388373911755823,-0.900968867902419,False,2025-08-15,1,0.07142857142857142,0.4338837391175581,0.9009688679024191,False
534,winndixie,IMG_9687.txt,2025-08-14,Topcare Liquid R1f,1,1,86.2,96.6,75.0,0.0,8.1,1016.2,1,290,0,-0.01721335615583528,0.9998518392091162,2025-08-08,6,0.42857142857142855,0.43388373911755823,-0.900968867902419,False,2025-08-15,1,0.07142857142857142,0.4338837391175581,0.9009688679024191,False
535,winndixie,IMG_9687.txt,2025-08-14,SEG Turkey,1,1,86.2,96.6,75.0,0.0,8.1,1016.2,1,290,0,-0.01721335615583528,0.9998518392091162,2025-08-08,6,0.42857142857142855,0.43388373911755823,-0.900968867902419,False,2025-08-15,1,0.07142857142857142,0.4338837391175581,0.9009688679024191,False
536,winndixie,IMG_9687.txt,2025-08-14,BHF Carrots,1,1,86.2,96.6,75.0,0.0,8.1,1016.2,1,290,0,-0.01721335615583528,0.9998518392091162,2025-08-08,6,0.42857142857142855,0.43388373911755823,-0.900968867902419,False,2025-08-15,1,0.07142857142857142,0.4338837391175581,0.9009688679024191,False
537,winndixie,IMG_9687.txt,2025-08-14,Dole Shred Lettuce,2,1,86.2,96.6,75.0,0.0,8.1,1016.2,1,290,0,-0.01721335615583528,0.9998518392091162,2025-08-08,6,0.42857142857142855,0.43388373911755823,-0.900968867902419,False,2025-08-15,1,0.07142857142857142,0.4338837391175581,0.9009688679024191,False
538,winndixie,IMG_9687.txt,2025-08-14,Mission Tortillas,1,1,86.2,96.6,75.0,0.0,8.1,1016.2,1,290,0,-0.01721335615583528,0.9998518392091162,2025-08-08,6,0.42857142857142855,0.43388373911755823,-0.900968867902419,False,2025-08-15,1,0.07142857142857142,0.4338837391175581,0.9009688679024191,False
539,winndixie,IMG_9687.txt,2025-08-14,Sunny Meadows Eggs,1,1,86.2,96.6,75.0,0.0,8.1,1016.2,1,290,0,-0.01721335615583528,0.9998518392091162,2025-08-08,6,0.42857142857142855,0.43388373911755823,-0.900968867902419,False,2025-08-15,1,0.07142857142857142,0.4338837391175581,0.9009688679024191,False
540,winndixie,IMG_9687.txt,2025-08-14,SE Grocers Bread,1,1,86.2,96.6,75.0,0.0,8.1,1016.2,1,290,0,-0.01721335615583528,0.9998518392091162,2025-08-08,6,0.42857142857142855,0.43388373911755823,-0.900968867902419,False,2025-08-15,1,0.07142857142857142,0.4338837391175581,0.9009688679024191,False
541,winndixie,IMG_9687.txt,2025-08-14,Fanta Soda,1,1,86.2,96.6,75.0,0.0,8.1,1016.2,1,290,0,-0.01721335615583528,0.9998518392091162,2025-08-08,6,0.42857142857142855,0.43388373911755823,-0.900968867902419,False,2025-08-15,1,0.07142857142857142,0.4338837391175581,0.9009688679024191,False
542,winndixie,IMG_9687.txt,2025-08-14,Minute Maid Lmnade,1,1,86.2,96.6,75.0,0.0,8.1,1016.2,1,290,0,-0.01721335615583528,0.9998518392091162,2025-08-08,6,0.42857142857142855,0.43388373911755823,-0.900968867902419,False,2025-08-15,1,0.07142857142857142,0.4338837391175581,0.9009688679024191,False
543,winndixie,IMG_9686.txt,2025-08-17,Krustz Pancake Mix,1,1,87.3,97.6,73.5,0.219,9.2,1015.1,363,287,1,0.03442161162274574,0.9994074007397048,2025-08-22,5,0.35714285714285715,0.7818314824680299,-0.6234898018587335,False,2025-08-15,2,0.14285714285714285,0.7818314824680298,0.6234898018587336,False
544,winndixie,IMG_9685.txt,2025-08-17,k&l Milk,1,1,87.3,97.6,73.5,0.219,9.2,1015.1,363,287,1,0.03442161162274574,0.9994074007397048,2025-08-22,5,0.35714285714285715,0.7818314824680299,-0.6234898018587335,False,2025-08-15,2,0.14285714285714285,0.7818314824680298,0.6234898018587336,False
545,winndixie,IMG_9685.txt,2025-08-17,On The Border Chip,1,1,87.3,97.6,73.5,0.219,9.2,1015.1,363,287,1,0.03442161162274574,0.9994074007397048,2025-08-22,5,0.35714285714285715,0.7818314824680299,-0.6234898018587335,False,2025-08-15,2,0.14285714285714285,0.7818314824680298,0.6234898018587336,False
546,winndixie,IMG_9685.txt,2025-08-17,SEG Picante Sauce,1,1,87.3,97.6,73.5,0.219,9.2,1015.1,363,287,1,0.03442161162274574,0.9994074007397048,2025-08-22,5,0.35714285714285715,0.7818314824680299,-0.6234898018587335,False,2025-08-15,2,0.14285714285714285,0.7818314824680298,0.6234898018587336,False
547,winndixie,IMG_9685.txt,2025-08-17,SpaghettiOs Pasta,1,1,87.3,97.6,73.5,0.219,9.2,1015.1,363,287,1,0.03442161162274574,0.9994074007397048,2025-08-22,5,0.35714285714285715,0.7818314824680299,-0.6234898018587335,False,2025-08-15,2,0.14285714285714285,0.7818314824680298,0.6234898018587336,False
548,winndixie,IMG_9685.txt,2025-08-17,Kraft Cheese,2,1,87.3,97.6,73.5,0.219,9.2,1015.1,363,287,1,0.03442161162274574,0.9994074007397048,2025-08-22,5,0.35714285714285715,0.7818314824680299,-0.6234898018587335,False,2025-08-15,2,0.14285714285714285,0.7818314824680298,0.6234898018587336,False
549,winndixie,IMG_9685.txt,2025-08-17,HC Cafe Steamers,1,1,87.3,97.6,73.5,0.219,9.2,1015.1,363,287,1,0.03442161162274574,0.9994074007397048,2025-08-22,5,0.35714285714285715,0.7818314824680299,-0.6234898018587335,False,2025-08-15,2,0.14285714285714285,0.7818314824680298,0.6234898018587336,False
550,winndixie,IMG_9685.txt,2025-08-17,SE Grocers Buns,1,1,87.3,97.6,73.5,0.219,9.2,1015.1,363,287,1,0.03442161162274574,0.9994074007397048,2025-08-22,5,0.35714285714285715,0.7818314824680299,-0.6234898018587335,False,2025-08-15,2,0.14285714285714285,0.7818314824680298,0.6234898018587336,False
551,winndixie,IMG_9685.txt,2025-08-17,Pork Chops,1,1,87.3,97.6,73.5,0.219,9.2,1015.1,363,287,1,0.03442161162274574,0.9994074007397048,2025-08-22,5,0.35714285714285715,0.7818314824680299,-0.6234898018587335,False,2025-08-15,2,0.14285714285714285,0.7818314824680298,0.6234898018587336,False
552,winndixie,IMG_9685.txt,2025-08-17,Fresh Meats,1,1,87.3,97.6,73.5,0.219,9.2,1015.1,363,287,1,0.03442161162274574,0.9994074007397048,2025-08-22,5,0.35714285714285715,0.7818314824680299,-0.6234898018587335,False,2025-08-15,2,0.14285714285714285,0.7818314824680298,0.6234898018587336,False
553,winndixie,IMG_9684.txt,2025-08-21,Tidy Cats Litter,1,1,83.2,90.1,80.5,0.457,10.3,1011.4,359,283,1,0.10310169744743485,0.9946708199115211,2025-08-22,1,0.07142857142857142,0.4338837391175581,0.9009688679024191,False,2025-08-15,6,0.42857142857142855,0.43388373911755823,-0.900968867902419,False
554,winndixie,IMG_9684.txt,2025-08-21,k&l Milk,1,1,83.2,90.1,80.5,0.457,10.3,1011.4,359,283,1,0.10310169744743485,0.9946708199115211,2025-08-22,1,0.07142857142857142,0.4338837391175581,0.9009688679024191,False,2025-08-15,6,0.42857142857142855,0.43388373911755823,-0.900968867902419,False
555,winndixie,IMG_9684.txt,2025-08-21,Nutella Spread,1,1,83.2,90.1,80.5,0.457,10.3,1011.4,359,283,1,0.10310169744743485,0.9946708199115211,2025-08-22,1,0.07142857142857142,0.4338837391175581,0.9009688679024191,False,2025-08-15,6,0.42857142857142855,0.43388373911755823,-0.900968867902419,False
556,winndixie,IMG_9684.txt,2025-08-21,HC Cafe Steamers,1,1,83.2,90.1,80.5,0.457,10.3,1011.4,359,283,1,0.10310169744743485,0.9946708199115211,2025-08-22,1,0.07142857142857142,0.4338837391175581,0.9009688679024191,False,2025-08-15,6,0.42857142857142855,0.43388373911755823,-0.900968867902419,False
557,winndixie,IMG_9684.txt,2025-08-21,Edwards Pies,1,1,83.2,90.1,80.5,0.457,10.3,1011.4,359,283,1,0.10310169744743485,0.9946708199115211,2025-08-22,1,0.07142857142857142,0.4338837391175581,0.9009688679024191,False,2025-08-15,6,0.42857142857142855,0.43388373911755823,-0.900968867902419,False
558,winndixie,IMG_9684.txt,2025-08-21,Edwards Pies,1,1,83.2,90.1,80.5,0.457,10.3,1011.4,359,283,1,0.10310169744743485,0.9946708199115211,2025-08-22,1,0.07142857142857142,0.4338837391175581,0.9009688679024191,False,2025-08-15,6,0.42857142857142855,0.43388373911755823,-0.900968867902419,False
559,winndixie,IMG_9684.txt,2025-08-21,SEG Bagel Bites,1,1,83.2,90.1,80.5,0.457,10.3,1011.4,359,283,1,0.10310169744743485,0.9946708199115211,2025-08-22,1,0.07142857142857142,0.4338837391175581,0.9009688679024191,False,2025-08-15,6,0.42857142857142855,0.43388373911755823,-0.900968867902419,False
560,winndixie,IMG_9684.txt,2025-08-21,Smucker's Uncrstbl,1,1,83.2,90.1,80.5,0.457,10.3,1011.4,359,283,1,0.10310169744743485,0.9946708199115211,2025-08-22,1,0.07142857142857142,0.4338837391175581,0.9009688679024191,False,2025-08-15,6,0.42857142857142855,0.43388373911755823,-0.900968867902419,False
561,winndixie,IMG_9684.txt,2025-08-21,SEG Bagel Bites,1,1,83.2,90.1,80.5,0.457,10.3,1011.4,359,283,1,0.10310169744743485,0.9946708199115211,2025-08-22,1,0.07142857142857142,0.4338837391175581,0.9009688679024191,False,2025-08-15,6,0.42857142857142855,0.43388373911755823,-0.900968867902419,False
562,winndixie,IMG_9683.txt,2025-08-29,Hugbi Pies,2,1,80.7,86.1,88.0,0.166,7.0,1015.9,351,275,1,0.2386727660059501,0.9711000518829505,2025-09-05,7,0.5,1.2246467991473532e-16,-1.0,False,2025-08-29,0,0.0,0.0,1.0,True
563,winndixie,IMG_9683.txt,2025-08-29,SE Grocers Bread,1,1,80.7,86.1,88.0,0.166,7.0,1015.9,351,275,1,0.2386727660059501,0.9711000518829505,2025-09-05,7,0.5,1.2246467991473532e-16,-1.0,False,2025-08-29,0,0.0,0.0,1.0,True
564,winndixie,IMG_9683.txt,2025-08-29,Cupcakes 6ct,1,1,80.7,86.1,88.0,0.166,7.0,1015.9,351,275,1,0.2386727660059501,0.9711000518829505,2025-09-05,7,0.5,1.2246467991473532e-16,-1.0,False,2025-08-29,0,0.0,0.0,1.0,True
565,winndixie,IMG_9683.txt,2025-08-29,Nutella Spread,1,1,80.7,86.1,88.0,0.166,7.0,1015.9,351,275,1,0.2386727660059501,0.9711000518829505,2025-09-05,7,0.5,1.2246467991473532e-16,-1.0,False,2025-08-29,0,0.0,0.0,1.0,True
566,winndixie,IMG_9683.txt,2025-08-29,Pwrde Sports Drink,1,1,80.7,86.1,88.0,0.166,7.0,1015.9,351,275,1,0.2386727660059501,0.9711000518829505,2025-09-05,7,0.5,1.2246467991473532e-16,-1.0,False,2025-08-29,0,0.0,0.0,1.0,True
567,winndixie,IMG_9683.txt,2025-08-29,Fanta Soda,1,1,80.7,86.1,88.0,0.166,7.0,1015.9,351,275,1,0.2386727660059501,0.9711000518829505,2025-09-05,7,0.5,1.2246467991473532e-16,-1.0,False,2025-08-29,0,0.0,0.0,1.0,True
568,winndixie,IMG_9683.txt,2025-08-29,Coca Cola Cola,2,1,80.7,86.1,88.0,0.166,7.0,1015.9,351,275,1,0.2386727660059501,0.9711000518829505,2025-09-05,7,0.5,1.2246467991473532e-16,-1.0,False,2025-08-29,0,0.0,0.0,1.0,True
569,winndixie,IMG_9683.txt,2025-08-29,Dr. Pepper Soda,1,1,80.7,86.1,88.0,0.166,7.0,1015.9,351,275,1,0.2386727660059501,0.9711000518829505,2025-09-05,7,0.5,1.2246467991473532e-16,-1.0,False,2025-08-29,0,0.0,0.0,1.0,True
570,winndixie,IMG_9683.txt,2025-08-29,CocaCola Soda,6,1,80.7,86.1,88.0,0.166,7.0,1015.9,351,275,1,0.2386727660059501,0.9711000518829505,2025-09-05,7,0.5,1.2246467991473532e-16,-1.0,False,2025-08-29,0,0.0,0.0,1.0,True
571,winndixie,IMG_9683.txt,2025-08-29,Tic Tac Mints,1,1,80.7,86.1,88.0,0.166,7.0,1015.9,351,275,1,0.2386727660059501,0.9711000518829505,2025-09-05,7,0.5,1.2246467991473532e-16,-1.0,False,2025-08-29,0,0.0,0.0,1.0,True
572,winndixie,IMG_9682.txt,2025-08-30,MR SUSHI SHELF ITEM,1,1,81.9,87.1,80.3,0.0,10.3,1014.0,350,274,1,0.255353295116187,0.9668478136052775,2025-09-05,6,0.42857142857142855,0.43388373911755823,-0.900968867902419,False,2025-08-29,1,0.07142857142857142,0.4338837391175581,0.9009688679024191,False
573,winndixie,IMG_9682.txt,2025-08-30,wr Apples,1,1,81.9,87.1,80.3,0.0,10.3,1014.0,350,274,1,0.255353295116187,0.9668478136052775,2025-09-05,6,0.42857142857142855,0.43388373911755823,-0.900968867902419,False,2025-08-29,1,0.07142857142857142,0.4338837391175581,0.9009688679024191,False
574,winndixie,IMG_9682.txt,2025-08-30,Mixed Grapes,1,1,81.9,87.1,80.3,0.0,10.3,1014.0,350,274,1,0.255353295116187,0.9668478136052775,2025-09-05,6,0.42857142857142855,0.43388373911755823,-0.900968867902419,False,2025-08-29,1,0.07142857142857142,0.4338837391175581,0.9009688679024191,False
575,winndixie,IMG_9682.txt,2025-08-30,Twix Cookie Bars,1,1,81.9,87.1,80.3,0.0,10.3,1014.0,350,274,1,0.255353295116187,0.9668478136052775,2025-09-05,6,0.42857142857142855,0.43388373911755823,-0.900968867902419,False,2025-08-29,1,0.07142857142857142,0.4338837391175581,0.9009688679024191,False
576,winndixie,IMG_9682.txt,2025-08-30,Hubba Bubba Gum,1,1,81.9,87.1,80.3,0.0,10.3,1014.0,350,274,1,0.255353295116187,0.9668478136052775,2025-09-05,6,0.42857142857142855,0.43388373911755823,-0.900968867902419,False,2025-08-29,1,0.07142857142857142,0.4338837391175581,0.9009688679024191,False
577,winndixie,IMG_9682.txt,2025-08-30,Nutella Spread,1,1,81.9,87.1,80.3,0.0,10.3,1014.0,350,274,1,0.255353295116187,0.9668478136052775,2025-09-05,6,0.42857142857142855,0.43388373911755823,-0.900968867902419,False,2025-08-29,1,0.07142857142857142,0.4338837391175581,0.9009688679024191,False
578,winndixie,IMG_9682.txt,2025-08-30,Strbucks Frppccino,1,1,81.9,87.1,80.3,0.0,10.3,1014.0,350,274,1,0.255353295116187,0.9668478136052775,2025-09-05,6,0.42857142857142855,0.43388373911755823,-0.900968867902419,False,2025-08-29,1,0.07142857142857142,0.4338837391175581,0.9009688679024191,False
579,winndixie,IMG_9682.txt,2025-08-30,Armour Meatballs,2,1,81.9,87.1,80.3,0.0,10.3,1014.0,350,274,1,0.255353295116187,0.9668478136052775,2025-09-05,6,0.42857142857142855,0.43388373911755823,-0.900968867902419,False,2025-08-29,1,0.07142857142857142,0.4338837391175581,0.9009688679024191,False
580,winndixie,IMG_9682.txt,2025-08-30,Folgers Coffee,1,1,81.9,87.1,80.3,0.0,10.3,1014.0,350,274,1,0.255353295116187,0.9668478136052775,2025-09-05,6,0.42857142857142855,0.43388373911755823,-0.900968867902419,False,2025-08-29,1,0.07142857142857142,0.4338837391175581,0.9009688679024191,False
581,winndixie,IMG_9682.txt,2025-08-30,Nissin SF F Kor ch,1,1,81.9,87.1,80.3,0.0,10.3,1014.0,350,274,1,0.255353295116187,0.9668478136052775,2025-09-05,6,0.42857142857142855,0.43388373911755823,-0.900968867902419,False,2025-08-29,1,0.07142857142857142,0.4338837391175581,0.9009688679024191,False
582,winndixie,IMG_9682.txt,2025-08-30,Nissin SF Hon Chkn,1,1,81.9,87.1,80.3,0.0,10.3,1014.0,350,274,1,0.255353295116187,0.9668478136052775,2025-09-05,6,0.42857142857142855,0.43388373911755823,-0.900968867902419,False,2025-08-29,1,0.07142857142857142,0.4338837391175581,0.9009688679024191,False
583,winndixie,IMG_9682.txt,2025-08-30,Blue Runner Beans,1,1,81.9,87.1,80.3,0.0,10.3,1014.0,350,274,1,0.255353295116187,0.9668478136052775,2025-09-05,6,0.42857142857142855,0.43388373911755823,-0.900968867902419,False,2025-08-29,1,0.07142857142857142,0.4338837391175581,0.9009688679024191,False
584,winndixie,IMG_9682.txt,2025-08-30,k&l Diced Tomatoes,1,1,81.9,87.1,80.3,0.0,10.3,1014.0,350,274,1,0.255353295116187,0.9668478136052775,2025-09-05,6,0.42857142857142855,0.43388373911755823,-0.900968867902419,False,2025-08-29,1,0.07142857142857142,0.4338837391175581,0.9009688679024191,False
585,winndixie,IMG_9682.txt,2025-08-30,Bush's Best Beans,1,1,81.9,87.1,80.3,0.0,10.3,1014.0,350,274,1,0.255353295116187,0.9668478136052775,2025-09-05,6,0.42857142857142855,0.43388373911755823,-0.900968867902419,False,2025-08-29,1,0.07142857142857142,0.4338837391175581,0.9009688679024191,False
586,winndixie,IMG_9682.txt,2025-08-30,SEG Pasta Sauce,1,1,81.9,87.1,80.3,0.0,10.3,1014.0,350,274,1,0.255353295116187,0.9668478136052775,2025-09-05,6,0.42857142857142855,0.43388373911755823,-0.900968867902419,False,2025-08-29,1,0.07142857142857142,0.4338837391175581,0.9009688679024191,False
587,winndixie,IMG_9682.txt,2025-08-30,4 Star Roast Beef,1,1,81.9,87.1,80.3,0.0,10.3,1014.0,350,274,1,0.255353295116187,0.9668478136052775,2025-09-05,6,0.42857142857142855,0.43388373911755823,-0.900968867902419,False,2025-08-29,1,0.07142857142857142,0.4338837391175581,0.9009688679024191,False
588,winndixie,IMG_9682.txt,2025-08-30,Chisesi Ham,1,1,81.9,87.1,80.3,0.0,10.3,1014.0,350,274,1,0.255353295116187,0.9668478136052775,2025-09-05,6,0.42857142857142855,0.43388373911755823,-0.900968867902419,False,2025-08-29,1,0.07142857142857142,0.4338837391175581,0.9009688679024191,False
589,winndixie,IMG_9682.txt,2025-08-30,Sausage,1,1,81.9,87.1,80.3,0.0,10.3,1014.0,350,274,1,0.255353295116187,0.9668478136052775,2025-09-05,6,0.42857142857142855,0.43388373911755823,-0.900968867902419,False,2025-08-29,1,0.07142857142857142,0.4338837391175581,0.9009688679024191,False
590,winndixie,IMG_9682.txt,2025-08-30,SF Chicken Thighs,1,1,81.9,87.1,80.3,0.0,10.3,1014.0,350,274,1,0.255353295116187,0.9668478136052775,2025-09-05,6,0.42857142857142855,0.43388373911755823,-0.900968867902419,False,2025-08-29,1,0.07142857142857142,0.4338837391175581,0.9009688679024191,False
591,winndixie,IMG_9681.txt,2025-08-31,POWERADE 8PK,1,1,83.5,88.9,71.5,0.0,11.4,1015.1,349,273,1,0.2719581575341055,0.9623090774541486,2025-09-05,5,0.35714285714285715,0.7818314824680299,-0.6234898018587335,False,2025-08-29,2,0.14285714285714285,0.7818314824680298,0.6234898018587336,False
592,winndixie,IMG_9681.txt,2025-08-31,k&l Milk,1,1,83.5,88.9,71.5,0.0,11.4,1015.1,349,273,1,0.2719581575341055,0.9623090774541486,2025-09-05,5,0.35714285714285715,0.7818314824680299,-0.6234898018587335,False,2025-08-29,2,0.14285714285714285,0.7818314824680298,0.6234898018587336,False
593,winndixie,IMG_9681.txt,2025-08-31,Bagel Bites Chs &,1,1,83.5,88.9,71.5,0.0,11.4,1015.1,349,273,1,0.2719581575341055,0.9623090774541486,2025-09-05,5,0.35714285714285715,0.7818314824680299,-0.6234898018587335,False,2025-08-29,2,0.14285714285714285,0.7818314824680298,0.6234898018587336,False
594,winndixie,IMG_9681.txt,2025-08-31,Dewafelbakkr Pncks,1,1,83.5,88.9,71.5,0.0,11.4,1015.1,349,273,1,0.2719581575341055,0.9623090774541486,2025-09-05,5,0.35714285714285715,0.7818314824680299,-0.6234898018587335,False,2025-08-29,2,0.14285714285714285,0.7818314824680298,0.6234898018587336,False
595,winndixie,IMG_9681.txt,2025-08-31,SEG Breadsticks,1,1,83.5,88.9,71.5,0.0,11.4,1015.1,349,273,1,0.2719581575341055,0.9623090774541486,2025-09-05,5,0.35714285714285715,0.7818314824680299,-0.6234898018587335,False,2025-08-29,2,0.14285714285714285,0.7818314824680298,0.6234898018587336,False
596,winndixie,IMG_9681.txt,2025-08-31,Coca Cola Cola,2,1,83.5,88.9,71.5,0.0,11.4,1015.1,349,273,1,0.2719581575341055,0.9623090774541486,2025-09-05,5,0.35714285714285715,0.7818314824680299,-0.6234898018587335,False,2025-08-29,2,0.14285714285714285,0.7818314824680298,0.6234898018587336,False
597,winndixie,IMG_9680.txt,2025-09-01,Chisesi Ham,1,1,82.2,86.9,74.7,0.0,15.0,1015.7,348,272,1,0.288482432880609,0.9574851883550393,2025-09-05,4,0.2857142857142857,0.9749279121818236,-0.22252093395631434,False,2025-08-29,3,0.21428571428571427,0.9749279121818236,0.22252093395631445,False
598,winndixie,IMG_9680.txt,2025-09-01,Watermelon Slices,1,1,82.2,86.9,74.7,0.0,15.0,1015.7,348,272,1,0.288482432880609,0.9574851883550393,2025-09-05,4,0.2857142857142857,0.9749279121818236,-0.22252093395631434,False,2025-08-29,3,0.21428571428571427,0.9749279121818236,0.22252093395631445,False
599,winndixie,IMG_9680.txt,2025-09-01,Cilantro,1,1,82.2,86.9,74.7,0.0,15.0,1015.7,348,272,1,0.288482432880609,0.9574851883550393,2025-09-05,4,0.2857142857142857,0.9749279121818236,-0.22252093395631434,False,2025-08-29,3,0.21428571428571427,0.9749279121818236,0.22252093395631445,False
600,winndixie,IMG_9680.txt,2025-09-01,Green Bell Pepper,1,1,82.2,86.9,74.7,0.0,15.0,1015.7,348,272,1,0.288482432880609,0.9574851883550393,2025-09-05,4,0.2857142857142857,0.9749279121818236,-0.22252093395631434,False,2025-08-29,3,0.21428571428571427,0.9749279121818236,0.22252093395631445,False
601,winndixie,IMG_9680.txt,2025-09-01,wr Tomatoes,1,1,82.2,86.9,74.7,0.0,15.0,1015.7,348,272,1,0.288482432880609,0.9574851883550393,2025-09-05,4,0.2857142857142857,0.9749279121818236,-0.22252093395631434,False,2025-08-29,3,0.21428571428571427,0.9749279121818236,0.22252093395631445,False
602,winndixie,IMG_9679.txt,2025-09-02,Kool Aid Drinks,1,1,82.9,85.3,65.3,0.0,13.9,1015.0,347,271,1,0.304921224656289,0.9523775757303975,2025-09-05,3,0.21428571428571427,0.9749279121818236,0.22252093395631445,False,2025-08-29,4,0.2857142857142857,0.9749279121818236,-0.22252093395631434,False
603,winndixie,IMG_9679.txt,2025-09-02,MILK STRW,1,1,82.9,85.3,65.3,0.0,13.9,1015.0,347,271,1,0.304921224656289,0.9523775757303975,2025-09-05,3,0.21428571428571427,0.9749279121818236,0.22252093395631445,False,2025-08-29,4,0.2857142857142857,0.9749279121818236,-0.22252093395631434,False
604,winndixie,IMG_9679.txt,2025-09-02,Coffee Mate Creamr,1,1,82.9,85.3,65.3,0.0,13.9,1015.0,347,271,1,0.304921224656289,0.9523775757303975,2025-09-05,3,0.21428571428571427,0.9749279121818236,0.22252093395631445,False,2025-08-29,4,0.2857142857142857,0.9749279121818236,-0.22252093395631434,False
605,winndixie,IMG_9678.txt,2025-09-03,SEG IC Sandwich,1,1,81.9,84.6,69.3,0.0,9.2,1013.3,346,270,1,0.3212696616923644,0.9469877530760753,2025-09-05,2,0.14285714285714285,0.7818314824680298,0.6234898018587336,False,2025-08-29,5,0.35714285714285715,0.7818314824680299,-0.6234898018587335,False
606,winndixie,IMG_9678.txt,2025-09-03,Success Rice,1,1,81.9,84.6,69.3,0.0,9.2,1013.3,346,270,1,0.3212696616923644,0.9469877530760753,2025-09-05,2,0.14285714285714285,0.7818314824680298,0.6234898018587336,False,2025-08-29,5,0.35714285714285715,0.7818314824680299,-0.6234898018587335,False
607,winndixie,IMG_9678.txt,2025-09-03,Blue Runner Beans,1,1,81.9,84.6,69.3,0.0,9.2,1013.3,346,270,1,0.3212696616923644,0.9469877530760753,2025-09-05,2,0.14285714285714285,0.7818314824680298,0.6234898018587336,False,2025-08-29,5,0.35714285714285715,0.7818314824680299,-0.6234898018587335,False
608,winndixie,IMG_9678.txt,2025-09-03,k&l Canned Beans,1,1,81.9,84.6,69.3,0.0,9.2,1013.3,346,270,1,0.3212696616923644,0.9469877530760753,2025-09-05,2,0.14285714285714285,0.7818314824680298,0.6234898018587336,False,2025-08-29,5,0.35714285714285715,0.7818314824680299,-0.6234898018587335,False
609,winndixie,IMG_9677.txt,2025-09-04,cc Oil Spread,1,1,83.1,86.9,70.0,0.0,9.2,1012.3,345,269,1,0.3375228995941133,0.9413173175128471,2025-09-05,1,0.07142857142857142,0.4338837391175581,0.9009688679024191,False,2025-08-29,6,0.42857142857142855,0.43388373911755823,-0.900968867902419,False
610,winndixie,IMG_9677.txt,2025-09-04,Pearl Millng Syrup,1,1,83.1,86.9,70.0,0.0,9.2,1012.3,345,269,1,0.3375228995941133,0.9413173175128471,2025-09-05,1,0.07142857142857142,0.4338837391175581,0.9009688679024191,False,2025-08-29,6,0.42857142857142855,0.43388373911755823,-0.900968867902419,False
611,winndixie,IMG_9677.txt,2025-09-04,AXE BERGAMOT BODY,1,1,83.1,86.9,70.0,0.0,9.2,1012.3,345,269,1,0.3375228995941133,0.9413173175128471,2025-09-05,1,0.07142857142857142,0.4338837391175581,0.9009688679024191,False,2025-08-29,6,0.42857142857142855,0.43388373911755823,-0.900968867902419,False
612,winndixie,IMG_9677.txt,2025-09-04,Good2Grow 100% Jce,1,1,83.1,86.9,70.0,0.0,9.2,1012.3,345,269,1,0.3375228995941133,0.9413173175128471,2025-09-05,1,0.07142857142857142,0.4338837391175581,0.9009688679024191,False,2025-08-29,6,0.42857142857142855,0.43388373911755823,-0.900968867902419,False
613,winndixie,IMG_9677.txt,2025-09-04,Lipton Soup Mix,2,1,83.1,86.9,70.0,0.0,9.2,1012.3,345,269,1,0.3375228995941133,0.9413173175128471,2025-09-05,1,0.07142857142857142,0.4338837391175581,0.9009688679024191,False,2025-08-29,6,0.42857142857142855,0.43388373911755823,-0.900968867902419,False
614,winndixie,IMG_9677.txt,2025-09-04,k&l Milk,1,1,83.1,86.9,70.0,0.0,9.2,1012.3,345,269,1,0.3375228995941133,0.9413173175128471,2025-09-05,1,0.07142857142857142,0.4338837391175581,0.9009688679024191,False,2025-08-29,6,0.42857142857142855,0.43388373911755823,-0.900968867902419,False
615,winndixie,IMG_9676.txt,2025-09-06,Romaine Hearts,1,1,85.2,91.3,70.1,0.0,10.3,1015.6,343,267,1,0.36972454289067314,0.9291414114031743,2025-09-05,1,0.07142857142857142,0.4338837391175581,0.9009688679024191,False,2025-09-12,6,0.42857142857142855,0.43388373911755823,-0.900968867902419,False
616,winndixie,IMG_9676.txt,2025-09-06,M&M's Candies,1,1,85.2,91.3,70.1,0.0,10.3,1015.6,343,267,1,0.36972454289067314,0.9291414114031743,2025-09-05,1,0.07142857142857142,0.4338837391175581,0.9009688679024191,False,2025-09-12,6,0.42857142857142855,0.43388373911755823,-0.900968867902419,False
617,winndixie,IMG_9676.txt,2025-09-06,Mentos Mint,1,1,85.2,91.3,70.1,0.0,10.3,1015.6,343,267,1,0.36972454289067314,0.9291414114031743,2025-09-05,1,0.07142857142857142,0.4338837391175581,0.9009688679024191,False,2025-09-12,6,0.42857142857142855,0.43388373911755823,-0.900968867902419,False
618,winndixie,IMG_9676.txt,2025-09-06,Green Bell Pepper,1,1,85.2,91.3,70.1,0.0,10.3,1015.6,343,267,1,0.36972454289067314,0.9291414114031743,2025-09-05,1,0.07142857142857142,0.4338837391175581,0.9009688679024191,False,2025-09-12,6,0.42857142857142855,0.43388373911755823,-0.900968867902419,False
619,winndixie,IMG_9676.txt,2025-09-06,Produce Cucumbers,1,1,85.2,91.3,70.1,0.0,10.3,1015.6,343,267,1,0.36972454289067314,0.9291414114031743,2025-09-05,1,0.07142857142857142,0.4338837391175581,0.9009688679024191,False,2025-09-12,6,0.42857142857142855,0.43388373911755823,-0.900968867902419,False
620,winndixie,IMG_9676.txt,2025-09-06,Reese's Candy,1,1,85.2,91.3,70.1,0.0,10.3,1015.6,343,267,1,0.36972454289067314,0.9291414114031743,2025-09-05,1,0.07142857142857142,0.4338837391175581,0.9009688679024191,False,2025-09-12,6,0.42857142857142855,0.43388373911755823,-0.900968867902419,False
621,winndixie,IMG_9676.txt,2025-09-06,Mix Melon Chunks,1,1,85.2,91.3,70.1,0.0,10.3,1015.6,343,267,1,0.36972454289067314,0.9291414114031743,2025-09-05,1,0.07142857142857142,0.4338837391175581,0.9009688679024191,False,2025-09-12,6,0.42857142857142855,0.43388373911755823,-0.900968867902419,False
622,winndixie,IMG_9675.txt,2025-09-08,Dr. Pepper 12pk,1,1,80.9,80.6,45.3,0.0,17.2,1017.1,341,265,1,0.401487989205973,0.9158642882672872,2025-09-05,3,0.21428571428571427,0.9749279121818236,0.22252093395631445,False,2025-09-12,4,0.2857142857142857,0.9749279121818236,-0.22252093395631434,False
623,winndixie,IMG_9675.txt,2025-09-08,Minute Maid Lmnade,1,1,80.9,80.6,45.3,0.0,17.2,1017.1,341,265,1,0.401487989205973,0.9158642882672872,2025-09-05,3,0.21428571428571427,0.9749279121818236,0.22252093395631445,False,2025-09-12,4,0.2857142857142857,0.9749279121818236,-0.22252093395631434,False
624,winndixie,IMG_9675.txt,2025-09-08,Fanta Soda,1,1,80.9,80.6,45.3,0.0,17.2,1017.1,341,265,1,0.401487989205973,0.9158642882672872,2025-09-05,3,0.21428571428571427,0.9749279121818236,0.22252093395631445,False,2025-09-12,4,0.2857142857142857,0.9749279121818236,-0.22252093395631434,False
625,winndixie,IMG_9675.txt,2025-09-08,SEG Turkey,1,1,80.9,80.6,45.3,0.0,17.2,1017.1,341,265,1,0.401487989205973,0.9158642882672872,2025-09-05,3,0.21428571428571427,0.9749279121818236,0.22252093395631445,False,2025-09-12,4,0.2857142857142857,0.9749279121818236,-0.22252093395631434,False
626,winndixie,IMG_9675.txt,2025-09-08,D&W Cheese,1,1,80.9,80.6,45.3,0.0,17.2,1017.1,341,265,1,0.401487989205973,0.9158642882672872,2025-09-05,3,0.21428571428571427,0.9749279121818236,0.22252093395631445,False,2025-09-12,4,0.2857142857142857,0.9749279121818236,-0.22252093395631434,False
627,winndixie,IMG_9675.txt,2025-09-08,k&l Edamame,1,1,80.9,80.6,45.3,0.0,17.2,1017.1,341,265,1,0.401487989205973,0.9158642882672872,2025-09-05,3,0.21428571428571427,0.9749279121818236,0.22252093395631445,False,2025-09-12,4,0.2857142857142857,0.9749279121818236,-0.22252093395631434,False
628,winndixie,IMG_9675.txt,2025-09-08,SE Grocers Cheese,2,1,80.9,80.6,45.3,0.0,17.2,1017.1,341,265,1,0.401487989205973,0.9158642882672872,2025-09-05,3,0.21428571428571427,0.9749279121818236,0.22252093395631445,False,2025-09-12,4,0.2857142857142857,0.9749279121818236,-0.22252093395631434,False
629,winndixie,IMG_9675.txt,2025-09-08,HC Cafe Steamers,1,1,80.9,80.6,45.3,0.0,17.2,1017.1,341,265,1,0.401487989205973,0.9158642882672872,2025-09-05,3,0.21428571428571427,0.9749279121818236,0.22252093395631445,False,2025-09-12,4,0.2857142857142857,0.9749279121818236,-0.22252093395631434,False
630,winndixie,IMG_9675.txt,2025-09-08,Dewafelbakkr Pncks,1,1,80.9,80.6,45.3,0.0,17.2,1017.1,341,265,1,0.401487989205973,0.9158642882672872,2025-09-05,3,0.21428571428571427,0.9749279121818236,0.22252093395631445,False,2025-09-12,4,0.2857142857142857,0.9749279121818236,-0.22252093395631434,False
631,winndixie,IMG_9675.txt,2025-09-08,SpaghettiOs Pasta,1,1,80.9,80.6,45.3,0.0,17.2,1017.1,341,265,1,0.401487989205973,0.9158642882672872,2025-09-05,3,0.21428571428571427,0.9749279121818236,0.22252093395631445,False,2025-09-12,4,0.2857142857142857,0.9749279121818236,-0.22252093395631434,False
632,winndixie,IMG_9675.txt,2025-09-08,SE Grocers Broth,1,1,80.9,80.6,45.3,0.0,17.2,1017.1,341,265,1,0.401487989205973,0.9158642882672872,2025-09-05,3,0.21428571428571427,0.9749279121818236,0.22252093395631445,False,2025-09-12,4,0.2857142857142857,0.9749279121818236,-0.22252093395631434,False
633,winndixie,IMG_9675.txt,2025-09-08,Sparkling Ice Wtr,1,1,80.9,80.6,45.3,0.0,17.2,1017.1,341,265,1,0.401487989205973,0.9158642882672872,2025-09-05,3,0.21428571428571427,0.9749279121818236,0.22252093395631445,False,2025-09-12,4,0.2857142857142857,0.9749279121818236,-0.22252093395631434,False
634,winndixie,IMG_9675.txt,2025-09-08,Andes Snap Bar,1,1,80.9,80.6,45.3,0.0,17.2,1017.1,341,265,1,0.401487989205973,0.9158642882672872,2025-09-05,3,0.21428571428571427,0.9749279121818236,0.22252093395631445,False,2025-09-12,4,0.2857142857142857,0.9749279121818236,-0.22252093395631434,False
635,winndixie,IMG_9675.txt,2025-09-08,Lght 'n Flffy Ndle,1,1,80.9,80.6,45.3,0.0,17.2,1017.1,341,265,1,0.401487989205973,0.9158642882672872,2025-09-05,3,0.21428571428571427,0.9749279121818236,0.22252093395631445,False,2025-09-12,4,0.2857142857142857,0.9749279121818236,-0.22252093395631434,False
636,winndixie,IMG_9675.txt,2025-09-08,Kool Aid Drinks,1,1,80.9,80.6,45.3,0.0,17.2,1017.1,341,265,1,0.401487989205973,0.9158642882672872,2025-09-05,3,0.21428571428571427,0.9749279121818236,0.22252093395631445,False,2025-09-12,4,0.2857142857142857,0.9749279121818236,-0.22252093395631434,False
637,winndixie,IMG_9675.txt,2025-09-08,USDA Chce Stw Meat,1,1,80.9,80.6,45.3,0.0,17.2,1017.1,341,265,1,0.401487989205973,0.9158642882672872,2025-09-05,3,0.21428571428571427,0.9749279121818236,0.22252093395631445,False,2025-09-12,4,0.2857142857142857,0.9749279121818236,-0.22252093395631434,False
638,winndixie,IMG_9675.txt,2025-09-08,SE Grocers Bread,1,1,80.9,80.6,45.3,0.0,17.2,1017.1,341,265,1,0.401487989205973,0.9158642882672872,2025-09-05,3,0.21428571428571427,0.9749279121818236,0.22252093395631445,False,2025-09-12,4,0.2857142857142857,0.9749279121818236,-0.22252093395631434,False
639,winndixie,IMG_9675.txt,2025-09-08,Eggland's Best Egg,1,1,80.9,80.6,45.3,0.0,17.2,1017.1,341,265,1,0.401487989205973,0.9158642882672872,2025-09-05,3,0.21428571428571427,0.9749279121818236,0.22252093395631445,False,2025-09-12,4,0.2857142857142857,0.9749279121818236,-0.22252093395631434,False
640,winndixie,IMG_9674.txt,2025-09-17,Lotus Cookie Buttr,1,1,82.5,83.8,65.2,0.0,10.3,1017.2,332,256,1,0.5380051715382996,0.8429415373547828,2025-09-19,2,0.14285714285714285,0.7818314824680298,0.6234898018587336,False,2025-09-12,5,0.35714285714285715,0.7818314824680299,-0.6234898018587335,False
641,winndixie,IMG_9674.txt,2025-09-17,Twister Punch,1,1,82.5,83.8,65.2,0.0,10.3,1017.2,332,256,1,0.5380051715382996,0.8429415373547828,2025-09-19,2,0.14285714285714285,0.7818314824680298,0.6234898018587336,False,2025-09-12,5,0.35714285714285715,0.7818314824680299,-0.6234898018587335,False
642,winndixie,IMG_9674.txt,2025-09-17,Peter Pan Crnch Pe,1,1,82.5,83.8,65.2,0.0,10.3,1017.2,332,256,1,0.5380051715382996,0.8429415373547828,2025-09-19,2,0.14285714285714285,0.7818314824680298,0.6234898018587336,False,2025-09-12,5,0.35714285714285715,0.7818314824680299,-0.6234898018587335,False
643,winndixie,IMG_9674.txt,2025-09-17,SE Grocers Bread,1,1,82.5,83.8,65.2,0.0,10.3,1017.2,332,256,1,0.5380051715382996,0.8429415373547828,2025-09-19,2,0.14285714285714285,0.7818314824680298,0.6234898018587336,False,2025-09-12,5,0.35714285714285715,0.7818314824680299,-0.6234898018587335,False
644,winndixie,IMG_9673.txt,2025-09-24,Coca Cola Cola,2,1,83.6,91.1,80.0,0.172,13.9,1016.2,325,249,1,0.6354323008901774,0.7721565844991642,2025-09-19,5,0.35714285714285715,0.7818314824680299,-0.6234898018587335,False,2025-09-26,2,0.14285714285714285,0.7818314824680298,0.6234898018587336,False
645,winndixie,IMG_9673.txt,2025-09-24,SE Grocers Bread,1,1,83.6,91.1,80.0,0.172,13.9,1016.2,325,249,1,0.6354323008901774,0.7721565844991642,2025-09-19,5,0.35714285714285715,0.7818314824680299,-0.6234898018587335,False,2025-09-26,2,0.14285714285714285,0.7818314824680298,0.6234898018587336,False
646,winndixie,IMG_9673.txt,2025-09-24,TOPCARE NIGHTTIME,1,1,83.6,91.1,80.0,0.172,13.9,1016.2,325,249,1,0.6354323008901774,0.7721565844991642,2025-09-19,5,0.35714285714285715,0.7818314824680299,-0.6234898018587335,False,2025-09-26,2,0.14285714285714285,0.7818314824680298,0.6234898018587336,False
647,winndixie,IMG_9673.txt,2025-09-24,ALM PETIT FOUR,1,1,83.6,91.1,80.0,0.172,13.9,1016.2,325,249,1,0.6354323008901774,0.7721565844991642,2025-09-19,5,0.35714285714285715,0.7818314824680299,-0.6234898018587335,False,2025-09-26,2,0.14285714285714285,0.7818314824680298,0.6234898018587336,False
648,winndixie,IMG_9672.txt,2025-09-24,Coca Cola Cola,2,1,83.6,91.1,80.0,0.172,13.9,1016.2,325,249,1,0.6354323008901774,0.7721565844991642,2025-09-19,5,0.35714285714285715,0.7818314824680299,-0.6234898018587335,False,2025-09-26,2,0.14285714285714285,0.7818314824680298,0.6234898018587336,False
649,winndixie,IMG_9671.txt,2025-09-30,SEG Ice Cream,1,1,82.6,84.5,66.3,0.0,10.3,1014.7,319,243,1,0.7116566222817747,0.702527474169157,2025-10-03,3,0.21428571428571427,0.9749279121818236,0.22252093395631445,False,2025-09-26,4,0.2857142857142857,0.9749279121818236,-0.22252093395631434,False
650,winndixie,IMG_9671.txt,2025-09-30,k&l Sugar,1,1,82.6,84.5,66.3,0.0,10.3,1014.7,319,243,1,0.7116566222817747,0.702527474169157,2025-10-03,3,0.21428571428571427,0.9749279121818236,0.22252093395631445,False,2025-09-26,4,0.2857142857142857,0.9749279121818236,-0.22252093395631434,False
651,winndixie,IMG_9671.txt,2025-09-30,k&l Milk,1,1,82.6,84.5,66.3,0.0,10.3,1014.7,319,243,1,0.7116566222817747,0.702527474169157,2025-10-03,3,0.21428571428571427,0.9749279121818236,0.22252093395631445,False,2025-09-26,4,0.2857142857142857,0.9749279121818236,-0.22252093395631434,False
652,winndixie,IMG_9670.txt,2025-10-03,Fanta Soda,1,1,79.3,81.1,70.6,0.001,17.2,1018.9,316,240,1,0.7469720876965552,0.6648553979642865,2025-10-03,0,0.0,0.0,1.0,True,2025-10-10,7,0.5,1.2246467991473532e-16,-1.0,False
653,winndixie,IMG_9670.txt,2025-10-03,Fanta Soda,1,1,79.3,81.1,70.6,0.001,17.2,1018.9,316,240,1,0.7469720876965552,0.6648553979642865,2025-10-03,0,0.0,0.0,1.0,True,2025-10-10,7,0.5,1.2246467991473532e-16,-1.0,False
654,winndixie,IMG_9670.txt,2025-10-03,CocaCola Soda,1,1,79.3,81.1,70.6,0.001,17.2,1018.9,316,240,1,0.7469720876965552,0.6648553979642865,2025-10-03,0,0.0,0.0,1.0,True,2025-10-10,7,0.5,1.2246467991473532e-16,-1.0,False
655,winndixie,IMG_9670.txt,2025-10-03,SE Grocers Foil,1,1,79.3,81.1,70.6,0.001,17.2,1018.9,316,240,1,0.7469720876965552,0.6648553979642865,2025-10-03,0,0.0,0.0,1.0,True,2025-10-10,7,0.5,1.2246467991473532e-16,-1.0,False
656,winndixie,IMG_9670.txt,2025-10-03,SE Grocers Pasta,1,1,79.3,81.1,70.6,0.001,17.2,1018.9,316,240,1,0.7469720876965552,0.6648553979642865,2025-10-03,0,0.0,0.0,1.0,True,2025-10-10,7,0.5,1.2246467991473532e-16,-1.0,False
657,winndixie,IMG_9670.txt,2025-10-03,k&l Pasta Sauce,1,1,79.3,81.1,70.6,0.001,17.2,1018.9,316,240,1,0.7469720876965552,0.6648553979642865,2025-10-03,0,0.0,0.0,1.0,True,2025-10-10,7,0.5,1.2246467991473532e-16,-1.0,False
658,winndixie,IMG_9670.txt,2025-10-03,SpaghettiOs Pasta,1,1,79.3,81.1,70.6,0.001,17.2,1018.9,316,240,1,0.7469720876965552,0.6648553979642865,2025-10-03,0,0.0,0.0,1.0,True,2025-10-10,7,0.5,1.2246467991473532e-16,-1.0,False
659,winndixie,IMG_9670.txt,2025-10-03,Nutella Snack Pack,1,1,79.3,81.1,70.6,0.001,17.2,1018.9,316,240,1,0.7469720876965552,0.6648553979642865,2025-10-03,0,0.0,0.0,1.0,True,2025-10-10,7,0.5,1.2246467991473532e-16,-1.0,False
660,winndixie,IMG_9670.txt,2025-10-03,D&W Cheese,1,1,79.3,81.1,70.6,0.001,17.2,1018.9,316,240,1,0.7469720876965552,0.6648553979642865,2025-10-03,0,0.0,0.0,1.0,True,2025-10-10,7,0.5,1.2246467991473532e-16,-1.0,False
661,winndixie,IMG_9670.txt,2025-10-03,D&W Turkey,1,1,79.3,81.1,70.6,0.001,17.2,1018.9,316,240,1,0.7469720876965552,0.6648553979642865,2025-10-03,0,0.0,0.0,1.0,True,2025-10-10,7,0.5,1.2246467991473532e-16,-1.0,False
662,winndixie,IMG_9670.txt,2025-10-03,Pork Shoulder,1,1,79.3,81.1,70.6,0.001,17.2,1018.9,316,240,1,0.7469720876965552,0.6648553979642865,2025-10-03,0,0.0,0.0,1.0,True,2025-10-10,7,0.5,1.2246467991473532e-16,-1.0,False
663,winndixie,IMG_9670.txt,2025-10-03,Pork Shoulder,1,1,79.3,81.1,70.6,0.001,17.2,1018.9,316,240,1,0.7469720876965552,0.6648553979642865,2025-10-03,0,0.0,0.0,1.0,True,2025-10-10,7,0.5,1.2246467991473532e-16,-1.0,False
664,winndixie,IMG_9670.txt,2025-10-03,SE Grocers Bread,1,1,79.3,81.1,70.6,0.001,17.2,1018.9,316,240,1,0.7469720876965552,0.6648553979642865,2025-10-03,0,0.0,0.0,1.0,True,2025-10-10,7,0.5,1.2246467991473532e-16,-1.0,False
665,winndixie,IMG_9670.txt,2025-10-03,Cilantro,1,1,79.3,81.1,70.6,0.001,17.2,1018.9,316,240,1,0.7469720876965552,0.6648553979642865,2025-10-03,0,0.0,0.0,1.0,True,2025-10-10,7,0.5,1.2246467991473532e-16,-1.0,False
666,winndixie,IMG_9670.txt,2025-10-03,wr Asparagus,1,1,79.3,81.1,70.6,0.001,17.2,1018.9,316,240,1,0.7469720876965552,0.6648553979642865,2025-10-03,0,0.0,0.0,1.0,True,2025-10-10,7,0.5,1.2246467991473532e-16,-1.0,False
667,winndixie,IMG_9670.txt,2025-10-03,Peter Pan Crnch Pe,1,1,79.3,81.1,70.6,0.001,17.2,1018.9,316,240,1,0.7469720876965552,0.6648553979642865,2025-10-03,0,0.0,0.0,1.0,True,2025-10-10,7,0.5,1.2246467991473532e-16,-1.0,False
668,winndixie,IMG_0019.txt,2025-10-07,Prairie Farm Milk,1,1,82.8,88.1,79.2,0.0,8.0,1016.8,312,236,1,0.7909456567567772,0.6118864012687244,2025-10-03,4,0.2857142857142857,0.9749279121818236,-0.22252093395631434,False,2025-10-10,3,0.21428571428571427,0.9749279121818236,0.22252093395631445,False
669,winndixie,IMG_0019.txt,2025-10-07,k&l Milk,1,1,82.8,88.1,79.2,0.0,8.0,1016.8,312,236,1,0.7909456567567772,0.6118864012687244,2025-10-03,4,0.2857142857142857,0.9749279121818236,-0.22252093395631434,False,2025-10-10,3,0.21428571428571427,0.9749279121818236,0.22252093395631445,False
670,winndixie,IMG_0019.txt,2025-10-07,Cauliflower,1,1,82.8,88.1,79.2,0.0,8.0,1016.8,312,236,1,0.7909456567567772,0.6118864012687244,2025-10-03,4,0.2857142857142857,0.9749279121818236,-0.22252093395631434,False,2025-10-10,3,0.21428571428571427,0.9749279121818236,0.22252093395631445,False
671,winndixie,IMG_0019.txt,2025-10-07,SEG Sour Cream,1,1,82.8,88.1,79.2,0.0,8.0,1016.8,312,236,1,0.7909456567567772,0.6118864012687244,2025-10-03,4,0.2857142857142857,0.9749279121818236,-0.22252093395631434,False,2025-10-10,3,0.21428571428571427,0.9749279121818236,0.22252093395631445,False
672,winndixie,IMG_0019.txt,2025-10-07,Sliced Strwberries,1,1,82.8,88.1,79.2,0.0,8.0,1016.8,312,236,1,0.7909456567567772,0.6118864012687244,2025-10-03,4,0.2857142857142857,0.9749279121818236,-0.22252093395631434,False,2025-10-10,3,0.21428571428571427,0.9749279121818236,0.22252093395631445,False
673,winndixie,IMG_0019.txt,2025-10-07,McCormick Seasonng,1,1,82.8,88.1,79.2,0.0,8.0,1016.8,312,236,1,0.7909456567567772,0.6118864012687244,2025-10-03,4,0.2857142857142857,0.9749279121818236,-0.22252093395631434,False,2025-10-10,3,0.21428571428571427,0.9749279121818236,0.22252093395631445,False
674,winndixie,IMG_0019.txt,2025-10-07,LITTLE DEBBIE FOOT,1,1,82.8,88.1,79.2,0.0,8.0,1016.8,312,236,1,0.7909456567567772,0.6118864012687244,2025-10-03,4,0.2857142857142857,0.9749279121818236,-0.22252093395631434,False,2025-10-10,3,0.21428571428571427,0.9749279121818236,0.22252093395631445,False
675,winndixie,IMG_0019.txt,2025-10-07,know & love Cheese,1,1,82.8,88.1,79.2,0.0,8.0,1016.8,312,236,1,0.7909456567567772,0.6118864012687244,2025-10-03,4,0.2857142857142857,0.9749279121818236,-0.22252093395631434,False,2025-10-10,3,0.21428571428571427,0.9749279121818236,0.22252093395631445,False
676,winndixie,IMG_0019.txt,2025-10-07,Chuck Steak,1,1,82.8,88.1,79.2,0.0,8.0,1016.8,312,236,1,0.7909456567567772,0.6118864012687244,2025-10-03,4,0.2857142857142857,0.9749279121818236,-0.22252093395631434,False,2025-10-10,3,0.21428571428571427,0.9749279121818236,0.22252093395631445,False
677,winndixie,IMG_0019.txt,2025-10-07,NB Chicken Thighs,1,1,82.8,88.1,79.2,0.0,8.0,1016.8,312,236,1,0.7909456567567772,0.6118864012687244,2025-10-03,4,0.2857142857142857,0.9749279121818236,-0.22252093395631434,False,2025-10-10,3,0.21428571428571427,0.9749279121818236,0.22252093395631445,False
678,winndixie,IMG_0017.txt,2025-10-07,SEG Parchment Ppr,1,1,82.8,88.1,79.2,0.0,8.0,1016.8,312,236,1,0.7909456567567772,0.6118864012687244,2025-10-03,4,0.2857142857142857,0.9749279121818236,-0.22252093395631434,False,2025-10-10,3,0.21428571428571427,0.9749279121818236,0.22252093395631445,False
679,winndixie,IMG_9668.txt,2025-10-08,Coca Cola Cola,1,1,83.1,88.0,76.6,0.001,18.3,1018.0,311,235,1,0.8013610881746766,0.5981809144059164,2025-10-03,5,0.35714285714285715,0.7818314824680299,-0.6234898018587335,False,2025-10-10,2,0.14285714285714285,0.7818314824680298,0.6234898018587336,False
680,winndixie,IMG_0015.txt,2025-10-14,Kleinpeter Milk,1,1,75.7,75.6,60.7,0.0,9.2,1017.2,305,229,1,0.8587639582758029,0.5123714121284237,2025-10-17,3,0.21428571428571427,0.9749279121818236,0.22252093395631445,False,2025-10-10,4,0.2857142857142857,0.9749279121818236,-0.22252093395631434,False
681,winndixie,IMG_0015.txt,2025-10-14,Coca Cola,1,1,75.7,75.6,60.7,0.0,9.2,1017.2,305,229,1,0.8587639582758029,0.5123714121284237,2025-10-17,3,0.21428571428571427,0.9749279121818236,0.22252093395631445,False,2025-10-10,4,0.2857142857142857,0.9749279121818236,-0.22252093395631434,False
682,winndixie,IMG_0015.txt,2025-10-14,Dewafelbakkr Pncks,1,1,75.7,75.6,60.7,0.0,9.2,1017.2,305,229,1,0.8587639582758029,0.5123714121284237,2025-10-17,3,0.21428571428571427,0.9749279121818236,0.22252093395631445,False,2025-10-10,4,0.2857142857142857,0.9749279121818236,-0.22252093395631434,False
683,winndixie,IMG_0015.txt,2025-10-14,SE Grocers Bread,1,1,75.7,75.6,60.7,0.0,9.2,1017.2,305,229,1,0.8587639582758029,0.5123714121284237,2025-10-17,3,0.21428571428571427,0.9749279121818236,0.22252093395631445,False,2025-10-10,4,0.2857142857142857,0.9749279121818236,-0.22252093395631434,False
684,winndixie,IMG_0015.txt,2025-10-14,Coca Cola Cola,1,1,75.7,75.6,60.7,0.0,9.2,1017.2,305,229,1,0.8587639582758029,0.5123714121284237,2025-10-17,3,0.21428571428571427,0.9749279121818236,0.22252093395631445,False,2025-10-10,4,0.2857142857142857,0.9749279121818236,-0.22252093395631434,False
685,winndixie,IMG_0014.txt,2025-10-14,BE SF SLT PEPPR BR,1,1,75.7,75.6,60.7,0.0,9.2,1017.2,305,229,1,0.8587639582758029,0.5123714121284237,2025-10-17,3,0.21428571428571427,0.9749279121818236,0.22252093395631445,False,2025-10-10,4,0.2857142857142857,0.9749279121818236,-0.22252093395631434,False
686,winndixie,IMG_0014.txt,2025-10-14,BE SF WINTER BLEND,1,1,75.7,75.6,60.7,0.0,9.2,1017.2,305,229,1,0.8587639582758029,0.5123714121284237,2025-10-17,3,0.21428571428571427,0.9749279121818236,0.22252093395631445,False,2025-10-10,4,0.2857142857142857,0.9749279121818236,-0.22252093395631434,False
687,winndixie,IMG_0014.txt,2025-10-14,Crab Leg Surimi,1,1,75.7,75.6,60.7,0.0,9.2,1017.2,305,229,1,0.8587639582758029,0.5123714121284237,2025-10-17,3,0.21428571428571427,0.9749279121818236,0.22252093395631445,False,2025-10-10,4,0.2857142857142857,0.9749279121818236,-0.22252093395631434,False
688,winndixie,IMG_0014.txt,2025-10-14,Dole Shred Lettuce,2,1,75.7,75.6,60.7,0.0,9.2,1017.2,305,229,1,0.8587639582758029,0.5123714121284237,2025-10-17,3,0.21428571428571427,0.9749279121818236,0.22252093395631445,False,2025-10-10,4,0.2857142857142857,0.9749279121818236,-0.22252093395631434,False
689,winndixie,IMG_0014.txt,2025-10-14,SEG Seasoning Mix,1,1,75.7,75.6,60.7,0.0,9.2,1017.2,305,229,1,0.8587639582758029,0.5123714121284237,2025-10-17,3,0.21428571428571427,0.9749279121818236,0.22252093395631445,False,2025-10-10,4,0.2857142857142857,0.9749279121818236,-0.22252093395631434,False
690,winndixie,IMG_0014.txt,2025-10-14,SEG Bagel Bites,1,1,75.7,75.6,60.7,0.0,9.2,1017.2,305,229,1,0.8587639582758029,0.5123714121284237,2025-10-17,3,0.21428571428571427,0.9749279121818236,0.22252093395631445,False,2025-10-10,4,0.2857142857142857,0.9749279121818236,-0.22252093395631434,False
691,winndixie,IMG_0014.txt,2025-10-14,k&l Sweet Peas,1,1,75.7,75.6,60.7,0.0,9.2,1017.2,305,229,1,0.8587639582758029,0.5123714121284237,2025-10-17,3,0.21428571428571427,0.9749279121818236,0.22252093395631445,False,2025-10-10,4,0.2857142857142857,0.9749279121818236,-0.22252093395631434,False
692,winndixie,IMG_0014.txt,2025-10-14,k&l Corn,1,1,75.7,75.6,60.7,0.0,9.2,1017.2,305,229,1,0.8587639582758029,0.5123714121284237,2025-10-17,3,0.21428571428571427,0.9749279121818236,0.22252093395631445,False,2025-10-10,4,0.2857142857142857,0.9749279121818236,-0.22252093395631434,False
693,winndixie,IMG_0014.txt,2025-10-14,Kraft Mac & Cheese,1,1,75.7,75.6,60.7,0.0,9.2,1017.2,305,229,1,0.8587639582758029,0.5123714121284237,2025-10-17,3,0.21428571428571427,0.9749279121818236,0.22252093395631445,False,2025-10-10,4,0.2857142857142857,0.9749279121818236,-0.22252093395631434,False
694,winndixie,IMG_0014.txt,2025-10-14,wr Jumbo Sweet Onions,1,1,75.7,75.6,60.7,0.0,9.2,1017.2,305,229,1,0.8587639582758029,0.5123714121284237,2025-10-17,3,0.21428571428571427,0.9749279121818236,0.22252093395631445,False,2025-10-10,4,0.2857142857142857,0.9749279121818236,-0.22252093395631434,False
695,winndixie,IMG_0014.txt,2025-10-14,SEG Turkey,1,1,75.7,75.6,60.7,0.0,9.2,1017.2,305,229,1,0.8587639582758029,0.5123714121284237,2025-10-17,3,0.21428571428571427,0.9749279121818236,0.22252093395631445,False,2025-10-10,4,0.2857142857142857,0.9749279121818236,-0.22252093395631434,False
696,winndixie,IMG_0014.txt,2025-10-14,Fresh Meats,1,1,75.7,75.6,60.7,0.0,9.2,1017.2,305,229,1,0.8587639582758029,0.5123714121284237,2025-10-17,3,0.21428571428571427,0.9749279121818236,0.22252093395631445,False,2025-10-10,4,0.2857142857142857,0.9749279121818236,-0.22252093395631434,False
697,winndixie,IMG_0014.txt,2025-10-14,Top Round Steak,1,1,75.7,75.6,60.7,0.0,9.2,1017.2,305,229,1,0.8587639582758029,0.5123714121284237,2025-10-17,3,0.21428571428571427,0.9749279121818236,0.22252093395631445,False,2025-10-10,4,0.2857142857142857,0.9749279121818236,-0.22252093395631434,False
698,winndixie,IMG_9665.txt,2025-10-17,Coca Cola Cola,2,1,77.4,78.5,73.4,0.0,11.4,1014.1,302,226,1,0.8840675099433636,0.4673592171580022,2025-10-17,0,0.0,0.0,1.0,True,2025-10-10,7,0.5,1.2246467991473532e-16,-1.0,False
699,winndixie,IMG_9665.txt,2025-10-17,Hugbi Pies,1,1,77.4,78.5,73.4,0.0,11.4,1014.1,302,226,1,0.8840675099433636,0.4673592171580022,2025-10-17,0,0.0,0.0,1.0,True,2025-10-10,7,0.5,1.2246467991473532e-16,-1.0,False
700,winndixie,IMG_0013.txt,2025-10-17,Peter Pan Pnt Bttr,1,1,77.4,78.5,73.4,0.0,11.4,1014.1,302,226,1,0.8840675099433636,0.4673592171580022,2025-10-17,0,0.0,0.0,1.0,True,2025-10-10,7,0.5,1.2246467991473532e-16,-1.0,False
701,winndixie,IMG_0013.txt,2025-10-17,Coca Cola Cola,2,1,77.4,78.5,73.4,0.0,11.4,1014.1,302,226,1,0.8840675099433636,0.4673592171580022,2025-10-17,0,0.0,0.0,1.0,True,2025-10-10,7,0.5,1.2246467991473532e-16,-1.0,False
702,winndixie,IMG_9663.txt,2025-10-17,Cocoa Krispies Crl,1,1,77.4,78.5,73.4,0.0,11.4,1014.1,302,226,1,0.8840675099433636,0.4673592171580022,2025-10-17,0,0.0,0.0,1.0,True,2025-10-10,7,0.5,1.2246467991473532e-16,-1.0,False
703,winndixie,IMG_9662.txt,2025-10-21,LITTLE DEBBIE FOOT,1,1,77.4,78.4,72.3,0.0,10.3,1017.5,298,222,1,0.9141279881853337,0.40542572835999735,2025-10-17,4,0.2857142857142857,0.9749279121818236,-0.22252093395631434,False,2025-10-24,3,0.21428571428571427,0.9749279121818236,0.22252093395631445,False
704,winndixie,IMG_9662.txt,2025-10-21,D&W Turkey,1,1,77.4,78.4,72.3,0.0,10.3,1017.5,298,222,1,0.9141279881853337,0.40542572835999735,2025-10-17,4,0.2857142857142857,0.9749279121818236,-0.22252093395631434,False,2025-10-24,3,0.21428571428571427,0.9749279121818236,0.22252093395631445,False
705,winndixie,IMG_9662.txt,2025-10-21,Annie Chun's Bowl,1,1,77.4,78.4,72.3,0.0,10.3,1017.5,298,222,1,0.9141279881853337,0.40542572835999735,2025-10-17,4,0.2857142857142857,0.9749279121818236,-0.22252093395631434,False,2025-10-24,3,0.21428571428571427,0.9749279121818236,0.22252093395631445,False
706,winndixie,IMG_9662.txt,2025-10-21,Kraft Mac & Cheese,1,1,77.4,78.4,72.3,0.0,10.3,1017.5,298,222,1,0.9141279881853337,0.40542572835999735,2025-10-17,4,0.2857142857142857,0.9749279121818236,-0.22252093395631434,False,2025-10-24,3,0.21428571428571427,0.9749279121818236,0.22252093395631445,False
707,winndixie,IMG_9662.txt,2025-10-21,HC Cafe Steamers,1,1,77.4,78.4,72.3,0.0,10.3,1017.5,298,222,1,0.9141279881853337,0.40542572835999735,2025-10-17,4,0.2857142857142857,0.9749279121818236,-0.22252093395631434,False,2025-10-24,3,0.21428571428571427,0.9749279121818236,0.22252093395631445,False
708,winndixie,IMG_9662.txt,2025-10-21,SEG Bagel Bites,1,1,77.4,78.4,72.3,0.0,10.3,1017.5,298,222,1,0.9141279881853337,0.40542572835999735,2025-10-17,4,0.2857142857142857,0.9749279121818236,-0.22252093395631434,False,2025-10-24,3,0.21428571428571427,0.9749279121818236,0.22252093395631445,False
709,winndixie,IMG_9662.txt,2025-10-21,HC Cafe Steamers,1,1,77.4,78.4,72.3,0.0,10.3,1017.5,298,222,1,0.9141279881853337,0.40542572835999735,2025-10-17,4,0.2857142857142857,0.9749279121818236,-0.22252093395631434,False,2025-10-24,3,0.21428571428571427,0.9749279121818236,0.22252093395631445,False
710,winndixie,IMG_9662.txt,2025-10-21,Slim Jim Jerky,1,1,77.4,78.4,72.3,0.0,10.3,1017.5,298,222,1,0.9141279881853337,0.40542572835999735,2025-10-17,4,0.2857142857142857,0.9749279121818236,-0.22252093395631434,False,2025-10-24,3,0.21428571428571427,0.9749279121818236,0.22252093395631445,False
711,winndixie,IMG_9662.txt,2025-10-21,SEG Alfredo Sauce,1,1,77.4,78.4,72.3,0.0,10.3,1017.5,298,222,1,0.9141279881853337,0.40542572835999735,2025-10-17,4,0.2857142857142857,0.9749279121818236,-0.22252093395631434,False,2025-10-24,3,0.21428571428571427,0.9749279121818236,0.22252093395631445,False
712,winndixie,IMG_9662.txt,2025-10-21,k&l Pasta Sauce,1,1,77.4,78.4,72.3,0.0,10.3,1017.5,298,222,1,0.9141279881853337,0.40542572835999735,2025-10-17,4,0.2857142857142857,0.9749279121818236,-0.22252093395631434,False,2025-10-24,3,0.21428571428571427,0.9749279121818236,0.22252093395631445,False
713,winndixie,IMG_9662.txt,2025-10-21,Smucker's Spread,1,1,77.4,78.4,72.3,0.0,10.3,1017.5,298,222,1,0.9141279881853337,0.40542572835999735,2025-10-17,4,0.2857142857142857,0.9749279121818236,-0.22252093395631434,False,2025-10-24,3,0.21428571428571427,0.9749279121818236,0.22252093395631445,False
714,winndixie,IMG_9662.txt,2025-10-21,smucker's Jelly,1,1,77.4,78.4,72.3,0.0,10.3,1017.5,298,222,1,0.9141279881853337,0.40542572835999735,2025-10-17,4,0.2857142857142857,0.9749279121818236,-0.22252093395631434,False,2025-10-24,3,0.21428571428571427,0.9749279121818236,0.22252093395631445,False
715,winndixie,IMG_9662.txt,2025-10-21,Lotus Cookie Buttr,1,1,77.4,78.4,72.3,0.0,10.3,1017.5,298,222,1,0.9141279881853337,0.40542572835999735,2025-10-17,4,0.2857142857142857,0.9749279121818236,-0.22252093395631434,False,2025-10-24,3,0.21428571428571427,0.9749279121818236,0.22252093395631445,False
716,winndixie,IMG_9662.txt,2025-10-21,k&l Milk,1,1,77.4,78.4,72.3,0.0,10.3,1017.5,298,222,1,0.9141279881853337,0.40542572835999735,2025-10-17,4,0.2857142857142857,0.9749279121818236,-0.22252093395631434,False,2025-10-24,3,0.21428571428571427,0.9749279121818236,0.22252093395631445,False
717,winndixie,IMG_9662.txt,2025-10-21,SEG Slcd Mushrooms,1,1,77.4,78.4,72.3,0.0,10.3,1017.5,298,222,1,0.9141279881853337,0.40542572835999735,2025-10-17,4,0.2857142857142857,0.9749279121818236,-0.22252093395631434,False,2025-10-24,3,0.21428571428571427,0.9749279121818236,0.22252093395631445,False
718,winndixie,IMG_9662.txt,2025-10-21,. Yellow Corn,3,1,77.4,78.4,72.3,0.0,10.3,1017.5,298,222,1,0.9141279881853337,0.40542572835999735,2025-10-17,4,0.2857142857142857,0.9749279121818236,-0.22252093395631434,False,2025-10-24,3,0.21428571428571427,0.9749279121818236,0.22252093395631445,False
719,winndixie,IMG_9661.txt,2025-10-23,Quaker Rice Crisps,1,1,69.8,69.7,61.9,0.0,12.7,1020.7,296,220,1,0.9275416835791966,0.37371971479046906,2025-10-17,6,0.42857142857142855,0.43388373911755823,-0.900968867902419,False,2025-10-24,1,0.07142857142857142,0.4338837391175581,0.9009688679024191,False
720,winndixie,IMG_9661.txt,2025-10-23,SB TRPL SHOT RICH,1,1,69.8,69.7,61.9,0.0,12.7,1020.7,296,220,1,0.9275416835791966,0.37371971479046906,2025-10-17,6,0.42857142857142855,0.43388373911755823,-0.900968867902419,False,2025-10-24,1,0.07142857142857142,0.4338837391175581,0.9009688679024191,False
721,winndixie,IMG_9661.txt,2025-10-23,Cheez-It Crackers,2,1,69.8,69.7,61.9,0.0,12.7,1020.7,296,220,1,0.9275416835791966,0.37371971479046906,2025-10-17,6,0.42857142857142855,0.43388373911755823,-0.900968867902419,False,2025-10-24,1,0.07142857142857142,0.4338837391175581,0.9009688679024191,False
722,winndixie,IMG_9661.txt,2025-10-23,Sparkling Ice Wtr,1,1,69.8,69.7,61.9,0.0,12.7,1020.7,296,220,1,0.9275416835791966,0.37371971479046906,2025-10-17,6,0.42857142857142855,0.43388373911755823,-0.900968867902419,False,2025-10-24,1,0.07142857142857142,0.4338837391175581,0.9009688679024191,False
723,winndixie,IMG_9661.txt,2025-10-23,Sparkling Ice Wtr,1,1,69.8,69.7,61.9,0.0,12.7,1020.7,296,220,1,0.9275416835791966,0.37371971479046906,2025-10-17,6,0.42857142857142855,0.43388373911755823,-0.900968867902419,False,2025-10-24,1,0.07142857142857142,0.4338837391175581,0.9009688679024191,False
724,winndixie,IMG_9661.txt,2025-10-23,Sparkling Ice Wtr,1,1,69.8,69.7,61.9,0.0,12.7,1020.7,296,220,1,0.9275416835791966,0.37371971479046906,2025-10-17,6,0.42857142857142855,0.43388373911755823,-0.900968867902419,False,2025-10-24,1,0.07142857142857142,0.4338837391175581,0.9009688679024191,False
725,winndixie,IMG_9661.txt,2025-10-23,Sparkling Ice Wtr,1,1,69.8,69.7,61.9,0.0,12.7,1020.7,296,220,1,0.9275416835791966,0.37371971479046906,2025-10-17,6,0.42857142857142855,0.43388373911755823,-0.900968867902419,False,2025-10-24,1,0.07142857142857142,0.4338837391175581,0.9009688679024191,False
726,winndixie,IMG_9661.txt,2025-10-23,Dr. Pepper Soda,1,1,69.8,69.7,61.9,0.0,12.7,1020.7,296,220,1,0.9275416835791966,0.37371971479046906,2025-10-17,6,0.42857142857142855,0.43388373911755823,-0.900968867902419,False,2025-10-24,1,0.07142857142857142,0.4338837391175581,0.9009688679024191,False
727,winndixie,IMG_9661.txt,2025-10-23,Fanta Soda,1,1,69.8,69.7,61.9,0.0,12.7,1020.7,296,220,1,0.9275416835791966,0.37371971479046906,2025-10-17,6,0.42857142857142855,0.43388373911755823,-0.900968867902419,False,2025-10-24,1,0.07142857142857142,0.4338837391175581,0.9009688679024191,False
728,winndixie,IMG_9661.txt,2025-10-23,Fanta Soda,1,1,69.8,69.7,61.9,0.0,12.7,1020.7,296,220,1,0.9275416835791966,0.37371971479046906,2025-10-17,6,0.42857142857142855,0.43388373911755823,-0.900968867902419,False,2025-10-24,1,0.07142857142857142,0.4338837391175581,0.9009688679024191,False
729,winndixie,IMG_9660.txt,2025-10-24,Pearl Millng Syrup,1,1,72.9,73.0,64.2,0.0,16.1,1020.0,295,219,1,0.9338372288229251,0.3576982388331257,2025-10-31,7,0.5,1.2246467991473532e-16,-1.0,False,2025-10-24,0,0.0,0.0,1.0,True
730,winndixie,IMG_9660.txt,2025-10-24,GM WFFL TST CRNC,1,1,72.9,73.0,64.2,0.0,16.1,1020.0,295,219,1,0.9338372288229251,0.3576982388331257,2025-10-31,7,0.5,1.2246467991473532e-16,-1.0,False,2025-10-24,0,0.0,0.0,1.0,True
731,winndixie,IMG_9660.txt,2025-10-24,SEG Sandwich Bread,1,1,72.9,73.0,64.2,0.0,16.1,1020.0,295,219,1,0.9338372288229251,0.3576982388331257,2025-10-31,7,0.5,1.2246467991473532e-16,-1.0,False,2025-10-24,0,0.0,0.0,1.0,True
732,winndixie,IMG_9660.txt,2025-10-24,Peter Pan Pnt Bttr,1,1,72.9,73.0,64.2,0.0,16.1,1020.0,295,219,1,0.9338372288229251,0.3576982388331257,2025-10-31,7,0.5,1.2246467991473532e-16,-1.0,False,2025-10-24,0,0.0,0.0,1.0,True
733,winndixie,IMG_9660.txt,2025-10-24,POWERADE 8PK,1,1,72.9,73.0,64.2,0.0,16.1,1020.0,295,219,1,0.9338372288229251,0.3576982388331257,2025-10-31,7,0.5,1.2246467991473532e-16,-1.0,False,2025-10-24,0,0.0,0.0,1.0,True
734,winndixie,IMG_9660.txt,2025-10-24,Coca Cola Cola,2,1,72.9,73.0,64.2,0.0,16.1,1020.0,295,219,1,0.9338372288229251,0.3576982388331257,2025-10-31,7,0.5,1.2246467991473532e-16,-1.0,False,2025-10-24,0,0.0,0.0,1.0,True
735,winndixie,IMG_9659.txt,2025-10-25,Chisesi Ham,1,1,75.3,75.6,78.1,0.223,15.0,1017.3,294,218,1,0.9398560579418954,0.3415707691678556,2025-10-31,6,0.42857142857142855,0.43388373911755823,-0.900968867902419,False,2025-10-24,1,0.07142857142857142,0.4338837391175581,0.9009688679024191,False
736,winndixie,IMG_9659.txt,2025-10-25,SEG Turkey,1,1,75.3,75.6,78.1,0.223,15.0,1017.3,294,218,1,0.9398560579418954,0.3415707691678556,2025-10-31,6,0.42857142857142855,0.43388373911755823,-0.900968867902419,False,2025-10-24,1,0.07142857142857142,0.4338837391175581,0.9009688679024191,False
737,winndixie,IMG_9659.txt,2025-10-25,k&l Edamame,1,1,75.3,75.6,78.1,0.223,15.0,1017.3,294,218,1,0.9398560579418954,0.3415707691678556,2025-10-31,6,0.42857142857142855,0.43388373911755823,-0.900968867902419,False,2025-10-24,1,0.07142857142857142,0.4338837391175581,0.9009688679024191,False
738,winndixie,IMG_9659.txt,2025-10-25,k&l Green Beans,1,1,75.3,75.6,78.1,0.223,15.0,1017.3,294,218,1,0.9398560579418954,0.3415707691678556,2025-10-31,6,0.42857142857142855,0.43388373911755823,-0.900968867902419,False,2025-10-24,1,0.07142857142857142,0.4338837391175581,0.9009688679024191,False
739,winndixie,IMG_9659.txt,2025-10-25,k&l Winter Mix,1,1,75.3,75.6,78.1,0.223,15.0,1017.3,294,218,1,0.9398560579418954,0.3415707691678556,2025-10-31,6,0.42857142857142855,0.43388373911755823,-0.900968867902419,False,2025-10-24,1,0.07142857142857142,0.4338837391175581,0.9009688679024191,False
740,winndixie,IMG_9659.txt,2025-10-25,Sow Good Candy,1,1,75.3,75.6,78.1,0.223,15.0,1017.3,294,218,1,0.9398560579418954,0.3415707691678556,2025-10-31,6,0.42857142857142855,0.43388373911755823,-0.900968867902419,False,2025-10-24,1,0.07142857142857142,0.4338837391175581,0.9009688679024191,False
741,winndixie,IMG_9659.txt,2025-10-25,OM BASICS TURKEY-A,1,1,75.3,75.6,78.1,0.223,15.0,1017.3,294,218,1,0.9398560579418954,0.3415707691678556,2025-10-31,6,0.42857142857142855,0.43388373911755823,-0.900968867902419,False,2025-10-24,1,0.07142857142857142,0.4338837391175581,0.9009688679024191,False
742,winndixie,IMG_9659.txt,2025-10-25,Blue Bell IceCream,1,1,75.3,75.6,78.1,0.223,15.0,1017.3,294,218,1,0.9398560579418954,0.3415707691678556,2025-10-31,6,0.42857142857142855,0.43388373911755823,-0.900968867902419,False,2025-10-24,1,0.07142857142857142,0.4338837391175581,0.9009688679024191,False
743,winndixie,IMG_9659.txt,2025-10-25,Fresh Meats,1,1,75.3,75.6,78.1,0.223,15.0,1017.3,294,218,1,0.9398560579418954,0.3415707691678556,2025-10-31,6,0.42857142857142855,0.43388373911755823,-0.900968867902419,False,2025-10-24,1,0.07142857142857142,0.4338837391175581,0.9009688679024191,False
744,winndixie,IMG_9659.txt,2025-10-25,Pillsbury Biscuits,1,1,75.3,75.6,78.1,0.223,15.0,1017.3,294,218,1,0.9398560579418954,0.3415707691678556,2025-10-31,6,0.42857142857142855,0.43388373911755823,-0.900968867902419,False,2025-10-24,1,0.07142857142857142,0.4338837391175581,0.9009688679024191,False
745,winndixie,IMG_9659.txt,2025-10-25,Banquet Sausage,2,1,75.3,75.6,78.1,0.223,15.0,1017.3,294,218,1,0.9398560579418954,0.3415707691678556,2025-10-31,6,0.42857142857142855,0.43388373911755823,-0.900968867902419,False,2025-10-24,1,0.07142857142857142,0.4338837391175581,0.9009688679024191,False
746,winndixie,IMG_9659.txt,2025-10-25,k&l Ricotta Cheese,1,1,75.3,75.6,78.1,0.223,15.0,1017.3,294,218,1,0.9398560579418954,0.3415707691678556,2025-10-31,6,0.42857142857142855,0.43388373911755823,-0.900968867902419,False,2025-10-24,1,0.07142857142857142,0.4338837391175581,0.9009688679024191,False
747,winndixie,IMG_9659.txt,2025-10-25,Coffee Mate Creamr,1,1,75.3,75.6,78.1,0.223,15.0,1017.3,294,218,1,0.9398560579418954,0.3415707691678556,2025-10-31,6,0.42857142857142855,0.43388373911755823,-0.900968867902419,False,2025-10-24,1,0.07142857142857142,0.4338837391175581,0.9009688679024191,False
748,winndixie,IMG_9659.txt,2025-10-25,SE Grocers Pasta,1,1,75.3,75.6,78.1,0.223,15.0,1017.3,294,218,1,0.9398560579418954,0.3415707691678556,2025-10-31,6,0.42857142857142855,0.43388373911755823,-0.900968867902419,False,2025-10-24,1,0.07142857142857142,0.4338837391175581,0.9009688679024191,False
749,winndixie,IMG_9658.txt,2025-10-27,k&l Milk,1,1,75.0,75.1,73.1,0.0,11.4,1012.9,292,216,1,0.9510565162951535,0.30901699437494745,2025-10-31,4,0.2857142857142857,0.9749279121818236,-0.22252093395631434,False,2025-10-24,3,0.21428571428571427,0.9749279121818236,0.22252093395631445,False
750,winndixie,IMG_9658.txt,2025-10-27,SEG Fruit Punch,1,1,75.0,75.1,73.1,0.0,11.4,1012.9,292,216,1,0.9510565162951535,0.30901699437494745,2025-10-31,4,0.2857142857142857,0.9749279121818236,-0.22252093395631434,False,2025-10-24,3,0.21428571428571427,0.9749279121818236,0.22252093395631445,False
751,winndixie,IMG_9657.txt,2025-10-30,Fritos Dip,1,1,60.4,60.4,63.2,0.0,18.3,1017.0,289,213,1,0.9657399376548549,0.2595117970697999,2025-10-31,1,0.07142857142857142,0.4338837391175581,0.9009688679024191,False,2025-10-24,6,0.42857142857142855,0.43388373911755823,-0.900968867902419,False
752,winndixie,IMG_9657.txt,2025-10-30,Quaker Rice Crisps,1,1,60.4,60.4,63.2,0.0,18.3,1017.0,289,213,1,0.9657399376548549,0.2595117970697999,2025-10-31,1,0.07142857142857142,0.4338837391175581,0.9009688679024191,False,2025-10-24,6,0.42857142857142855,0.43388373911755823,-0.900968867902419,False
753,winndixie,IMG_9657.txt,2025-10-30,Essentials Cookies,1,1,60.4,60.4,63.2,0.0,18.3,1017.0,289,213,1,0.9657399376548549,0.2595117970697999,2025-10-31,1,0.07142857142857142,0.4338837391175581,0.9009688679024191,False,2025-10-24,6,0.42857142857142855,0.43388373911755823,-0.900968867902419,False
754,winndixie,IMG_9657.txt,2025-10-30,Campbell's Soup,1,1,60.4,60.4,63.2,0.0,18.3,1017.0,289,213,1,0.9657399376548549,0.2595117970697999,2025-10-31,1,0.07142857142857142,0.4338837391175581,0.9009688679024191,False,2025-10-24,6,0.42857142857142855,0.43388373911755823,-0.900968867902419,False
755,winndixie,IMG_9657.txt,2025-10-30,Mission Chips,2,1,60.4,60.4,63.2,0.0,18.3,1017.0,289,213,1,0.9657399376548549,0.2595117970697999,2025-10-31,1,0.07142857142857142,0.4338837391175581,0.9009688679024191,False,2025-10-24,6,0.42857142857142855,0.43388373911755823,-0.900968867902419,False
756,winndixie,IMG_9656.txt,2025-11-04,Hugbi Pies,2,1,62.3,62.3,65.1,0.0,12.7,1026.3,284,208,1,0.9844738167520922,0.1755314904214282,2025-10-31,4,0.2857142857142857,0.9749279121818236,-0.22252093395631434,False,2025-11-07,3,0.21428571428571427,0.9749279121818236,0.22252093395631445,False
757,winndixie,IMG_9656.txt,2025-11-04,know & love Cheese,1,1,62.3,62.3,65.1,0.0,12.7,1026.3,284,208,1,0.9844738167520922,0.1755314904214282,2025-10-31,4,0.2857142857142857,0.9749279121818236,-0.22252093395631434,False,2025-11-07,3,0.21428571428571427,0.9749279121818236,0.22252093395631445,False
758,winndixie,IMG_9656.txt,2025-11-04,Chicken Thighs,1,1,62.3,62.3,65.1,0.0,12.7,1026.3,284,208,1,0.9844738167520922,0.1755314904214282,2025-10-31,4,0.2857142857142857,0.9749279121818236,-0.22252093395631434,False,2025-11-07,3,0.21428571428571427,0.9749279121818236,0.22252093395631445,False
759,winndixie,IMG_9656.txt,2025-11-04,Dewafelbakkr Pncks,1,1,62.3,62.3,65.1,0.0,12.7,1026.3,284,208,1,0.9844738167520922,0.1755314904214282,2025-10-31,4,0.2857142857142857,0.9749279121818236,-0.22252093395631434,False,2025-11-07,3,0.21428571428571427,0.9749279121818236,0.22252093395631445,False
760,winndixie,IMG_9656.txt,2025-11-04,Fanta Soda,1,1,62.3,62.3,65.1,0.0,12.7,1026.3,284,208,1,0.9844738167520922,0.1755314904214282,2025-10-31,4,0.2857142857142857,0.9749279121818236,-0.22252093395631434,False,2025-11-07,3,0.21428571428571427,0.9749279121818236,0.22252093395631445,False
761,winndixie,IMG_9656.txt,2025-11-04,DR PEPPER 12PK,1,1,62.3,62.3,65.1,0.0,12.7,1026.3,284,208,1,0.9844738167520922,0.1755314904214282,2025-10-31,4,0.2857142857142857,0.9749279121818236,-0.22252093395631434,False,2025-11-07,3,0.21428571428571427,0.9749279121818236,0.22252093395631445,False
762,winndixie,IMG_9656.txt,2025-11-04,CocaCola Soda,10,1,62.3,62.3,65.1,0.0,12.7,1026.3,284,208,1,0.9844738167520922,0.1755314904214282,2025-10-31,4,0.2857142857142857,0.9749279121818236,-0.22252093395631434,False,2025-11-07,3,0.21428571428571427,0.9749279121818236,0.22252093395631445,False
763,winndixie,IMG_9656.txt,2025-11-04,Kleinpeter Milk,1,1,62.3,62.3,65.1,0.0,12.7,1026.3,284,208,1,0.9844738167520922,0.1755314904214282,2025-10-31,4,0.2857142857142857,0.9749279121818236,-0.22252093395631434,False,2025-11-07,3,0.21428571428571427,0.9749279121818236,0.22252093395631445,False
764,winndixie,IMG_9655.txt,2025-11-05,k&l Canned Beans,1,1,66.9,66.9,77.9,0.0,9.2,1022.9,283,207,1,0.9873494423939864,0.15855938510313455,2025-10-31,5,0.35714285714285715,0.7818314824680299,-0.6234898018587335,False,2025-11-07,2,0.14285714285714285,0.7818314824680298,0.6234898018587336,False
765,winndixie,IMG_9655.txt,2025-11-05,Blue Runner Beans,1,1,66.9,66.9,77.9,0.0,9.2,1022.9,283,207,1,0.9873494423939864,0.15855938510313455,2025-10-31,5,0.35714285714285715,0.7818314824680299,-0.6234898018587335,False,2025-11-07,2,0.14285714285714285,0.7818314824680298,0.6234898018587336,False
766,winndixie,IMG_9655.txt,2025-11-05,Manda Sausage,1,1,66.9,66.9,77.9,0.0,9.2,1022.9,283,207,1,0.9873494423939864,0.15855938510313455,2025-10-31,5,0.35714285714285715,0.7818314824680299,-0.6234898018587335,False,2025-11-07,2,0.14285714285714285,0.7818314824680298,0.6234898018587336,False
767,winndixie,IMG_9655.txt,2025-11-05,SEG BOIL-N-BAG,1,1,66.9,66.9,77.9,0.0,9.2,1022.9,283,207,1,0.9873494423939864,0.15855938510313455,2025-10-31,5,0.35714285714285715,0.7818314824680299,-0.6234898018587335,False,2025-11-07,2,0.14285714285714285,0.7818314824680298,0.6234898018587336,False
768,winndixie,IMG_0002.txt,2025-11-09,kél Milk,1,1,66.6,66.6,66.1,0.0,20.8,1018.4,279,203,1,0.995918996147179,0.09025161003104117,2025-11-14,5,0.35714285714285715,0.7818314824680299,-0.6234898018587335,False,2025-11-07,2,0.14285714285714285,0.7818314824680298,0.6234898018587336,False
769,winndixie,IMG_0001.txt,2025-11-13,SEG White Bread,1,1,65.0,65.0,76.4,0.0,6.9,1024.0,275,199,1,0.9997685019798909,0.021516097436222254,2025-11-14,1,0.07142857142857142,0.4338837391175581,0.9009688679024191,False,2025-11-07,6,0.42857142857142855,0.43388373911755823,-0.900968867902419,False
770,winndixie,IMG_0001.txt,2025-11-13,Sargento Cheese,1,1,65.0,65.0,76.4,0.0,6.9,1024.0,275,199,1,0.9997685019798909,0.021516097436222254,2025-11-14,1,0.07142857142857142,0.4338837391175581,0.9009688679024191,False,2025-11-07,6,0.42857142857142855,0.43388373911755823,-0.900968867902419,False
771,winndixie,IMG_0001.txt,2025-11-13,Sargento Cheese,1,1,65.0,65.0,76.4,0.0,6.9,1024.0,275,199,1,0.9997685019798909,0.021516097436222254,2025-11-14,1,0.07142857142857142,0.4338837391175581,0.9009688679024191,False,2025-11-07,6,0.42857142857142855,0.43388373911755823,-0.900968867902419,False
772,winndixie,IMG_0001.txt,2025-11-13,Hormel Pepperoni,1,1,65.0,65.0,76.4,0.0,6.9,1024.0,275,199,1,0.9997685019798909,0.021516097436222254,2025-11-14,1,0.07142857142857142,0.4338837391175581,0.9009688679024191,False,2025-11-07,6,0.42857142857142855,0.43388373911755823,-0.900968867902419,False
773,winndixie,IMG_0001.txt,2025-11-13,SEG Ham,1,1,65.0,65.0,76.4,0.0,6.9,1024.0,275,199,1,0.9997685019798909,0.021516097436222254,2025-11-14,1,0.07142857142857142,0.4338837391175581,0.9009688679024191,False,2025-11-07,6,0.42857142857142855,0.43388373911755823,-0.900968867902419,False
774,winndixie,IMG_0001.txt,2025-11-13,D&W Turkey,1,1,65.0,65.0,76.4,0.0,6.9,1024.0,275,199,1,0.9997685019798909,0.021516097436222254,2025-11-14,1,0.07142857142857142,0.4338837391175581,0.9009688679024191,False,2025-11-07,6,0.42857142857142855,0.43388373911755823,-0.900968867902419,False
775,winndixie,IMG_0001.txt,2025-11-13,SEG Fruit Punch,1,1,65.0,65.0,76.4,0.0,6.9,1024.0,275,199,1,0.9997685019798909,0.021516097436222254,2025-11-14,1,0.07142857142857142,0.4338837391175581,0.9009688679024191,False,2025-11-07,6,0.42857142857142855,0.43388373911755823,-0.900968867902419,False
776,winndixie,IMG_0001.txt,2025-11-13,know & love Cheese,1,1,65.0,65.0,76.4,0.0,6.9,1024.0,275,199,1,0.9997685019798909,0.021516097436222254,2025-11-14,1,0.07142857142857142,0.4338837391175581,0.9009688679024191,False,2025-11-07,6,0.42857142857142855,0.43388373911755823,-0.900968867902419,False
777,winndixie,IMG_0001.txt,2025-11-13,SEG Eraser Pads,2,1,65.0,65.0,76.4,0.0,6.9,1024.0,275,199,1,0.9997685019798909,0.021516097436222254,2025-11-14,1,0.07142857142857142,0.4338837391175581,0.9009688679024191,False,2025-11-07,6,0.42857142857142855,0.43388373911755823,-0.900968867902419,False
778,winndixie,IMG_0001.txt,2025-11-13,SE Grocers Olives,1,1,65.0,65.0,76.4,0.0,6.9,1024.0,275,199,1,0.9997685019798909,0.021516097436222254,2025-11-14,1,0.07142857142857142,0.4338837391175581,0.9009688679024191,False,2025-11-07,6,0.42857142857142855,0.43388373911755823,-0.900968867902419,False
779,winndixie,IMG_0001.txt,2025-11-13,Dole Can Pineapple,1,1,65.0,65.0,76.4,0.0,6.9,1024.0,275,199,1,0.9997685019798909,0.021516097436222254,2025-11-14,1,0.07142857142857142,0.4338837391175581,0.9009688679024191,False,2025-11-07,6,0.42857142857142855,0.43388373911755823,-0.900968867902419,False
780,winndixie,IMG_0001.txt,2025-11-13,Pearl Millng Syrup,1,1,65.0,65.0,76.4,0.0,6.9,1024.0,275,199,1,0.9997685019798909,0.021516097436222254,2025-11-14,1,0.07142857142857142,0.4338837391175581,0.9009688679024191,False,2025-11-07,6,0.42857142857142855,0.43388373911755823,-0.900968867902419,False
781,winndixie,IMG_0001.txt,2025-11-13,SEG Water Enhancer,1,1,65.0,65.0,76.4,0.0,6.9,1024.0,275,199,1,0.9997685019798909,0.021516097436222254,2025-11-14,1,0.07142857142857142,0.4338837391175581,0.9009688679024191,False,2025-11-07,6,0.42857142857142855,0.43388373911755823,-0.900968867902419,False
782,winndixie,IMG_0001.txt,2025-11-13,MID'S SAUSAGE PIZ2Z,1,1,65.0,65.0,76.4,0.0,6.9,1024.0,275,199,1,0.9997685019798909,0.021516097436222254,2025-11-14,1,0.07142857142857142,0.4338837391175581,0.9009688679024191,False,2025-11-07,6,0.42857142857142855,0.43388373911755823,-0.900968867902419,False
783,winndixie,IMG_0001.txt,2025-11-13,Powerade Drink,1,1,65.0,65.0,76.4,0.0,6.9,1024.0,275,199,1,0.9997685019798909,0.021516097436222254,2025-11-14,1,0.07142857142857142,0.4338837391175581,0.9009688679024191,False,2025-11-07,6,0.42857142857142855,0.43388373911755823,-0.900968867902419,False
784,winndixie,IMG_0001.txt,2025-11-13,Powerade Drink,1,1,65.0,65.0,76.4,0.0,6.9,1024.0,275,199,1,0.9997685019798909,0.021516097436222254,2025-11-14,1,0.07142857142857142,0.4338837391175581,0.9009688679024191,False,2025-11-07,6,0.42857142857142855,0.43388373911755823,-0.900968867902419,False
785,winndixie,IMG_0001.txt,2025-11-13,Sparkling Ice Wtr,1,1,65.0,65.0,76.4,0.0,6.9,1024.0,275,199,1,0.9997685019798909,0.021516097436222254,2025-11-14,1,0.07142857142857142,0.4338837391175581,0.9009688679024191,False,2025-11-07,6,0.42857142857142855,0.43388373911755823,-0.900968867902419,False
786,winndixie,IMG_0001.txt,2025-11-13,Sparkling Ice Wtr,1,1,65.0,65.0,76.4,0.0,6.9,1024.0,275,199,1,0.9997685019798909,0.021516097436222254,2025-11-14,1,0.07142857142857142,0.4338837391175581,0.9009688679024191,False,2025-11-07,6,0.42857142857142855,0.43388373911755823,-0.900968867902419,False
787,winndixie,IMG_0001.txt,2025-11-13,Sparkling Ice Wtr,1,1,65.0,65.0,76.4,0.0,6.9,1024.0,275,199,1,0.9997685019798909,0.021516097436222254,2025-11-14,1,0.07142857142857142,0.4338837391175581,0.9009688679024191,False,2025-11-07,6,0.42857142857142855,0.43388373911755823,-0.900968867902419,False
788,winndixie,IMG_0001.txt,2025-11-13,A&H Scent Boosters,1,1,65.0,65.0,76.4,0.0,6.9,1024.0,275,199,1,0.9997685019798909,0.021516097436222254,2025-11-14,1,0.07142857142857142,0.4338837391175581,0.9009688679024191,False,2025-11-07,6,0.42857142857142855,0.43388373911755823,-0.900968867902419,False
789,winndixie,IMG_0001.txt,2025-11-13,Sparkling Ice Wtr,1,1,65.0,65.0,76.4,0.0,6.9,1024.0,275,199,1,0.9997685019798909,0.021516097436222254,2025-11-14,1,0.07142857142857142,0.4338837391175581,0.9009688679024191,False,2025-11-07,6,0.42857142857142855,0.43388373911755823,-0.900968867902419,False
790,winndixie,IMG_0001.txt,2025-11-13,SCENT BOOSTERS,1,1,65.0,65.0,76.4,0.0,6.9,1024.0,275,199,1,0.9997685019798909,0.021516097436222254,2025-11-14,1,0.07142857142857142,0.4338837391175581,0.9009688679024191,False,2025-11-07,6,0.42857142857142855,0.43388373911755823,-0.900968867902419,False
791,winndixie,IMG_0001.txt,2025-11-13,SI Starburst Straw,1,1,65.0,65.0,76.4,0.0,6.9,1024.0,275,199,1,0.9997685019798909,0.021516097436222254,2025-11-14,1,0.07142857142857142,0.4338837391175581,0.9009688679024191,False,2025-11-07,6,0.42857142857142855,0.43388373911755823,-0.900968867902419,False
792,winndixie,IMG_9999.txt,2025-11-15,kél Milk,1,1,65.9,65.9,80.6,0.0,11.4,1017.6,273,197,1,0.9999166586547379,-0.012910296075009042,2025-11-14,1,0.07142857142857142,0.4338837391175581,0.9009688679024191,False,2025-11-21,6,0.42857142857142855,0.43388373911755823,-0.900968867902419,False
793,winndixie,IMG_9999.txt,2025-11-15,Gatorade Beverage,1,1,65.9,65.9,80.6,0.0,11.4,1017.6,273,197,1,0.9999166586547379,-0.012910296075009042,2025-11-14,1,0.07142857142857142,0.4338837391175581,0.9009688679024191,False,2025-11-21,6,0.42857142857142855,0.43388373911755823,-0.900968867902419,False
794,winndixie,IMG_9999.txt,2025-11-15,Gatorade Beverage,1,1,65.9,65.9,80.6,0.0,11.4,1017.6,273,197,1,0.9999166586547379,-0.012910296075009042,2025-11-14,1,0.07142857142857142,0.4338837391175581,0.9009688679024191,False,2025-11-21,6,0.42857142857142855,0.43388373911755823,-0.900968867902419,False
795,winndixie,IMG_9999.txt,2025-11-15,Nutella Biscuits,1,1,65.9,65.9,80.6,0.0,11.4,1017.6,273,197,1,0.9999166586547379,-0.012910296075009042,2025-11-14,1,0.07142857142857142,0.4338837391175581,0.9009688679024191,False,2025-11-21,6,0.42857142857142855,0.43388373911755823,-0.900968867902419,False
796,winndixie,IMG_9999.txt,2025-11-15,Fabuloso Cleaner,1,1,65.9,65.9,80.6,0.0,11.4,1017.6,273,197,1,0.9999166586547379,-0.012910296075009042,2025-11-14,1,0.07142857142857142,0.4338837391175581,0.9009688679024191,False,2025-11-21,6,0.42857142857142855,0.43388373911755823,-0.900968867902419,False
797,winndixie,IMG_9999.txt,2025-11-15,Kraft Mac & Cheese,2,1,65.9,65.9,80.6,0.0,11.4,1017.6,273,197,1,0.9999166586547379,-0.012910296075009042,2025-11-14,1,0.07142857142857142,0.4338837391175581,0.9009688679024191,False,2025-11-21,6,0.42857142857142855,0.43388373911755823,-0.900968867902419,False
798,winndixie,IMG_9999.txt,2025-11-15,Kool Aid Drinks,1,1,65.9,65.9,80.6,0.0,11.4,1017.6,273,197,1,0.9999166586547379,-0.012910296075009042,2025-11-14,1,0.07142857142857142,0.4338837391175581,0.9009688679024191,False,2025-11-21,6,0.42857142857142855,0.43388373911755823,-0.900968867902419,False
799,winndixie,IMG_9999.txt,2025-11-15,SEG Whipped Toppng,1,1,65.9,65.9,80.6,0.0,11.4,1017.6,273,197,1,0.9999166586547379,-0.012910296075009042,2025-11-14,1,0.07142857142857142,0.4338837391175581,0.9009688679024191,False,2025-11-21,6,0.42857142857142855,0.43388373911755823,-0.900968867902419,False
800,winndixie,IMG_9999.txt,2025-11-15,k&l Corn,1,1,65.9,65.9,80.6,0.0,11.4,1017.6,273,197,1,0.9999166586547379,-0.012910296075009042,2025-11-14,1,0.07142857142857142,0.4338837391175581,0.9009688679024191,False,2025-11-21,6,0.42857142857142855,0.43388373911755823,-0.900968867902419,False
801,winndixie,IMG_9999.txt,2025-11-15,Blue Runner Beans,1,1,65.9,65.9,80.6,0.0,11.4,1017.6,273,197,1,0.9999166586547379,-0.012910296075009042,2025-11-14,1,0.07142857142857142,0.4338837391175581,0.9009688679024191,False,2025-11-21,6,0.42857142857142855,0.43388373911755823,-0.900968867902419,False
802,winndixie,IMG_9999.txt,2025-11-15,Sliced Strwberries,1,1,65.9,65.9,80.6,0.0,11.4,1017.6,273,197,1,0.9999166586547379,-0.012910296075009042,2025-11-14,1,0.07142857142857142,0.4338837391175581,0.9009688679024191,False,2025-11-21,6,0.42857142857142855,0.43388373911755823,-0.900968867902419,False
803,winndixie,IMG_9999.txt,2025-11-15,LSS Toothpaste,1,1,65.9,65.9,80.6,0.0,11.4,1017.6,273,197,1,0.9999166586547379,-0.012910296075009042,2025-11-14,1,0.07142857142857142,0.4338837391175581,0.9009688679024191,False,2025-11-21,6,0.42857142857142855,0.43388373911755823,-0.900968867902419,False
804,winndixie,IMG_9999.txt,2025-11-15,Home Select Foil,1,1,65.9,65.9,80.6,0.0,11.4,1017.6,273,197,1,0.9999166586547379,-0.012910296075009042,2025-11-14,1,0.07142857142857142,0.4338837391175581,0.9009688679024191,False,2025-11-21,6,0.42857142857142855,0.43388373911755823,-0.900968867902419,False
805,winndixie,IMG_9998.txt,2025-11-17,SEG Sprklng Water,1,1,67.5,67.5,86.9,0.0,6.9,1016.0,271,195,1,0.9988797155850336,-0.04732138832243185,2025-11-14,3,0.21428571428571427,0.9749279121818236,0.22252093395631445,False,2025-11-21,4,0.2857142857142857,0.9749279121818236,-0.22252093395631434,False
806,winndixie,IMG_9998.txt,2025-11-17,SEG Sprklng Water,1,1,67.5,67.5,86.9,0.0,6.9,1016.0,271,195,1,0.9988797155850336,-0.04732138832243185,2025-11-14,3,0.21428571428571427,0.9749279121818236,0.22252093395631445,False,2025-11-21,4,0.2857142857142857,0.9749279121818236,-0.22252093395631434,False
807,winndixie,IMG_9998.txt,2025-11-17,Golden Flake Skins,1,1,67.5,67.5,86.9,0.0,6.9,1016.0,271,195,1,0.9988797155850336,-0.04732138832243185,2025-11-14,3,0.21428571428571427,0.9749279121818236,0.22252093395631445,False,2025-11-21,4,0.2857142857142857,0.9749279121818236,-0.22252093395631434,False
808,winndixie,IMG_9998.txt,2025-11-17,Topcare Liquid R1f,2,1,67.5,67.5,86.9,0.0,6.9,1016.0,271,195,1,0.9988797155850336,-0.04732138832243185,2025-11-14,3,0.21428571428571427,0.9749279121818236,0.22252093395631445,False,2025-11-21,4,0.2857142857142857,0.9749279121818236,-0.22252093395631434,False
809,winndixie,IMG_9998.txt,2025-11-17,Lotus Cookie Buttr,1,1,67.5,67.5,86.9,0.0,6.9,1016.0,271,195,1,0.9988797155850336,-0.04732138832243185,2025-11-14,3,0.21428571428571427,0.9749279121818236,0.22252093395631445,False,2025-11-21,4,0.2857142857142857,0.9749279121818236,-0.22252093395631434,False
810,winndixie,IMG_9998.txt,2025-11-17,Monster Enrgy Drnk,1,1,67.5,67.5,86.9,0.0,6.9,1016.0,271,195,1,0.9988797155850336,-0.04732138832243185,2025-11-14,3,0.21428571428571427,0.9749279121818236,0.22252093395631445,False,2025-11-21,4,0.2857142857142857,0.9749279121818236,-0.22252093395631434,False
811,winndixie,IMG_9998.txt,2025-11-17,Pictsweet Vegetble,1,1,67.5,67.5,86.9,0.0,6.9,1016.0,271,195,1,0.9988797155850336,-0.04732138832243185,2025-11-14,3,0.21428571428571427,0.9749279121818236,0.22252093395631445,False,2025-11-21,4,0.2857142857142857,0.9749279121818236,-0.22252093395631434,False
812,winndixie,IMG_9998.txt,2025-11-17,Kevins Thai Style,1,1,67.5,67.5,86.9,0.0,6.9,1016.0,271,195,1,0.9988797155850336,-0.04732138832243185,2025-11-14,3,0.21428571428571427,0.9749279121818236,0.22252093395631445,False,2025-11-21,4,0.2857142857142857,0.9749279121818236,-0.22252093395631434,False
813,winndixie,IMG_9998.txt,2025-11-17,Lunchables Snack,1,1,67.5,67.5,86.9,0.0,6.9,1016.0,271,195,1,0.9988797155850336,-0.04732138832243185,2025-11-14,3,0.21428571428571427,0.9749279121818236,0.22252093395631445,False,2025-11-21,4,0.2857142857142857,0.9749279121818236,-0.22252093395631434,False
814,winndixie,IMG_9998.txt,2025-11-17,Armour Lunchmakers,1,1,67.5,67.5,86.9,0.0,6.9,1016.0,271,195,1,0.9988797155850336,-0.04732138832243185,2025-11-14,3,0.21428571428571427,0.9749279121818236,0.22252093395631445,False,2025-11-21,4,0.2857142857142857,0.9749279121818236,-0.22252093395631434,False
815,winndixie,IMG_9998.txt,2025-11-17,Pork Chops,1,1,67.5,67.5,86.9,0.0,6.9,1016.0,271,195,1,0.9988797155850336,-0.04732138832243185,2025-11-14,3,0.21428571428571427,0.9749279121818236,0.22252093395631445,False,2025-11-21,4,0.2857142857142857,0.9749279121818236,-0.22252093395631434,False
816,winndixie,IMG_9998.txt,2025-11-17,Pork Chops,1,1,67.5,67.5,86.9,0.0,6.9,1016.0,271,195,1,0.9988797155850336,-0.04732138832243185,2025-11-14,3,0.21428571428571427,0.9749279121818236,0.22252093395631445,False,2025-11-21,4,0.2857142857142857,0.9749279121818236,-0.22252093395631434,False
817,winndixie,IMG_9998.txt,2025-11-17,Kinder Bueno,2,1,67.5,67.5,86.9,0.0,6.9,1016.0,271,195,1,0.9988797155850336,-0.04732138832243185,2025-11-14,3,0.21428571428571427,0.9749279121818236,0.22252093395631445,False,2025-11-21,4,0.2857142857142857,0.9749279121818236,-0.22252093395631434,False
818,winndixie,IMG_9997.txt,2025-11-20,SEG Sandwich Bread,1,1,71.8,72.0,82.5,0.0,12.7,1019.2,268,192,1,0.9951053111006976,-0.09882013873287143,2025-11-14,6,0.42857142857142855,0.43388373911755823,-0.900968867902419,False,2025-11-21,1,0.07142857142857142,0.4338837391175581,0.9009688679024191,False
819,winndixie,IMG_9997.txt,2025-11-20,k&l Milk,1,1,71.8,72.0,82.5,0.0,12.7,1019.2,268,192,1,0.9951053111006976,-0.09882013873287143,2025-11-14,6,0.42857142857142855,0.43388373911755823,-0.900968867902419,False,2025-11-21,1,0.07142857142857142,0.4338837391175581,0.9009688679024191,False
820,winndixie,IMG_9997.txt,2025-11-20,CocaCola Soda,6,1,71.8,72.0,82.5,0.0,12.7,1019.2,268,192,1,0.9951053111006976,-0.09882013873287143,2025-11-14,6,0.42857142857142855,0.43388373911755823,-0.900968867902419,False,2025-11-21,1,0.07142857142857142,0.4338837391175581,0.9009688679024191,False
821,winndixie,IMG_9997.txt,2025-11-20,CocaCola Soda,1,1,71.8,72.0,82.5,0.0,12.7,1019.2,268,192,1,0.9951053111006976,-0.09882013873287143,2025-11-14,6,0.42857142857142855,0.43388373911755823,-0.900968867902419,False,2025-11-21,1,0.07142857142857142,0.4338837391175581,0.9009688679024191,False
822,winndixie,IMG_9997.txt,2025-11-20,DR PEPPER 12PK,1,1,71.8,72.0,82.5,0.0,12.7,1019.2,268,192,1,0.9951053111006976,-0.09882013873287143,2025-11-14,6,0.42857142857142855,0.43388373911755823,-0.900968867902419,False,2025-11-21,1,0.07142857142857142,0.4338837391175581,0.9009688679024191,False
823,winndixie,IMG_9997.txt,2025-11-20,Chobani Yogurt,1,1,71.8,72.0,82.5,0.0,12.7,1019.2,268,192,1,0.9951053111006976,-0.09882013873287143,2025-11-14,6,0.42857142857142855,0.43388373911755823,-0.900968867902419,False,2025-11-21,1,0.07142857142857142,0.4338837391175581,0.9009688679024191,False
824,winndixie,IMG_9997.txt,2025-11-20,SE Grocers Oats,1,1,71.8,72.0,82.5,0.0,12.7,1019.2,268,192,1,0.9951053111006976,-0.09882013873287143,2025-11-14,6,0.42857142857142855,0.43388373911755823,-0.900968867902419,False,2025-11-21,1,0.07142857142857142,0.4338837391175581,0.9009688679024191,False
825,winndixie,IMG_9997.txt,2025-11-20,k&l Milk,1,1,71.8,72.0,82.5,0.0,12.7,1019.2,268,192,1,0.9951053111006976,-0.09882013873287143,2025-11-14,6,0.42857142857142855,0.43388373911755823,-0.900968867902419,False,2025-11-21,1,0.07142857142857142,0.4338837391175581,0.9009688679024191,False
826,winndixie,IMG_9996.txt,2025-11-26,kél Milk,1,1,64.4,64.4,62.9,0.0,16.1,1022.6,262,186,1,0.9796136916454901,-0.20089055513063525,2025-11-28,2,0.14285714285714285,0.7818314824680298,0.6234898018587336,False,2025-11-21,5,0.35714285714285715,0.7818314824680299,-0.6234898018587335,False
827,winndixie,IMG_9996.txt,2025-11-26,Kleinpeter Milk,1,1,64.4,64.4,62.9,0.0,16.1,1022.6,262,186,1,0.9796136916454901,-0.20089055513063525,2025-11-28,2,0.14285714285714285,0.7818314824680298,0.6234898018587336,False,2025-11-21,5,0.35714285714285715,0.7818314824680299,-0.6234898018587335,False
828,winndixie,IMG_9996.txt,2025-11-26,Smucker's Spread,2,1,64.4,64.4,62.9,0.0,16.1,1022.6,262,186,1,0.9796136916454901,-0.20089055513063525,2025-11-28,2,0.14285714285714285,0.7818314824680298,0.6234898018587336,False,2025-11-21,5,0.35714285714285715,0.7818314824680299,-0.6234898018587335,False
829,winndixie,IMG_9996.txt,2025-11-26,Jiffy Foil Pan,1,1,64.4,64.4,62.9,0.0,16.1,1022.6,262,186,1,0.9796136916454901,-0.20089055513063525,2025-11-28,2,0.14285714285714285,0.7818314824680298,0.6234898018587336,False,2025-11-21,5,0.35714285714285715,0.7818314824680299,-0.6234898018587335,False
830,winndixie,IMG_9996.txt,2025-11-26,Edwards Pies,1,1,64.4,64.4,62.9,0.0,16.1,1022.6,262,186,1,0.9796136916454901,-0.20089055513063525,2025-11-28,2,0.14285714285714285,0.7818314824680298,0.6234898018587336,False,2025-11-21,5,0.35714285714285715,0.7818314824680299,-0.6234898018587335,False
831,winndixie,IMG_9996.txt,2025-11-26,Edwards Pies,1,1,64.4,64.4,62.9,0.0,16.1,1022.6,262,186,1,0.9796136916454901,-0.20089055513063525,2025-11-28,2,0.14285714285714285,0.7818314824680298,0.6234898018587336,False,2025-11-21,5,0.35714285714285715,0.7818314824680299,-0.6234898018587335,False
832,winndixie,IMG_9996.txt,2025-11-26,Danimals Smoothie,1,1,64.4,64.4,62.9,0.0,16.1,1022.6,262,186,1,0.9796136916454901,-0.20089055513063525,2025-11-28,2,0.14285714285714285,0.7818314824680298,0.6234898018587336,False,2025-11-21,5,0.35714285714285715,0.7818314824680299,-0.6234898018587335,False
833,winndixie,IMG_9996.txt,2025-11-26,Jonny Cat Liners,1,1,64.4,64.4,62.9,0.0,16.1,1022.6,262,186,1,0.9796136916454901,-0.20089055513063525,2025-11-28,2,0.14285714285714285,0.7818314824680298,0.6234898018587336,False,2025-11-21,5,0.35714285714285715,0.7818314824680299,-0.6234898018587335,False
834,winndixie,IMG_9996.txt,2025-11-26,Pam Cooking Spray,2,1,64.4,64.4,62.9,0.0,16.1,1022.6,262,186,1,0.9796136916454901,-0.20089055513063525,2025-11-28,2,0.14285714285714285,0.7818314824680298,0.6234898018587336,False,2025-11-21,5,0.35714285714285715,0.7818314824680299,-0.6234898018587335,False
835,winndixie,IMG_9996.txt,2025-11-26,kgl Peanuts,1,1,64.4,64.4,62.9,0.0,16.1,1022.6,262,186,1,0.9796136916454901,-0.20089055513063525,2025-11-28,2,0.14285714285714285,0.7818314824680298,0.6234898018587336,False,2025-11-21,5,0.35714285714285715,0.7818314824680299,-0.6234898018587335,False
836,winndixie,IMG_9996.txt,2025-11-26,Kraft Cheese,2,1,64.4,64.4,62.9,0.0,16.1,1022.6,262,186,1,0.9796136916454901,-0.20089055513063525,2025-11-28,2,0.14285714285714285,0.7818314824680298,0.6234898018587336,False,2025-11-21,5,0.35714285714285715,0.7818314824680299,-0.6234898018587335,False
837,winndixie,IMG_9996.txt,2025-11-26,Armour Crunchers,1,1,64.4,64.4,62.9,0.0,16.1,1022.6,262,186,1,0.9796136916454901,-0.20089055513063525,2025-11-28,2,0.14285714285714285,0.7818314824680298,0.6234898018587336,False,2025-11-21,5,0.35714285714285715,0.7818314824680299,-0.6234898018587335,False
838,winndixie,IMG_9996.txt,2025-11-26,Yellow Corn,4,1,64.4,64.4,62.9,0.0,16.1,1022.6,262,186,1,0.9796136916454901,-0.20089055513063525,2025-11-28,2,0.14285714285714285,0.7818314824680298,0.6234898018587336,False,2025-11-21,5,0.35714285714285715,0.7818314824680299,-0.6234898018587335,False
839,winndixie,IMG_9996.txt,2025-11-26,SEG Sandwich Bread,1,1,64.4,64.4,62.9,0.0,16.1,1022.6,262,186,1,0.9796136916454901,-0.20089055513063525,2025-11-28,2,0.14285714285714285,0.7818314824680298,0.6234898018587336,False,2025-11-21,5,0.35714285714285715,0.7818314824680299,-0.6234898018587335,False
840,winndixie,IMG_9996.txt,2025-11-26,SEG Soup Stock,1,1,64.4,64.4,62.9,0.0,16.1,1022.6,262,186,1,0.9796136916454901,-0.20089055513063525,2025-11-28,2,0.14285714285714285,0.7818314824680298,0.6234898018587336,False,2025-11-21,5,0.35714285714285715,0.7818314824680299,-0.6234898018587335,False
841,winndixie,IMG_9996.txt,2025-11-26,kgl Corn,1,1,64.4,64.4,62.9,0.0,16.1,1022.6,262,186,1,0.9796136916454901,-0.20089055513063525,2025-11-28,2,0.14285714285714285,0.7818314824680298,0.6234898018587336,False,2025-11-21,5,0.35714285714285715,0.7818314824680299,-0.6234898018587335,False
842,winndixie,IMG_9996.txt,2025-11-26,HS Regular Bacon,1,1,64.4,64.4,62.9,0.0,16.1,1022.6,262,186,1,0.9796136916454901,-0.20089055513063525,2025-11-28,2,0.14285714285714285,0.7818314824680298,0.6234898018587336,False,2025-11-21,5,0.35714285714285715,0.7818314824680299,-0.6234898018587335,False
843,winndixie,IMG_9996.txt,2025-11-26,SEG Sour Cream,1,1,64.4,64.4,62.9,0.0,16.1,1022.6,262,186,1,0.9796136916454901,-0.20089055513063525,2025-11-28,2,0.14285714285714285,0.7818314824680298,0.6234898018587336,False,2025-11-21,5,0.35714285714285715,0.7818314824680299,-0.6234898018587335,False
844,winndixie,IMG_9996.txt,2025-11-26,SEG STHR HMST STIK,1,1,64.4,64.4,62.9,0.0,16.1,1022.6,262,186,1,0.9796136916454901,-0.20089055513063525,2025-11-28,2,0.14285714285714285,0.7818314824680298,0.6234898018587336,False,2025-11-21,5,0.35714285714285715,0.7818314824680299,-0.6234898018587335,False
845,winndixie,IMG_9996.txt,2025-11-26,SE Grocers Pasta,1,1,64.4,64.4,62.9,0.0,16.1,1022.6,262,186,1,0.9796136916454901,-0.20089055513063525,2025-11-28,2,0.14285714285714285,0.7818314824680298,0.6234898018587336,False,2025-11-21,5,0.35714285714285715,0.7818314824680299,-0.6234898018587335,False
846,winndixie,IMG_9996.txt,2025-11-26,Sparkling Ice Wtr,1,1,64.4,64.4,62.9,0.0,16.1,1022.6,262,186,1,0.9796136916454901,-0.20089055513063525,2025-11-28,2,0.14285714285714285,0.7818314824680298,0.6234898018587336,False,2025-11-21,5,0.35714285714285715,0.7818314824680299,-0.6234898018587335,False
847,winndixie,IMG_9996.txt,2025-11-26,Sparkling Ice Wtr,2,1,64.4,64.4,62.9,0.0,16.1,1022.6,262,186,1,0.9796136916454901,-0.20089055513063525,2025-11-28,2,0.14285714285714285,0.7818314824680298,0.6234898018587336,False,2025-11-21,5,0.35714285714285715,0.7818314824680299,-0.6234898018587335,False
848,winndixie,IMG_9996.txt,2025-11-26,Sparkling Ice Wtr,1,1,64.4,64.4,62.9,0.0,16.1,1022.6,262,186,1,0.9796136916454901,-0.20089055513063525,2025-11-28,2,0.14285714285714285,0.7818314824680298,0.6234898018587336,False,2025-11-21,5,0.35714285714285715,0.7818314824680299,-0.6234898018587335,False
849,winndixie,IMG_9996.txt,2025-11-26,Monster Energy,1,1,64.4,64.4,62.9,0.0,16.1,1022.6,262,186,1,0.9796136916454901,-0.20089055513063525,2025-11-28,2,0.14285714285714285,0.7818314824680298,0.6234898018587336,False,2025-11-21,5,0.35714285714285715,0.7818314824680299,-0.6234898018587335,False
850,winndixie,IMG_9996.txt,2025-11-26,wr Jumbo Yellow Onion,1,1,64.4,64.4,62.9,0.0,16.1,1022.6,262,186,1,0.9796136916454901,-0.20089055513063525,2025-11-28,2,0.14285714285714285,0.7818314824680298,0.6234898018587336,False,2025-11-21,5,0.35714285714285715,0.7818314824680299,-0.6234898018587335,False
851,winndixie,IMG_9996.txt,2025-11-26,Celery,2,1,64.4,64.4,62.9,0.0,16.1,1022.6,262,186,1,0.9796136916454901,-0.20089055513063525,2025-11-28,2,0.14285714285714285,0.7818314824680298,0.6234898018587336,False,2025-11-21,5,0.35714285714285715,0.7818314824680299,-0.6234898018587335,False
852,winndixie,IMG_9996.txt,2025-11-26,Wr Russet Potato,1,1,64.4,64.4,62.9,0.0,16.1,1022.6,262,186,1,0.9796136916454901,-0.20089055513063525,2025-11-28,2,0.14285714285714285,0.7818314824680298,0.6234898018587336,False,2025-11-21,5,0.35714285714285715,0.7818314824680299,-0.6234898018587335,False
853,winndixie,IMG_9996.txt,2025-11-26,Libby's Peas,1,1,64.4,64.4,62.9,0.0,16.1,1022.6,262,186,1,0.9796136916454901,-0.20089055513063525,2025-11-28,2,0.14285714285714285,0.7818314824680298,0.6234898018587336,False,2025-11-21,5,0.35714285714285715,0.7818314824680299,-0.6234898018587335,False
854,winndixie,IMG_9996.txt,2025-11-26,Mini Carnation,2,1,64.4,64.4,62.9,0.0,16.1,1022.6,262,186,1,0.9796136916454901,-0.20089055513063525,2025-11-28,2,0.14285714285714285,0.7818314824680298,0.6234898018587336,False,2025-11-21,5,0.35714285714285715,0.7818314824680299,-0.6234898018587335,False
855,winndixie,IMG_9996.txt,2025-11-26,12COOKIECAKE,1,1,64.4,64.4,62.9,0.0,16.1,1022.6,262,186,1,0.9796136916454901,-0.20089055513063525,2025-11-28,2,0.14285714285714285,0.7818314824680298,0.6234898018587336,False,2025-11-21,5,0.35714285714285715,0.7818314824680299,-0.6234898018587335,False
856,winndixie,11-29-2025.txt,2025-11-29,Coca Cola Cola,2,1,60.7,60.1,61.9,0.0,17.2,1023.2,259,183,1,0.9679377830240643,-0.2511900638848191,2025-11-28,1,0.07142857142857142,0.4338837391175581,0.9009688679024191,False,2025-12-05,6,0.42857142857142855,0.43388373911755823,-0.900968867902419,False
857,winndixie,11-29-2025.txt,2025-11-29,Egglands Best Eggs,1,1,60.7,60.1,61.9,0.0,17.2,1023.2,259,183,1,0.9679377830240643,-0.2511900638848191,2025-11-28,1,0.07142857142857142,0.4338837391175581,0.9009688679024191,False,2025-12-05,6,0.42857142857142855,0.43388373911755823,-0.900968867902419,False
858,winndixie,11-29-2025.txt,2025-11-29,Peter Pan Pnt Bttr,1,1,60.7,60.1,61.9,0.0,17.2,1023.2,259,183,1,0.9679377830240643,-0.2511900638848191,2025-11-28,1,0.07142857142857142,0.4338837391175581,0.9009688679024191,False,2025-12-05,6,0.42857142857142855,0.43388373911755823,-0.900968867902419,False
859,winndixie,11-29-2025.txt,2025-11-29,Crystal Light Mix,2,1,60.7,60.1,61.9,0.0,17.2,1023.2,259,183,1,0.9679377830240643,-0.2511900638848191,2025-11-28,1,0.07142857142857142,0.4338837391175581,0.9009688679024191,False,2025-12-05,6,0.42857142857142855,0.43388373911755823,-0.900968867902419,False
860,winndixie,11-30-2025.txt,2025-11-30,Gatorade Beverage,1,1,61.7,61.7,85.0,0.008,13.9,1021.1,258,182,1,0.9634705485641488,-0.2678143051621742,2025-11-28,2,0.14285714285714285,0.7818314824680298,0.6234898018587336,False,2025-12-05,5,0.35714285714285715,0.7818314824680299,-0.6234898018587335,False
861,winndixie,11-30-2025.txt,2025-11-30,SEG Sandwich Bread,1,1,61.7,61.7,85.0,0.008,13.9,1021.1,258,182,1,0.9634705485641488,-0.2678143051621742,2025-11-28,2,0.14285714285714285,0.7818314824680298,0.6234898018587336,False,2025-12-05,5,0.35714285714285715,0.7818314824680299,-0.6234898018587335,False
862,winndixie,11-30-2025.txt,2025-11-30,SE Grocers Pizza,1,1,61.7,61.7,85.0,0.008,13.9,1021.1,258,182,1,0.9634705485641488,-0.2678143051621742,2025-11-28,2,0.14285714285714285,0.7818314824680298,0.6234898018587336,False,2025-12-05,5,0.35714285714285715,0.7818314824680299,-0.6234898018587335,False
863,winndixie,12-04-2025.txt,2025-12-04,A&H FRSH BOOST,2,1,56.4,56.4,93.7,3.135,20.8,1017.8,254,178,1,0.9427611433904207,-0.3334687789181868,2025-11-28,6,0.42857142857142855,0.43388373911755823,-0.900968867902419,False,2025-12-05,1,0.07142857142857142,0.4338837391175581,0.9009688679024191,False
864,winndixie,12-04-2025.txt,2025-12-04,Mission Tortillas,1,1,56.4,56.4,93.7,3.135,20.8,1017.8,254,178,1,0.9427611433904207,-0.3334687789181868,2025-11-28,6,0.42857142857142855,0.43388373911755823,-0.900968867902419,False,2025-12-05,1,0.07142857142857142,0.4338837391175581,0.9009688679024191,False
865,winndixie,12-04-2025.txt,2025-12-04,BB MINI SWIRL CONE,1,1,56.4,56.4,93.7,3.135,20.8,1017.8,254,178,1,0.9427611433904207,-0.3334687789181868,2025-11-28,6,0.42857142857142855,0.43388373911755823,-0.900968867902419,False,2025-12-05,1,0.07142857142857142,0.4338837391175581,0.9009688679024191,False
866,winndixie,12-04-2025.txt,2025-12-04,Gatorade Beverage,1,1,56.4,56.4,93.7,3.135,20.8,1017.8,254,178,1,0.9427611433904207,-0.3334687789181868,2025-11-28,6,0.42857142857142855,0.43388373911755823,-0.900968867902419,False,2025-12-05,1,0.07142857142857142,0.4338837391175581,0.9009688679024191,False
867,winndixie,12-04-2025.txt,2025-12-04,Ground Beef Rnd,1,1,56.4,56.4,93.7,3.135,20.8,1017.8,254,178,1,0.9427611433904207,-0.3334687789181868,2025-11-28,6,0.42857142857142855,0.43388373911755823,-0.900968867902419,False,2025-12-05,1,0.07142857142857142,0.4338837391175581,0.9009688679024191,False
868,winndixie,12-04-2025.txt,2025-12-04,know & love Cheese,2,1,56.4,56.4,93.7,3.135,20.8,1017.8,254,178,1,0.9427611433904207,-0.3334687789181868,2025-11-28,6,0.42857142857142855,0.43388373911755823,-0.900968867902419,False,2025-12-05,1,0.07142857142857142,0.4338837391175581,0.9009688679024191,False
869,winndixie,12-04-2025.txt,2025-12-04,Zatarain's Mix,1,1,56.4,56.4,93.7,3.135,20.8,1017.8,254,178,1,0.9427611433904207,-0.3334687789181868,2025-11-28,6,0.42857142857142855,0.43388373911755823,-0.900968867902419,False,2025-12-05,1,0.07142857142857142,0.4338837391175581,0.9009688679024191,False
870,winndixie,12-04-2025.txt,2025-12-04,Crystal Light Mix,1,1,56.4,56.4,93.7,3.135,20.8,1017.8,254,178,1,0.9427611433904207,-0.3334687789181868,2025-11-28,6,0.42857142857142855,0.43388373911755823,-0.900968867902419,False,2025-12-05,1,0.07142857142857142,0.4338837391175581,0.9009688679024191,False
871,winndixie,12-04-2025.txt,2025-12-04,D&W Turkey,1,1,56.4,56.4,93.7,3.135,20.8,1017.8,254,178,1,0.9427611433904207,-0.3334687789181868,2025-11-28,6,0.42857142857142855,0.43388373911755823,-0.900968867902419,False,2025-12-05,1,0.07142857142857142,0.4338837391175581,0.9009688679024191,False
872,winndixie,12-04-2025.txt,2025-12-04,Chisesi Ham,1,1,56.4,56.4,93.7,3.135,20.8,1017.8,254,178,1,0.9427611433904207,-0.3334687789181868,2025-11-28,6,0.42857142857142855,0.43388373911755823,-0.900968867902419,False,2025-12-05,1,0.07142857142857142,0.4338837391175581,0.9009688679024191,False
873,winndixie,12-04-2025.txt,2025-12-04,MC Taco Seasoning,1,1,56.4,56.4,93.7,3.135,20.8,1017.8,254,178,1,0.9427611433904207,-0.3334687789181868,2025-11-28,6,0.42857142857142855,0.43388373911755823,-0.900968867902419,False,2025-12-05,1,0.07142857142857142,0.4338837391175581,0.9009688679024191,False
874,winndixie,12-04-2025.txt,2025-12-04,Kraft Mac & Cheese,1,1,56.4,56.4,93.7,3.135,20.8,1017.8,254,178,1,0.9427611433904207,-0.3334687789181868,2025-11-28,6,0.42857142857142855,0.43388373911755823,-0.900968867902419,False,2025-12-05,1,0.07142857142857142,0.4338837391175581,0.9009688679024191,False
875,winndixie,12-04-2025.txt,2025-12-04,Manda Sausage,1,1,56.4,56.4,93.7,3.135,20.8,1017.8,254,178,1,0.9427611433904207,-0.3334687789181868,2025-11-28,6,0.42857142857142855,0.43388373911755823,-0.900968867902419,False,2025-12-05,1,0.07142857142857142,0.4338837391175581,0.9009688679024191,False
876,winndixie,12-04-2025.txt,2025-12-04,Armour Lunchmakers,1,1,56.4,56.4,93.7,3.135,20.8,1017.8,254,178,1,0.9427611433904207,-0.3334687789181868,2025-11-28,6,0.42857142857142855,0.43388373911755823,-0.900968867902419,False,2025-12-05,1,0.07142857142857142,0.4338837391175581,0.9009688679024191,False
877,winndixie,12-04-2025.txt,2025-12-04,Armour Crunchers,1,1,56.4,56.4,93.7,3.135,20.8,1017.8,254,178,1,0.9427611433904207,-0.3334687789181868,2025-11-28,6,0.42857142857142855,0.43388373911755823,-0.900968867902419,False,2025-12-05,1,0.07142857142857142,0.4338837391175581,0.9009688679024191,False
878,winndixie,12-04-2025.txt,2025-12-04,Coca Cola Cola,2,1,56.4,56.4,93.7,3.135,20.8,1017.8,254,178,1,0.9427611433904207,-0.3334687789181868,2025-11-28,6,0.42857142857142855,0.43388373911755823,-0.900968867902419,False,2025-12-05,1,0.07142857142857142,0.4338837391175581,0.9009688679024191,False
879,winndixie,12-04-2025.txt,2025-12-04,Fanta Soda,1,1,56.4,56.4,93.7,3.135,20.8,1017.8,254,178,1,0.9427611433904207,-0.3334687789181868,2025-11-28,6,0.42857142857142855,0.43388373911755823,-0.900968867902419,False,2025-12-05,1,0.07142857142857142,0.4338837391175581,0.9009688679024191,False
880,winndixie,12-04-2025.txt,2025-12-04,Fanta Soda,1,1,56.4,56.4,93.7,3.135,20.8,1017.8,254,178,1,0.9427611433904207,-0.3334687789181868,2025-11-28,6,0.42857142857142855,0.43388373911755823,-0.900968867902419,False,2025-12-05,1,0.07142857142857142,0.4338837391175581,0.9009688679024191,False
881,winndixie,12-04-2025.txt,2025-12-04,Maruchan Ramen Sup,1,1,56.4,56.4,93.7,3.135,20.8,1017.8,254,178,1,0.9427611433904207,-0.3334687789181868,2025-11-28,6,0.42857142857142855,0.43388373911755823,-0.900968867902419,False,2025-12-05,1,0.07142857142857142,0.4338837391175581,0.9009688679024191,False
882,winndixie,12-04-2025.txt,2025-12-04,Chef Boyardee Psta,1,1,56.4,56.4,93.7,3.135,20.8,1017.8,254,178,1,0.9427611433904207,-0.3334687789181868,2025-11-28,6,0.42857142857142855,0.43388373911755823,-0.900968867902419,False,2025-12-05,1,0.07142857142857142,0.4338837391175581,0.9009688679024191,False
883,winndixie,12-04-2025.txt,2025-12-04,SEG STHRN HMSTYLE,1,1,56.4,56.4,93.7,3.135,20.8,1017.8,254,178,1,0.9427611433904207,-0.3334687789181868,2025-11-28,6,0.42857142857142855,0.43388373911755823,-0.900968867902419,False,2025-12-05,1,0.07142857142857142,0.4338837391175581,0.9009688679024191,False
884,winndixie,12-04-2025.txt,2025-12-04,SE Grocers Olives,1,1,56.4,56.4,93.7,3.135,20.8,1017.8,254,178,1,0.9427611433904207,-0.3334687789181868,2025-11-28,6,0.42857142857142855,0.43388373911755823,-0.900968867902419,False,2025-12-05,1,0.07142857142857142,0.4338837391175581,0.9009688679024191,False
885,winndixie,12-04-2025.txt,2025-12-04,SEG Sour Cream,1,1,56.4,56.4,93.7,3.135,20.8,1017.8,254,178,1,0.9427611433904207,-0.3334687789181868,2025-11-28,6,0.42857142857142855,0.43388373911755823,-0.900968867902419,False,2025-12-05,1,0.07142857142857142,0.4338837391175581,0.9009688679024191,False
886,winndixie,12-04-2025.txt,2025-12-04,kgl Corn,1,1,56.4,56.4,93.7,3.135,20.8,1017.8,254,178,1,0.9427611433904207,-0.3334687789181868,2025-11-28,6,0.42857142857142855,0.43388373911755823,-0.900968867902419,False,2025-12-05,1,0.07142857142857142,0.4338837391175581,0.9009688679024191,False
887,winndixie,12-04-2025.txt,2025-12-04,Cascade Lemon 9Ct,1,1,56.4,56.4,93.7,3.135,20.8,1017.8,254,178,1,0.9427611433904207,-0.3334687789181868,2025-11-28,6,0.42857142857142855,0.43388373911755823,-0.900968867902419,False,2025-12-05,1,0.07142857142857142,0.4338837391175581,0.9009688679024191,False
888,winndixie,12-04-2025.txt,2025-12-04,SEG Sandwich Bread,1,1,56.4,56.4,93.7,3.135,20.8,1017.8,254,178,1,0.9427611433904207,-0.3334687789181868,2025-11-28,6,0.42857142857142855,0.43388373911755823,-0.900968867902419,False,2025-12-05,1,0.07142857142857142,0.4338837391175581,0.9009688679024191,False
889,winndixie,12-06-2025-2.txt,2025-12-06,KELLOGG RAISIN BRA,1,1,53.0,53.0,91.7,0.063,9.2,1016.4,252,176,1,0.9307239310379793,-0.3657225234972692,2025-12-12,6,0.42857142857142855,0.43388373911755823,-0.900968867902419,False,2025-12-05,1,0.07142857142857142,0.4338837391175581,0.9009688679024191,False
890,winndixie,12-06-2025-2.txt,2025-12-06,kél Milk,1,1,53.0,53.0,91.7,0.063,9.2,1016.4,252,176,1,0.9307239310379793,-0.3657225234972692,2025-12-12,6,0.42857142857142855,0.43388373911755823,-0.900968867902419,False,2025-12-05,1,0.07142857142857142,0.4338837391175581,0.9009688679024191,False
891,winndixie,12-06-2025.txt,2025-12-06,Hugbi Pies,2,1,53.0,53.0,91.7,0.063,9.2,1016.4,252,176,1,0.9307239310379793,-0.3657225234972692,2025-12-12,6,0.42857142857142855,0.43388373911755823,-0.900968867902419,False,2025-12-05,1,0.07142857142857142,0.4338837391175581,0.9009688679024191,False
892,winndixie,12-06-2025.txt,2025-12-06,Bunny Bread,1,1,53.0,53.0,91.7,0.063,9.2,1016.4,252,176,1,0.9307239310379793,-0.3657225234972692,2025-12-12,6,0.42857142857142855,0.43388373911755823,-0.900968867902419,False,2025-12-05,1,0.07142857142857142,0.4338837391175581,0.9009688679024191,False
893,winndixie,12-07-2025.txt,2025-12-07,Ground Beef,1,1,59.3,59.3,88.0,0.051,15.0,1014.8,251,175,1,0.9242907221930933,-0.38168922026665897,2025-12-12,5,0.35714285714285715,0.7818314824680299,-0.6234898018587335,False,2025-12-05,2,0.14285714285714285,0.7818314824680298,0.6234898018587336,False
894,winndixie,12-07-2025.txt,2025-12-07,FBRZ AIR OCEAN,1,1,59.3,59.3,88.0,0.051,15.0,1014.8,251,175,1,0.9242907221930933,-0.38168922026665897,2025-12-12,5,0.35714285714285715,0.7818314824680299,-0.6234898018587335,False,2025-12-05,2,0.14285714285714285,0.7818314824680298,0.6234898018587336,False
895,winndixie,12-07-2025.txt,2025-12-07,SEG BOIL-N-BAG,1,1,59.3,59.3,88.0,0.051,15.0,1014.8,251,175,1,0.9242907221930933,-0.38168922026665897,2025-12-12,5,0.35714285714285715,0.7818314824680299,-0.6234898018587335,False,2025-12-05,2,0.14285714285714285,0.7818314824680298,0.6234898018587336,False
896,winndixie,12-07-2025.txt,2025-12-07,SEG Crm Chs Spread,1,1,59.3,59.3,88.0,0.051,15.0,1014.8,251,175,1,0.9242907221930933,-0.38168922026665897,2025-12-12,5,0.35714285714285715,0.7818314824680299,-0.6234898018587335,False,2025-12-05,2,0.14285714285714285,0.7818314824680298,0.6234898018587336,False
897,winndixie,12-07-2025.txt,2025-12-07,know & love Cheese,1,1,59.3,59.3,88.0,0.051,15.0,1014.8,251,175,1,0.9242907221930933,-0.38168922026665897,2025-12-12,5,0.35714285714285715,0.7818314824680299,-0.6234898018587335,False,2025-12-05,2,0.14285714285714285,0.7818314824680298,0.6234898018587336,False
898,winndixie,12-07-2025.txt,2025-12-07,SEG Pasta,1,1,59.3,59.3,88.0,0.051,15.0,1014.8,251,175,1,0.9242907221930933,-0.38168922026665897,2025-12-12,5,0.35714285714285715,0.7818314824680299,-0.6234898018587335,False,2025-12-05,2,0.14285714285714285,0.7818314824680298,0.6234898018587336,False
899,winndixie,12-07-2025.txt,2025-12-07,know & love Cheese,1,1,59.3,59.3,88.0,0.051,15.0,1014.8,251,175,1,0.9242907221930933,-0.38168922026665897,2025-12-12,5,0.35714285714285715,0.7818314824680299,-0.6234898018587335,False,2025-12-05,2,0.14285714285714285,0.7818314824680298,0.6234898018587336,False
900,winndixie,12-07-2025.txt,2025-12-07,Rosina Meatballs,2,1,59.3,59.3,88.0,0.051,15.0,1014.8,251,175,1,0.9242907221930933,-0.38168922026665897,2025-12-12,5,0.35714285714285715,0.7818314824680299,-0.6234898018587335,False,2025-12-05,2,0.14285714285714285,0.7818314824680298,0.6234898018587336,False
901,winndixie,12-07-2025.txt,2025-12-07,WHT THNS SNDRD TMT,1,1,59.3,59.3,88.0,0.051,15.0,1014.8,251,175,1,0.9242907221930933,-0.38168922026665897,2025-12-12,5,0.35714285714285715,0.7818314824680299,-0.6234898018587335,False,2025-12-05,2,0.14285714285714285,0.7818314824680298,0.6234898018587336,False
902,winndixie,12-07-2025.txt,2025-12-07,SE Grocers Pasta,1,1,59.3,59.3,88.0,0.051,15.0,1014.8,251,175,1,0.9242907221930933,-0.38168922026665897,2025-12-12,5,0.35714285714285715,0.7818314824680299,-0.6234898018587335,False,2025-12-05,2,0.14285714285714285,0.7818314824680298,0.6234898018587336,False
903,winndixie,12-07-2025.txt,2025-12-07,kgl Kidney Beans,1,1,59.3,59.3,88.0,0.051,15.0,1014.8,251,175,1,0.9242907221930933,-0.38168922026665897,2025-12-12,5,0.35714285714285715,0.7818314824680299,-0.6234898018587335,False,2025-12-05,2,0.14285714285714285,0.7818314824680298,0.6234898018587336,False
904,winndixie,12-07-2025.txt,2025-12-07,. Blue Runner Beans,3,1,59.3,59.3,88.0,0.051,15.0,1014.8,251,175,1,0.9242907221930933,-0.38168922026665897,2025-12-12,5,0.35714285714285715,0.7818314824680299,-0.6234898018587335,False,2025-12-05,2,0.14285714285714285,0.7818314824680298,0.6234898018587336,False
905,winndixie,12-07-2025.txt,2025-12-07,k&l Ricotta Cheese,1,1,59.3,59.3,88.0,0.051,15.0,1014.8,251,175,1,0.9242907221930933,-0.38168922026665897,2025-12-12,5,0.35714285714285715,0.7818314824680299,-0.6234898018587335,False,2025-12-05,2,0.14285714285714285,0.7818314824680298,0.6234898018587336,False
906,winndixie,12-07-2025.txt,2025-12-07,SE Grocers Soup,2,1,59.3,59.3,88.0,0.051,15.0,1014.8,251,175,1,0.9242907221930933,-0.38168922026665897,2025-12-12,5,0.35714285714285715,0.7818314824680299,-0.6234898018587335,False,2025-12-05,2,0.14285714285714285,0.7818314824680298,0.6234898018587336,False
907,winndixie,12-07-2025.txt,2025-12-07,k&l Pasta Sauce,2,1,59.3,59.3,88.0,0.051,15.0,1014.8,251,175,1,0.9242907221930933,-0.38168922026665897,2025-12-12,5,0.35714285714285715,0.7818314824680299,-0.6234898018587335,False,2025-12-05,2,0.14285714285714285,0.7818314824680298,0.6234898018587336,False
908,winndixie,12-07-2025.txt,2025-12-07,Gatorade Beverage,1,1,59.3,59.3,88.0,0.051,15.0,1014.8,251,175,1,0.9242907221930933,-0.38168922026665897,2025-12-12,5,0.35714285714285715,0.7818314824680299,-0.6234898018587335,False,2025-12-05,2,0.14285714285714285,0.7818314824680298,0.6234898018587336,False
909,winndixie,12-12-2025.txt,2025-12-12,Cupcakes 6ct,1,1,61.6,61.4,78.7,0.0,9.2,1018.0,246,170,1,0.8880573226294932,-0.45973273945210397,2025-12-12,0,0.0,0.0,1.0,True,2025-12-05,7,0.5,1.2246467991473532e-16,-1.0,False
910,winndixie,12-12-2025.txt,2025-12-12,Smucker's Jelly,1,1,61.6,61.4,78.7,0.0,9.2,1018.0,246,170,1,0.8880573226294932,-0.45973273945210397,2025-12-12,0,0.0,0.0,1.0,True,2025-12-05,7,0.5,1.2246467991473532e-16,-1.0,False
911,winndixie,12-12-2025.txt,2025-12-12,Dewafelbakkr Pncks,1,1,61.6,61.4,78.7,0.0,9.2,1018.0,246,170,1,0.8880573226294932,-0.45973273945210397,2025-12-12,0,0.0,0.0,1.0,True,2025-12-05,7,0.5,1.2246467991473532e-16,-1.0,False
912,winndixie,12-12-2025.txt,2025-12-12,Peter Pan Pnt Bttr,1,1,61.6,61.4,78.7,0.0,9.2,1018.0,246,170,1,0.8880573226294932,-0.45973273945210397,2025-12-12,0,0.0,0.0,1.0,True,2025-12-05,7,0.5,1.2246467991473532e-16,-1.0,False
913,winndixie,12-12-2025.txt,2025-12-12,Bunny Bread,1,1,61.6,61.4,78.7,0.0,9.2,1018.0,246,170,1,0.8880573226294932,-0.45973273945210397,2025-12-12,0,0.0,0.0,1.0,True,2025-12-05,7,0.5,1.2246467991473532e-16,-1.0,False
914,winndixie,12-12-2025.txt,2025-12-12,Gatorade Beverage,1,1,61.6,61.4,78.7,0.0,9.2,1018.0,246,170,1,0.8880573226294932,-0.45973273945210397,2025-12-12,0,0.0,0.0,1.0,True,2025-12-05,7,0.5,1.2246467991473532e-16,-1.0,False
915,winndixie,12-12-2025.txt,2025-12-12,k&l Milk,1,1,61.6,61.4,78.7,0.0,9.2,1018.0,246,170,1,0.8880573226294932,-0.45973273945210397,2025-12-12,0,0.0,0.0,1.0,True,2025-12-05,7,0.5,1.2246467991473532e-16,-1.0,False
916,winndixie,12-12-2025.txt,2025-12-12,Little Hug Drink,1,1,61.6,61.4,78.7,0.0,9.2,1018.0,246,170,1,0.8880573226294932,-0.45973273945210397,2025-12-12,0,0.0,0.0,1.0,True,2025-12-05,7,0.5,1.2246467991473532e-16,-1.0,False
917,winndixie,12-12-2025.txt,2025-12-12,SEG Sprklng Water,2,1,61.6,61.4,78.7,0.0,9.2,1018.0,246,170,1,0.8880573226294932,-0.45973273945210397,2025-12-12,0,0.0,0.0,1.0,True,2025-12-05,7,0.5,1.2246467991473532e-16,-1.0,False
918,winndixie,12-12-2025.txt,2025-12-12,Kleinpeter Milk,1,1,61.6,61.4,78.7,0.0,9.2,1018.0,246,170,1,0.8880573226294932,-0.45973273945210397,2025-12-12,0,0.0,0.0,1.0,True,2025-12-05,7,0.5,1.2246467991473532e-16,-1.0,False
919,winndixie,12-12-2025.txt,2025-12-12,DR PEPPER 12PK,1,1,61.6,61.4,78.7,0.0,9.2,1018.0,246,170,1,0.8880573226294932,-0.45973273945210397,2025-12-12,0,0.0,0.0,1.0,True,2025-12-05,7,0.5,1.2246467991473532e-16,-1.0,False
920,winndixie,12-12-2025.txt,2025-12-12,CocaCola Soda,5,1,61.6,61.4,78.7,0.0,9.2,1018.0,246,170,1,0.8880573226294932,-0.45973273945210397,2025-12-12,0,0.0,0.0,1.0,True,2025-12-05,7,0.5,1.2246467991473532e-16,-1.0,False
921,winndixie,12-21-2025.txt,2025-12-21,DR PEPPER 12PK,1,1,70.2,70.3,90.6,0.012,10.3,1021.7,237,161,1,0.8064799463209448,-0.5912614448635781,2025-12-26,5,0.35714285714285715,0.7818314824680299,-0.6234898018587335,False,2025-12-19,2,0.14285714285714285,0.7818314824680298,0.6234898018587336,False
922,winndixie,12-21-2025.txt,2025-12-21,Fanta Soda,1,1,70.2,70.3,90.6,0.012,10.3,1021.7,237,161,1,0.8064799463209448,-0.5912614448635781,2025-12-26,5,0.35714285714285715,0.7818314824680299,-0.6234898018587335,False,2025-12-19,2,0.14285714285714285,0.7818314824680298,0.6234898018587336,False
923,winndixie,12-21-2025.txt,2025-12-21,Hugbi Pies,1,1,70.2,70.3,90.6,0.012,10.3,1021.7,237,161,1,0.8064799463209448,-0.5912614448635781,2025-12-26,5,0.35714285714285715,0.7818314824680299,-0.6234898018587335,False,2025-12-19,2,0.14285714285714285,0.7818314824680298,0.6234898018587336,False
924,winndixie,12-21-2025.txt,2025-12-21,. Lunchables Snack,3,1,70.2,70.3,90.6,0.012,10.3,1021.7,237,161,1,0.8064799463209448,-0.5912614448635781,2025-12-26,5,0.35714285714285715,0.7818314824680299,-0.6234898018587335,False,2025-12-19,2,0.14285714285714285,0.7818314824680298,0.6234898018587336,False
925,winndixie,12-21-2025.txt,2025-12-21,Smucker's Spread,1,1,70.2,70.3,90.6,0.012,10.3,1021.7,237,161,1,0.8064799463209448,-0.5912614448635781,2025-12-26,5,0.35714285714285715,0.7818314824680299,-0.6234898018587335,False,2025-12-19,2,0.14285714285714285,0.7818314824680298,0.6234898018587336,False
926,winndixie,12-21-2025.txt,2025-12-21,Peter Pan Pnt Bttr,1,1,70.2,70.3,90.6,0.012,10.3,1021.7,237,161,1,0.8064799463209448,-0.5912614448635781,2025-12-26,5,0.35714285714285715,0.7818314824680299,-0.6234898018587335,False,2025-12-19,2,0.14285714285714285,0.7818314824680298,0.6234898018587336,False
927,winndixie,12-21-2025.txt,2025-12-21,Coca Cola Cola,1,1,70.2,70.3,90.6,0.012,10.3,1021.7,237,161,1,0.8064799463209448,-0.5912614448635781,2025-12-26,5,0.35714285714285715,0.7818314824680299,-0.6234898018587335,False,2025-12-19,2,0.14285714285714285,0.7818314824680298,0.6234898018587336,False
928,winndixie,12-21-2025.txt,2025-12-21,OM BASICS TURKEY-A,1,1,70.2,70.3,90.6,0.012,10.3,1021.7,237,161,1,0.8064799463209448,-0.5912614448635781,2025-12-26,5,0.35714285714285715,0.7818314824680299,-0.6234898018587335,False,2025-12-19,2,0.14285714285714285,0.7818314824680298,0.6234898018587336,False
929,winndixie,12-22-2025.txt,2025-12-22,Coffee Mate Creamr,1,1,68.6,68.6,90.7,0.0,11.4,1025.3,236,160,1,0.7961828637826158,-0.6050560696488488,2025-12-26,4,0.2857142857142857,0.9749279121818236,-0.22252093395631434,False,2025-12-19,3,0.21428571428571427,0.9749279121818236,0.22252093395631445,False
930,winndixie,12-22-2025.txt,2025-12-22,Kraft Mac & Cheese,1,1,68.6,68.6,90.7,0.0,11.4,1025.3,236,160,1,0.7961828637826158,-0.6050560696488488,2025-12-26,4,0.2857142857142857,0.9749279121818236,-0.22252093395631434,False,2025-12-19,3,0.21428571428571427,0.9749279121818236,0.22252093395631445,False
931,winndixie,12-22-2025.txt,2025-12-22,LITTLE DEBBIE CAKE,1,1,68.6,68.6,90.7,0.0,11.4,1025.3,236,160,1,0.7961828637826158,-0.6050560696488488,2025-12-26,4,0.2857142857142857,0.9749279121818236,-0.22252093395631434,False,2025-12-19,3,0.21428571428571427,0.9749279121818236,0.22252093395631445,False
932,winndixie,12-22-2025.txt,2025-12-22,SE Grocers Cheese,1,1,68.6,68.6,90.7,0.0,11.4,1025.3,236,160,1,0.7961828637826158,-0.6050560696488488,2025-12-26,4,0.2857142857142857,0.9749279121818236,-0.22252093395631434,False,2025-12-19,3,0.21428571428571427,0.9749279121818236,0.22252093395631445,False
933,winndixie,12-22-2025.txt,2025-12-22,Sparkling Ice Wtr,1,1,68.6,68.6,90.7,0.0,11.4,1025.3,236,160,1,0.7961828637826158,-0.6050560696488488,2025-12-26,4,0.2857142857142857,0.9749279121818236,-0.22252093395631434,False,2025-12-19,3,0.21428571428571427,0.9749279121818236,0.22252093395631445,False
934,winndixie,12-22-2025.txt,2025-12-22,Sparkling Ice Wtr,1,1,68.6,68.6,90.7,0.0,11.4,1025.3,236,160,1,0.7961828637826158,-0.6050560696488488,2025-12-26,4,0.2857142857142857,0.9749279121818236,-0.22252093395631434,False,2025-12-19,3,0.21428571428571427,0.9749279121818236,0.22252093395631445,False
935,winndixie,12-22-2025.txt,2025-12-22,Wildflower Ham,1,1,68.6,68.6,90.7,0.0,11.4,1025.3,236,160,1,0.7961828637826158,-0.6050560696488488,2025-12-26,4,0.2857142857142857,0.9749279121818236,-0.22252093395631434,False,2025-12-19,3,0.21428571428571427,0.9749279121818236,0.22252093395631445,False
936,winndixie,12-22-2025.txt,2025-12-22,Chicken Cutlets,1,1,68.6,68.6,90.7,0.0,11.4,1025.3,236,160,1,0.7961828637826158,-0.6050560696488488,2025-12-26,4,0.2857142857142857,0.9749279121818236,-0.22252093395631434,False,2025-12-19,3,0.21428571428571427,0.9749279121818236,0.22252093395631445,False
937,winndixie,12-22-2025.txt,2025-12-22,Bnls Pork Stew,1,1,68.6,68.6,90.7,0.0,11.4,1025.3,236,160,1,0.7961828637826158,-0.6050560696488488,2025-12-26,4,0.2857142857142857,0.9749279121818236,-0.22252093395631434,False,2025-12-19,3,0.21428571428571427,0.9749279121818236,0.22252093395631445,False
938,winndixie,12-24-2025-2.txt,2025-12-24,BC Sprinkles,1,1,65.6,65.6,90.9,0.0,6.9,1026.4,234,158,1,0.7748840413670407,-0.6321034111873487,2025-12-26,2,0.14285714285714285,0.7818314824680298,0.6234898018587336,False,2025-12-19,5,0.35714285714285715,0.7818314824680299,-0.6234898018587335,False
939,winndixie,12-24-2025-2.txt,2025-12-24,BC Icing,1,1,65.6,65.6,90.9,0.0,6.9,1026.4,234,158,1,0.7748840413670407,-0.6321034111873487,2025-12-26,2,0.14285714285714285,0.7818314824680298,0.6234898018587336,False,2025-12-19,5,0.35714285714285715,0.7818314824680299,-0.6234898018587335,False
940,winndixie,12-24-2025-2.txt,2025-12-24,BC Icing,1,1,65.6,65.6,90.9,0.0,6.9,1026.4,234,158,1,0.7748840413670407,-0.6321034111873487,2025-12-26,2,0.14285714285714285,0.7818314824680298,0.6234898018587336,False,2025-12-19,5,0.35714285714285715,0.7818314824680299,-0.6234898018587335,False
941,winndixie,12-24-2025-2.txt,2025-12-24,BC Cookie Mix,1,1,65.6,65.6,90.9,0.0,6.9,1026.4,234,158,1,0.7748840413670407,-0.6321034111873487,2025-12-26,2,0.14285714285714285,0.7818314824680298,0.6234898018587336,False,2025-12-19,5,0.35714285714285715,0.7818314824680299,-0.6234898018587335,False
942,winndixie,12-24-2025-2.txt,2025-12-24,SEG Hamburger Buns,1,1,65.6,65.6,90.9,0.0,6.9,1026.4,234,158,1,0.7748840413670407,-0.6321034111873487,2025-12-26,2,0.14285714285714285,0.7818314824680298,0.6234898018587336,False,2025-12-19,5,0.35714285714285715,0.7818314824680299,-0.6234898018587335,False
943,winndixie,12-24-2025-2.txt,2025-12-24,Bunny Bread,1,1,65.6,65.6,90.9,0.0,6.9,1026.4,234,158,1,0.7748840413670407,-0.6321034111873487,2025-12-26,2,0.14285714285714285,0.7818314824680298,0.6234898018587336,False,2025-12-19,5,0.35714285714285715,0.7818314824680299,-0.6234898018587335,False
944,winndixie,12-24-2025-2.txt,2025-12-24,k&l Pasta Sauce,1,1,65.6,65.6,90.9,0.0,6.9,1026.4,234,158,1,0.7748840413670407,-0.6321034111873487,2025-12-26,2,0.14285714285714285,0.7818314824680298,0.6234898018587336,False,2025-12-19,5,0.35714285714285715,0.7818314824680299,-0.6234898018587335,False
945,winndixie,12-24-2025-2.txt,2025-12-24,k&l Milk,1,1,65.6,65.6,90.9,0.0,6.9,1026.4,234,158,1,0.7748840413670407,-0.6321034111873487,2025-12-26,2,0.14285714285714285,0.7818314824680298,0.6234898018587336,False,2025-12-19,5,0.35714285714285715,0.7818314824680299,-0.6234898018587335,False
946,winndixie,12-24-2025-2.txt,2025-12-24,Pillsbury Biscuits,1,1,65.6,65.6,90.9,0.0,6.9,1026.4,234,158,1,0.7748840413670407,-0.6321034111873487,2025-12-26,2,0.14285714285714285,0.7818314824680298,0.6234898018587336,False,2025-12-19,5,0.35714285714285715,0.7818314824680299,-0.6234898018587335,False
947,winndixie,12-24-2025-2.txt,2025-12-24,93% Ground Beef,1,1,65.6,65.6,90.9,0.0,6.9,1026.4,234,158,1,0.7748840413670407,-0.6321034111873487,2025-12-26,2,0.14285714285714285,0.7818314824680298,0.6234898018587336,False,2025-12-19,5,0.35714285714285715,0.7818314824680299,-0.6234898018587335,False
948,winndixie,12-24-2025-2.txt,2025-12-24,Pork Shoulder,1,1,65.6,65.6,90.9,0.0,6.9,1026.4,234,158,1,0.7748840413670407,-0.6321034111873487,2025-12-26,2,0.14285714285714285,0.7818314824680298,0.6234898018587336,False,2025-12-19,5,0.35714285714285715,0.7818314824680299,-0.6234898018587335,False
949,winndixie,12-24-2025-2.txt,2025-12-24,Pork Shoulder,1,1,65.6,65.6,90.9,0.0,6.9,1026.4,234,158,1,0.7748840413670407,-0.6321034111873487,2025-12-26,2,0.14285714285714285,0.7818314824680298,0.6234898018587336,False,2025-12-19,5,0.35714285714285715,0.7818314824680299,-0.6234898018587335,False
950,winndixie,12-24-2025.txt,2025-12-24,Whole Carrots,1,1,65.6,65.6,90.9,0.0,6.9,1026.4,234,158,1,0.7748840413670407,-0.6321034111873487,2025-12-26,2,0.14285714285714285,0.7818314824680298,0.6234898018587336,False,2025-12-19,5,0.35714285714285715,0.7818314824680299,-0.6234898018587335,False
951,winndixie,12-24-2025.txt,2025-12-24,SEG 100% Juice,1,1,65.6,65.6,90.9,0.0,6.9,1026.4,234,158,1,0.7748840413670407,-0.6321034111873487,2025-12-26,2,0.14285714285714285,0.7818314824680298,0.6234898018587336,False,2025-12-19,5,0.35714285714285715,0.7818314824680299,-0.6234898018587335,False
952,winndixie,12-24-2025.txt,2025-12-24,Rght Grd Ddrnt,1,1,65.6,65.6,90.9,0.0,6.9,1026.4,234,158,1,0.7748840413670407,-0.6321034111873487,2025-12-26,2,0.14285714285714285,0.7818314824680298,0.6234898018587336,False,2025-12-19,5,0.35714285714285715,0.7818314824680299,-0.6234898018587335,False
953,winndixie,12-24-2025.txt,2025-12-24,VITAL ORG DOZEN,1,1,65.6,65.6,90.9,0.0,6.9,1026.4,234,158,1,0.7748840413670407,-0.6321034111873487,2025-12-26,2,0.14285714285714285,0.7818314824680298,0.6234898018587336,False,2025-12-19,5,0.35714285714285715,0.7818314824680299,-0.6234898018587335,False
954,winndixie,12-24-2025.txt,2025-12-24,Lotus Cookie Buttr,1,1,65.6,65.6,90.9,0.0,6.9,1026.4,234,158,1,0.7748840413670407,-0.6321034111873487,2025-12-26,2,0.14285714285714285,0.7818314824680298,0.6234898018587336,False,2025-12-19,5,0.35714285714285715,0.7818314824680299,-0.6234898018587335,False
955,winndixie,12-17-2025.txt,2025-12-17,Bomb Pop Popsicles,1,1,59.5,59.5,86.4,0.0,17.2,1018.6,241,165,1,0.8452490573530633,-0.5343725582809786,2025-12-12,5,0.35714285714285715,0.7818314824680299,-0.6234898018587335,False,2025-12-19,2,0.14285714285714285,0.7818314824680298,0.6234898018587336,False
956,winndixie,12-17-2025.txt,2025-12-17,EB Eggs,1,1,59.5,59.5,86.4,0.0,17.2,1018.6,241,165,1,0.8452490573530633,-0.5343725582809786,2025-12-12,5,0.35714285714285715,0.7818314824680299,-0.6234898018587335,False,2025-12-19,2,0.14285714285714285,0.7818314824680298,0.6234898018587336,False
957,winndixie,12-17-2025.txt,2025-12-17,Mission Tortillas,1,1,59.5,59.5,86.4,0.0,17.2,1018.6,241,165,1,0.8452490573530633,-0.5343725582809786,2025-12-12,5,0.35714285714285715,0.7818314824680299,-0.6234898018587335,False,2025-12-19,2,0.14285714285714285,0.7818314824680298,0.6234898018587336,False
958,winndixie,12-17-2025.txt,2025-12-17,KELLOGG RAISN BRAN,2,1,59.5,59.5,86.4,0.0,17.2,1018.6,241,165,1,0.8452490573530633,-0.5343725582809786,2025-12-12,5,0.35714285714285715,0.7818314824680299,-0.6234898018587335,False,2025-12-19,2,0.14285714285714285,0.7818314824680298,0.6234898018587336,False
959,winndixie,12-20-2025.txt,2025-12-20,Hugbi Pies,2,1,59.7,59.6,76.0,0.0,15.0,1019.6,238,162,1,0.8165380514459161,-0.5772916165517272,2025-12-26,6,0.42857142857142855,0.43388373911755823,-0.900968867902419,False,2025-12-19,1,0.07142857142857142,0.4338837391175581,0.9009688679024191,False
960,winndixie,12-20-2025.txt,2025-12-20,Pearl Millng Syrup,1,1,59.7,59.6,76.0,0.0,15.0,1019.6,238,162,1,0.8165380514459161,-0.5772916165517272,2025-12-26,6,0.42857142857142855,0.43388373911755823,-0.900968867902419,False,2025-12-19,1,0.07142857142857142,0.4338837391175581,0.9009688679024191,False
961,winndixie,12-20-2025.txt,2025-12-20,k&l Milk,1,1,59.7,59.6,76.0,0.0,15.0,1019.6,238,162,1,0.8165380514459161,-0.5772916165517272,2025-12-26,6,0.42857142857142855,0.43388373911755823,-0.900968867902419,False,2025-12-19,1,0.07142857142857142,0.4338837391175581,0.9009688679024191,False
962,winndixie,12-20-2025.txt,2025-12-20,Bunny Bread,1,1,59.7,59.6,76.0,0.0,15.0,1019.6,238,162,1,0.8165380514459161,-0.5772916165517272,2025-12-26,6,0.42857142857142855,0.43388373911755823,-0.900968867902419,False,2025-12-19,1,0.07142857142857142,0.4338837391175581,0.9009688679024191,False
