{
  "loss": [
    0.42734572291374207,
    0.41355767846107483,
    0.41077324748039246,
    0.4109373390674591,
    0.4106047451496124,
    0.41030216217041016,
    0.41039204597473145,
    0.4103153347969055,
    0.4100598990917206,
    0.4100629687309265,
    0.4097689986228943,
    0.4098619520664215,
    0.40982526540756226,
    0.40953096747398376,
    0.4098881185054779,
    0.410144180059433,
    0.40951913595199585,
    0.4097192883491516,
    0.4095820486545563,
    0.40957391262054443,
    0.40953391790390015,
    0.4095304310321808,
    0.409650981426239,
    0.4094751477241516,
    0.4094602167606354,
    0.40950292348861694,
    0.40957269072532654,
    0.4095635414123535,
    0.4094495475292206,
    0.4095022976398468,
    0.40959811210632324,
    0.40949422121047974,
    0.40939828753471375,
    0.40951934456825256,
    0.409498393535614,
    0.40946823358535767,
    0.4093533754348755,
    0.40937361121177673,
    0.4094157814979553,
    0.4094280004501343
  ],
  "mae": [
    0.43804633617401123,
    0.42946597933769226,
    0.42227333784103394,
    0.421798974275589,
    0.4205949902534485,
    0.418942391872406,
    0.419472873210907,
    0.4177250862121582,
    0.41888538002967834,
    0.41826486587524414,
    0.41750913858413696,
    0.4178876280784607,
    0.4171789586544037,
    0.4157635569572449,
    0.41728609800338745,
    0.4170852303504944,
    0.4150409698486328,
    0.4167679250240326,
    0.4162185490131378,
    0.4151557683944702,
    0.41577330231666565,
    0.4157021939754486,
    0.4156619608402252,
    0.41523903608322144,
    0.41446933150291443,
    0.4153125584125519,
    0.415272980928421,
    0.41505780816078186,
    0.41388675570487976,
    0.4156566560268402,
    0.4159284830093384,
    0.4148675799369812,
    0.41447633504867554,
    0.4145022928714752,
    0.4148755371570587,
    0.4143272936344147,
    0.41413614153862,
    0.4145016074180603,
    0.4146002233028412,
    0.41415414214134216
  ],
  "val_loss": [
    0.42307615280151367,
    0.4242996871471405,
    0.42315754294395447,
    0.4238358438014984,
    0.4231317937374115,
    0.4229687750339508,
    0.4237643778324127,
    0.4229177236557007,
    0.4229048788547516,
    0.42283669114112854,
    0.42345213890075684,
    0.4232686161994934,
    0.42283251881599426,
    0.4229346811771393,
    0.4242667853832245,
    0.4244838356971741,
    0.42754191160202026,
    0.4228312373161316,
    0.42285624146461487,
    0.4228108823299408,
    0.4228562116622925,
    0.4228602647781372,
    0.42296546697616577,
    0.4228697121143341,
    0.42280951142311096,
    0.4228054881095886,
    0.42280760407447815,
    0.42285218834877014,
    0.4228062927722931,
    0.42286303639411926,
    0.4228235185146332,
    0.4229385554790497,
    0.4228053390979767,
    0.422804057598114,
    0.42354628443717957,
    0.4228087365627289,
    0.42283105850219727,
    0.4229170083999634,
    0.4228024482727051,
    0.422802597284317
  ],
  "val_mae": [
    0.4281327724456787,
    0.43579891324043274,
    0.4275071918964386,
    0.43106040358543396,
    0.4285180866718292,
    0.42632827162742615,
    0.4317520558834076,
    0.42533108592033386,
    0.42533957958221436,
    0.424530565738678,
    0.4296462833881378,
    0.431027889251709,
    0.4240822494029999,
    0.4270165264606476,
    0.435297429561615,
    0.43670544028282166,
    0.43925198912620544,
    0.42392289638519287,
    0.42513933777809143,
    0.42345887422561646,
    0.42488667368888855,
    0.42482075095176697,
    0.4273688495159149,
    0.42561155557632446,
    0.4234854280948639,
    0.4232311546802521,
    0.42322126030921936,
    0.424678236246109,
    0.4232330322265625,
    0.42464494705200195,
    0.42398104071617126,
    0.42661020159721375,
    0.42302900552749634,
    0.42299890518188477,
    0.43226033449172974,
    0.42333775758743286,
    0.42404821515083313,
    0.4262288510799408,
    0.42279964685440063,
    0.4228998124599457
  ]
}