{
  "loss": [
    0.006515289656817913,
    0.0006908946670591831,
    0.00048384309047833085,
    0.00029213668312877417,
    0.00017079671670217067,
    0.00014154893869999796,
    9.967748337658122e-05,
    7.069626735756174e-05,
    6.528464291477576e-05,
    5.5108856031438336e-05,
    5.1856288337148726e-05,
    4.146412538830191e-05,
    3.201954677933827e-05,
    2.832736208802089e-05,
    2.8648993975366466e-05,
    2.2188758521224372e-05,
    2.2424064809456468e-05,
    1.5057982636790257e-05,
    1.9554052414605394e-05,
    1.3913679140387103e-05,
    1.5048655768623576e-05,
    1.4601286238757893e-05,
    1.3195109204389155e-05,
    1.1901267498615198e-05,
    1.0624366041156463e-05,
    9.403999683854636e-06,
    9.967110599973239e-06,
    9.447917364013847e-06,
    1.0152776667382568e-05,
    1.0384915185568389e-05,
    8.013238584680948e-06,
    9.144712748820893e-06,
    7.89898604125483e-06,
    7.044817266432801e-06,
    8.055077159951907e-06,
    7.4178119575663e-06,
    6.802660209359601e-06,
    8.331694516527932e-06,
    6.216737347131129e-06,
    7.611206910951296e-06
  ],
  "mae": [
    0.04045989364385605,
    0.01414917130023241,
    0.012560781091451645,
    0.010643038898706436,
    0.008288818411529064,
    0.007185336202383041,
    0.006568836979568005,
    0.0056973714381456375,
    0.005216683726757765,
    0.004686295986175537,
    0.004594247322529554,
    0.004085315857082605,
    0.0037823952734470367,
    0.0035049717407673597,
    0.0034367262851446867,
    0.003070298582315445,
    0.003081816714257002,
    0.0027536824345588684,
    0.002852164674550295,
    0.002552730729803443,
    0.002613173332065344,
    0.0025342630688101053,
    0.002482305048033595,
    0.0023504735436290503,
    0.002233239123597741,
    0.0021585319191217422,
    0.0021808715537190437,
    0.0021163816563785076,
    0.0020288003142923117,
    0.00213693012483418,
    0.0019408356165513396,
    0.002040969440713525,
    0.0019488820107653737,
    0.00188721704762429,
    0.001941670081578195,
    0.0018709941068664193,
    0.0018367473967373371,
    0.0019171341555193067,
    0.0017355137970298529,
    0.0018655486637726426
  ],
  "val_loss": [
    0.004290471784770489,
    0.0030956955160945654,
    0.0006679993821308017,
    0.00012001417053397745,
    7.479741179849952e-05,
    9.09140071598813e-05,
    3.9131613448262215e-05,
    3.653447492979467e-05,
    0.00013041883357800543,
    3.252565875300206e-05,
    0.00020029372535645962,
    2.0547391613945365e-05,
    2.7803876946563832e-05,
    3.3773918403312564e-05,
    2.1595837097265758e-05,
    2.832919744832907e-05,
    1.502478880865965e-05,
    8.087778951448854e-06,
    8.387524758290965e-06,
    1.1794757483585272e-05,
    0.00011494856880744919,
    1.2528786101029254e-05,
    7.802330401318613e-06,
    2.40378449234413e-05,
    9.642063560022507e-06,
    8.90410865395097e-06,
    1.616469853615854e-05,
    5.423311904451111e-06,
    7.230027222249191e-06,
    6.52170501780347e-06,
    4.318645096645923e-06,
    4.598400209943065e-06,
    3.7931329188722884e-06,
    9.53217204369139e-06,
    6.6675152083917055e-06,
    4.017461378680309e-06,
    4.3613572415779345e-06,
    5.041013082518475e-06,
    7.878519681980833e-06,
    7.788233233441133e-06
  ],
  "val_mae": [
    0.03597118705511093,
    0.037588994950056076,
    0.017576683312654495,
    0.007457568775862455,
    0.00638977624475956,
    0.007169044576585293,
    0.004669121000915766,
    0.004216228146106005,
    0.009470617398619652,
    0.003964995499700308,
    0.008956708945333958,
    0.003094172105193138,
    0.0037191591691225767,
    0.003838188014924526,
    0.0034710674080997705,
    0.004073678981512785,
    0.0026715495623648167,
    0.0020226582419127226,
    0.002127760788425803,
    0.00225624511949718,
    0.004559687338769436,
    0.002682273741811514,
    0.002050496870651841,
    0.0030155046842992306,
    0.00228378688916564,
    0.0019246168667450547,
    0.0032014341559261084,
    0.001494862139225006,
    0.0018765211571007967,
    0.0017918930388987064,
    0.0015258364146575332,
    0.0015526380157098174,
    0.0013157357461750507,
    0.0017205100739374757,
    0.001881050644442439,
    0.0013673003995791078,
    0.0014448247384279966,
    0.001591226551681757,
    0.002241570269688964,
    0.0019564952235668898
  ]
}