{
  "loss": [
    0.28822898864746094,
    0.008448172360658646,
    0.004458162933588028,
    0.003224699292331934,
    0.0023612682707607746,
    0.0017717991722747684
  ],
  "mae": [
    0.23619414865970612,
    0.058568499982357025,
    0.0420050211250782,
    0.03436604142189026,
    0.02910757251083851,
    0.025339845567941666
  ],
  "val_loss": [
    0.012619642540812492,
    0.005297828000038862,
    0.003672295715659857,
    0.0024978709407150745,
    0.0018567938823252916,
    0.0013822707114741206
  ],
  "val_mae": [
    0.07301978021860123,
    0.04733801260590553,
    0.03673098608851433,
    0.03370121121406555,
    0.026301680132746696,
    0.02181692235171795
  ]
}