{
  "loss": [
    0.9396926164627075,
    0.9301462173461914,
    0.9299481511116028,
    0.9296700954437256,
    0.9294680953025818,
    0.9293895363807678,
    0.9293478727340698,
    0.9293302297592163,
    0.9293146729469299,
    0.9293052554130554,
    0.9292977452278137,
    0.9292854070663452,
    0.929277241230011,
    0.9292744994163513,
    0.9292803406715393,
    0.929265022277832,
    0.9292721748352051,
    0.9292628169059753,
    0.9292603135108948,
    0.9292620420455933,
    0.929263174533844,
    0.9292564392089844,
    0.929259181022644,
    0.9292605519294739,
    0.929252564907074,
    0.9292530417442322,
    0.9292531609535217,
    0.9292513728141785,
    0.9292550086975098,
    0.9292545914649963,
    0.9292536377906799,
    0.9292444586753845,
    0.9292531609535217,
    0.9292485117912292,
    0.9292458891868591,
    0.9292529821395874,
    0.9292411208152771,
    0.9292474985122681,
    0.9292462468147278,
    0.9292478561401367
  ],
  "mae": [
    0.6221515536308289,
    0.6144024729728699,
    0.6133514046669006,
    0.6118417382240295,
    0.6104844808578491,
    0.6098622679710388,
    0.6095294952392578,
    0.6093892455101013,
    0.6092336177825928,
    0.6091442108154297,
    0.6090255379676819,
    0.6088791489601135,
    0.6088017821311951,
    0.6087391376495361,
    0.6087815165519714,
    0.6085748672485352,
    0.6086421012878418,
    0.6085447669029236,
    0.6084980368614197,
    0.6084723472595215,
    0.6084782481193542,
    0.6083956956863403,
    0.6084521412849426,
    0.6083747744560242,
    0.6082729697227478,
    0.6083249449729919,
    0.6083005666732788,
    0.608278751373291,
    0.6082942485809326,
    0.6082586646080017,
    0.6082460284233093,
    0.6081340909004211,
    0.6082251667976379,
    0.608147919178009,
    0.6081154942512512,
    0.6082050800323486,
    0.6080530285835266,
    0.608113706111908,
    0.608071506023407,
    0.608134388923645
  ],
  "val_loss": [
    0.9137305021286011,
    0.9136760234832764,
    0.9132518172264099,
    0.9131948947906494,
    0.9130572080612183,
    0.9129894375801086,
    0.9129437804222107,
    0.9129400849342346,
    0.9129559993743896,
    0.9129459261894226,
    0.912914514541626,
    0.912933886051178,
    0.9129207730293274,
    0.9128971695899963,
    0.9128983020782471,
    0.912890613079071,
    0.9129006862640381,
    0.9129092693328857,
    0.912921130657196,
    0.9129049181938171,
    0.9129020571708679,
    0.9128847718238831,
    0.9128890037536621,
    0.9129086136817932,
    0.9128936529159546,
    0.9128880500793457,
    0.912895143032074,
    0.9128944873809814,
    0.9128933548927307,
    0.9128939509391785,
    0.9128832221031189,
    0.912883996963501,
    0.9128875732421875,
    0.912880003452301,
    0.9128885269165039,
    0.9128783941268921,
    0.9128817319869995,
    0.9128772020339966,
    0.9128933548927307,
    0.9128968715667725
  ],
  "val_mae": [
    0.6158559918403625,
    0.6155714392662048,
    0.6132019758224487,
    0.6128414869308472,
    0.611831784248352,
    0.6114093661308289,
    0.6107894778251648,
    0.6109392642974854,
    0.6111622452735901,
    0.6107940673828125,
    0.610609233379364,
    0.6108035445213318,
    0.6107258796691895,
    0.6102811098098755,
    0.6102795004844666,
    0.6101605892181396,
    0.6103647351264954,
    0.6104470491409302,
    0.6107127666473389,
    0.6104562282562256,
    0.6104651689529419,
    0.6101034283638,
    0.6101638674736023,
    0.6102810502052307,
    0.610212504863739,
    0.6101234555244446,
    0.6102537512779236,
    0.610259473323822,
    0.610223650932312,
    0.6102645397186279,
    0.6098915934562683,
    0.6100193858146667,
    0.6100584268569946,
    0.6098799109458923,
    0.6101210117340088,
    0.6098520159721375,
    0.6099306344985962,
    0.6098418235778809,
    0.6101632118225098,
    0.6102683544158936
  ]
}