{
  "loss": [
    0.000995590235106647,
    0.00013861308980267495,
    7.898246985860169e-05,
    5.3477120673051104e-05,
    3.505394488456659e-05,
    2.781935836537741e-05,
    1.6385014532716013e-05,
    2.419678094156552e-05,
    1.55377019837033e-05,
    1.739957951940596e-05,
    1.600184441485908e-05,
    1.130713371821912e-05,
    1.5577224985463545e-05,
    1.3994696018926334e-05,
    8.920923391997349e-06,
    2.1159070456633344e-05,
    8.023831469472498e-06,
    8.002869435586035e-06,
    9.887543455988634e-06,
    1.0773473150038626e-05
  ],
  "mae": [
    0.012805070728063583,
    0.007119178306311369,
    0.005374876316636801,
    0.00410722941160202,
    0.0037406578194350004,
    0.003352751722559333,
    0.0027542291209101677,
    0.002878223080188036,
    0.002290590200573206,
    0.0022244148422032595,
    0.0022107947152107954,
    0.001999753061681986,
    0.0021278399508446455,
    0.0019889380782842636,
    0.0017024015542119741,
    0.00224641733802855,
    0.0015656002797186375,
    0.0017065415158867836,
    0.0018117177532985806,
    0.0017447759164497256
  ],
  "val_loss": [
    5.821318336529657e-05,
    7.314116373891011e-05,
    4.7736109991092235e-05,
    3.4189502912340686e-05,
    2.164660872949753e-05,
    6.5460062614874914e-06,
    1.083372080756817e-05,
    6.030503300280543e-06,
    1.22032142826356e-05,
    1.4845549230813049e-05,
    2.629234040796291e-05,
    6.108269190008286e-06,
    2.7886417228728533e-06,
    2.038748061750084e-05,
    2.188796088375966e-06,
    9.502970897301566e-06,
    1.3998217127664248e-06,
    1.5473251551156864e-05,
    3.6317298963695066e-06,
    5.763153694715584e-06
  ],
  "val_mae": [
    0.0054309312254190445,
    0.004800240974873304,
    0.004567126743495464,
    0.00417581619694829,
    0.003880183445289731,
    0.002119767013937235,
    0.0021569812670350075,
    0.0017166452016681433,
    0.0022607336286455393,
    0.0022005164064466953,
    0.0033823740668594837,
    0.0017344476655125618,
    0.0010244003497064114,
    0.003765581175684929,
    0.0007890331908129156,
    0.002447467762976885,
    0.0007587042637169361,
    0.002092749113216996,
    0.0012383413268253207,
    0.001626318204216659
  ]
}