{
  "loss": [
    0.3508257567882538,
    0.2858620584011078,
    0.2858618199825287,
    0.2858618199825287,
    0.2858622670173645,
    0.2858623266220093,
    0.2858622670173645,
    0.2858622074127197,
    0.2858618497848511,
    0.285861998796463,
    0.285861998796463,
    0.28586262464523315,
    0.2858620285987854,
    0.2858622670173645,
    0.2858618497848511,
    0.2858623266220093,
    0.285861998796463,
    0.2858618199825287,
    0.2858617305755615,
    0.2858618199825287
  ],
  "mae": [
    0.45801451802253723,
    0.4536382257938385,
    0.45363810658454895,
    0.4536381959915161,
    0.4536384642124176,
    0.4536390006542206,
    0.4536382257938385,
    0.45363849401474,
    0.45363831520080566,
    0.45363983511924744,
    0.453637957572937,
    0.45363810658454895,
    0.4536380171775818,
    0.45363831520080566,
    0.4536384642124176,
    0.45363882184028625,
    0.4536390006542206,
    0.45363855361938477,
    0.45363864302635193,
    0.4536386728286743
  ],
  "val_loss": [
    0.2860325872898102,
    0.2860325872898102,
    0.2860325872898102,
    0.2860325872898102,
    0.2860325872898102,
    0.2860325872898102,
    0.2860325872898102,
    0.2860325872898102,
    0.2860325872898102,
    0.2860325872898102,
    0.2860325872898102,
    0.2860325872898102,
    0.2860325872898102,
    0.2860325872898102,
    0.2860325872898102,
    0.2860325872898102,
    0.2860325872898102,
    0.2860325872898102,
    0.2860325872898102,
    0.2860325872898102
  ],
  "val_mae": [
    0.4539989233016968,
    0.4539989233016968,
    0.4539989233016968,
    0.4539989233016968,
    0.4539989233016968,
    0.4539989233016968,
    0.4539989233016968,
    0.4539989233016968,
    0.4539989233016968,
    0.4539989233016968,
    0.4539989233016968,
    0.4539989233016968,
    0.4539989233016968,
    0.4539989233016968,
    0.4539989233016968,
    0.4539989233016968,
    0.4539989233016968,
    0.4539989233016968,
    0.4539989233016968,
    0.4539989233016968
  ]
}