{
  "loss": [
    0.4275578558444977,
    0.41337448358535767,
    0.4104643762111664,
    0.41185808181762695,
    0.41004300117492676,
    0.41031602025032043,
    0.4104484021663666,
    0.4101888835430145,
    0.41025713086128235,
    0.41002747416496277,
    0.40987133979797363,
    0.40973174571990967,
    0.409719318151474,
    0.41008543968200684,
    0.4094100296497345,
    0.40965259075164795,
    0.40963971614837646,
    0.40975862741470337,
    0.40957486629486084,
    0.4098028540611267,
    0.40974169969558716,
    0.4095272123813629,
    0.40952759981155396,
    0.40954047441482544,
    0.40940624475479126,
    0.4095098376274109,
    0.4094923734664917,
    0.40942472219467163,
    0.4094723165035248,
    0.4096061885356903,
    0.40933045744895935,
    0.4094099700450897,
    0.4094311594963074,
    0.4094371795654297,
    0.40940260887145996,
    0.4094080924987793,
    0.40943074226379395,
    0.4094751179218292,
    0.4093959331512451,
    0.4094301164150238
  ],
  "mae": [
    0.43970492482185364,
    0.42824694514274597,
    0.4219096899032593,
    0.42358192801475525,
    0.41862380504608154,
    0.41995546221733093,
    0.42053234577178955,
    0.4186592698097229,
    0.41783270239830017,
    0.4182570278644562,
    0.41728052496910095,
    0.4169250726699829,
    0.41708946228027344,
    0.4179646670818329,
    0.4147907793521881,
    0.4163745641708374,
    0.4161715507507324,
    0.41629743576049805,
    0.41605785489082336,
    0.4159018397331238,
    0.414964497089386,
    0.4147305190563202,
    0.415683776140213,
    0.41513755917549133,
    0.41470369696617126,
    0.41484665870666504,
    0.4150027632713318,
    0.414907306432724,
    0.41448861360549927,
    0.4151415526866913,
    0.4136395752429962,
    0.41416701674461365,
    0.4144284129142761,
    0.4152551293373108,
    0.41459789872169495,
    0.4145565927028656,
    0.4139450192451477,
    0.41445547342300415,
    0.4137093722820282,
    0.41443711519241333
  ],
  "val_loss": [
    0.42922455072402954,
    0.42347490787506104,
    0.4229886829853058,
    0.42472824454307556,
    0.42290133237838745,
    0.4231957197189331,
    0.4233006238937378,
    0.4229063093662262,
    0.4230870306491852,
    0.42290186882019043,
    0.4230789244174957,
    0.4228239953517914,
    0.42285895347595215,
    0.42504462599754333,
    0.4230293035507202,
    0.42283952236175537,
    0.42285051941871643,
    0.4228912889957428,
    0.42282071709632874,
    0.422814279794693,
    0.42294973134994507,
    0.42281460762023926,
    0.4229958653450012,
    0.4228058159351349,
    0.42281797528266907,
    0.4228205978870392,
    0.42291340231895447,
    0.4228247106075287,
    0.42280688881874084,
    0.4228489100933075,
    0.42281195521354675,
    0.42284342646598816,
    0.42282742261886597,
    0.42281898856163025,
    0.42280879616737366,
    0.42280277609825134,
    0.42383304238319397,
    0.42280444502830505,
    0.4228016436100006,
    0.42280250787734985
  ],
  "val_mae": [
    0.4396671950817108,
    0.43209022283554077,
    0.42752304673194885,
    0.4381994605064392,
    0.4254113733768463,
    0.42905429005622864,
    0.4277162253856659,
    0.4261379539966583,
    0.42817267775535583,
    0.42566153407096863,
    0.4277465045452118,
    0.42395666241645813,
    0.4246557950973511,
    0.43959301710128784,
    0.427558571100235,
    0.423996239900589,
    0.42420288920402527,
    0.4257954955101013,
    0.42389941215515137,
    0.4236217737197876,
    0.4263516664505005,
    0.42352890968322754,
    0.42684003710746765,
    0.42307916283607483,
    0.4238298237323761,
    0.42382949590682983,
    0.4258304536342621,
    0.4242931008338928,
    0.4231511652469635,
    0.4243823289871216,
    0.42350414395332336,
    0.4242984652519226,
    0.42372065782546997,
    0.4238225221633911,
    0.4233902394771576,
    0.422918438911438,
    0.4352662265300751,
    0.42307206988334656,
    0.4227748513221741,
    0.42285704612731934
  ]
}