{
  "loss": [
    0.4239314794540405,
    0.41412869095802307,
    0.411562442779541,
    0.41094377636909485,
    0.4116500914096832,
    0.4099695384502411,
    0.41061094403266907,
    0.41101524233818054,
    0.4099453389644623,
    0.4100733697414398,
    0.4096100628376007,
    0.4100326895713806,
    0.40957000851631165,
    0.40982586145401,
    0.4104323983192444,
    0.40960317850112915,
    0.4095459580421448,
    0.4095742106437683,
    0.4097226560115814,
    0.4097498953342438,
    0.41003236174583435,
    0.4094139039516449,
    0.4099883735179901,
    0.4094856381416321,
    0.4095536768436432,
    0.4094366729259491,
    0.4096693992614746,
    0.40946707129478455,
    0.4096413552761078,
    0.40942731499671936,
    0.4095923900604248,
    0.40942078828811646,
    0.4095728099346161,
    0.4094546139240265,
    0.4094998240470886,
    0.4093765616416931,
    0.40951094031333923,
    0.40950751304626465,
    0.40947404503822327,
    0.4093919098377228
  ],
  "mae": [
    0.43828651309013367,
    0.42950206995010376,
    0.42395690083503723,
    0.4220680594444275,
    0.42227908968925476,
    0.41824886202812195,
    0.4205245077610016,
    0.4201587736606598,
    0.4188692271709442,
    0.418820858001709,
    0.4168226718902588,
    0.418175607919693,
    0.41657501459121704,
    0.4176158010959625,
    0.41817739605903625,
    0.41547396779060364,
    0.4157688617706299,
    0.4155575633049011,
    0.4154722988605499,
    0.4159890115261078,
    0.4164113998413086,
    0.4142877757549286,
    0.41547155380249023,
    0.41530841588974,
    0.41560661792755127,
    0.4145165681838989,
    0.4157930910587311,
    0.4145088195800781,
    0.41599562764167786,
    0.41513851284980774,
    0.41598233580589294,
    0.4143296480178833,
    0.41529205441474915,
    0.41524046659469604,
    0.415056973695755,
    0.41401565074920654,
    0.4157082736492157,
    0.4147356152534485,
    0.4147873818874359,
    0.4136425852775574
  ],
  "val_loss": [
    0.4238649606704712,
    0.4234890639781952,
    0.4231652319431305,
    0.4232076108455658,
    0.42725375294685364,
    0.4229421615600586,
    0.42319050431251526,
    0.42309680581092834,
    0.4230858087539673,
    0.4231357276439667,
    0.4231840670108795,
    0.4228841960430145,
    0.42282864451408386,
    0.42283064126968384,
    0.4270986020565033,
    0.42281660437583923,
    0.42281049489974976,
    0.42341896891593933,
    0.4240513741970062,
    0.4236038625240326,
    0.43630218505859375,
    0.42281803488731384,
    0.4228454530239105,
    0.42281466722488403,
    0.4228418171405792,
    0.4228169023990631,
    0.42284899950027466,
    0.42280760407447815,
    0.4228135347366333,
    0.422902375459671,
    0.4229072630405426,
    0.4230007529258728,
    0.4228394031524658,
    0.4228508472442627,
    0.4228562116622925,
    0.4234035015106201,
    0.42283985018730164,
    0.422803670167923,
    0.42281049489974976,
    0.42281806468963623
  ],
  "val_mae": [
    0.4338676333427429,
    0.4307071566581726,
    0.4280405640602112,
    0.42868584394454956,
    0.4423008859157562,
    0.4267634451389313,
    0.4291023313999176,
    0.4275567829608917,
    0.4271804094314575,
    0.42682957649230957,
    0.4294922947883606,
    0.4254753589630127,
    0.4242280423641205,
    0.42407941818237305,
    0.44066497683525085,
    0.4236144423484802,
    0.42349115014076233,
    0.42868441343307495,
    0.4316122233867645,
    0.4339810013771057,
    0.4559275805950165,
    0.4236679971218109,
    0.42425981163978577,
    0.42365995049476624,
    0.42473581433296204,
    0.4237985610961914,
    0.424757182598114,
    0.4232284128665924,
    0.4235241115093231,
    0.42503395676612854,
    0.4254039227962494,
    0.42758122086524963,
    0.42435795068740845,
    0.4250218868255615,
    0.4248722791671753,
    0.42865410447120667,
    0.42437559366226196,
    0.4228852689266205,
    0.42329102754592896,
    0.42397791147232056
  ]
}