{
  "loss": [
    0.008368889801204205,
    0.0006927430513314903,
    0.0004997929208911955,
    0.0004036904720123857,
    0.0003007818595506251,
    0.0002641183964442462,
    0.00038441369542852044,
    0.00021406896121334285,
    0.0002697823802009225,
    0.00021487732010427862,
    0.0001912501611514017,
    0.0001945768453879282,
    0.00021900144929531962,
    0.000188183767022565,
    0.00020337439491413534,
    0.00017275259597226977,
    0.00016014098946470767,
    0.0002154587855329737,
    0.00013457532622851431,
    0.00018590876425150782,
    0.00013448591926135123,
    0.0001366321084788069,
    0.00011041721154469997,
    0.00016233707719948143,
    0.00011797703336924314,
    0.0001451652788091451,
    8.64939866005443e-05,
    0.00011556694516912103,
    0.00012916451669298112,
    0.00010998939978890121,
    0.00010950447176583111,
    6.980919715715572e-05,
    0.00011781607463490218,
    9.001897706184536e-05,
    7.888741674833e-05,
    0.00010438697063364089,
    8.001577953109518e-05,
    8.540247654309496e-05,
    0.00010673116048565134,
    7.883230864536017e-05
  ],
  "mae": [
    0.046309325844049454,
    0.015581604093313217,
    0.012351224198937416,
    0.01092164870351553,
    0.009623900055885315,
    0.009103615768253803,
    0.009111966006457806,
    0.008022692985832691,
    0.008334673941135406,
    0.007861560210585594,
    0.00737641891464591,
    0.007207310758531094,
    0.007188141345977783,
    0.007054893299937248,
    0.0066886404529213905,
    0.00664781779050827,
    0.006156699266284704,
    0.006766045466065407,
    0.00602053664624691,
    0.006195307709276676,
    0.0058525316417217255,
    0.005683238618075848,
    0.005340186413377523,
    0.005602612625807524,
    0.005415870808064938,
    0.005112253129482269,
    0.0049126665107905865,
    0.005621600430458784,
    0.004982038866728544,
    0.005270459223538637,
    0.004849150776863098,
    0.00429171696305275,
    0.005026709754019976,
    0.0045637404546141624,
    0.004468075931072235,
    0.0047687659971416,
    0.004535742569714785,
    0.004201147239655256,
    0.00428855512291193,
    0.004420110024511814
  ],
  "val_loss": [
    0.0009634967427700758,
    0.00048512581270188093,
    0.000518501503393054,
    0.00023643560416530818,
    0.0005092283245176077,
    0.00017538663814775646,
    0.00017815690080169588,
    0.00012474172399379313,
    0.00017331875278614461,
    0.00027341421809978783,
    0.00015937024727463722,
    0.00021502120944205672,
    0.00018300574447494,
    0.0004304406465962529,
    8.315474406117573e-05,
    0.0001464152301196009,
    0.0001055573156918399,
    8.664999768370762e-05,
    8.8262720964849e-05,
    7.351021486101672e-05,
    9.080150630325079e-05,
    0.00015364801220130175,
    6.51147638563998e-05,
    7.246721361298114e-05,
    5.5709253501845524e-05,
    5.8105888456339017e-05,
    0.00013452231360133737,
    6.832856888649985e-05,
    4.3386426114011556e-05,
    7.330953667405993e-05,
    6.442656740546227e-05,
    4.365576387499459e-05,
    5.4384610848501325e-05,
    6.065309571567923e-05,
    6.225296237971634e-05,
    6.646424299106002e-05,
    4.895838719676249e-05,
    4.743100726045668e-05,
    7.742691377643496e-05,
    5.265621075523086e-05
  ],
  "val_mae": [
    0.019188515841960907,
    0.014790935441851616,
    0.01312679797410965,
    0.008692496456205845,
    0.013301602564752102,
    0.007186016533523798,
    0.007824834436178207,
    0.006198354065418243,
    0.007366610690951347,
    0.00962015986442566,
    0.006908033043146133,
    0.006915988866239786,
    0.008072219789028168,
    0.00938755739480257,
    0.005102982744574547,
    0.006031539291143417,
    0.005353702697902918,
    0.00511522451415658,
    0.005574189592152834,
    0.004688589833676815,
    0.0052056871354579926,
    0.007179270498454571,
    0.0045495592057704926,
    0.004652244038879871,
    0.004079774953424931,
    0.004392217379063368,
    0.007078900467604399,
    0.004509501159191132,
    0.0036832476034760475,
    0.005133800208568573,
    0.004479750990867615,
    0.003607291728258133,
    0.004042152781039476,
    0.004313185345381498,
    0.0048756953328847885,
    0.004461080767214298,
    0.003942152019590139,
    0.003947437275201082,
    0.004266554489731789,
    0.003793437499552965
  ]
}