{
  "loss": [
    0.4257718622684479,
    0.4115983545780182,
    0.41293853521347046,
    0.41112664341926575,
    0.410393625497818,
    0.41065970063209534,
    0.4100855588912964,
    0.41021856665611267,
    0.40983879566192627,
    0.41060999035835266,
    0.409397691488266,
    0.41009587049484253,
    0.4100939929485321,
    0.409824401140213,
    0.40971097350120544,
    0.40946054458618164,
    0.40958666801452637,
    0.4096711277961731,
    0.40952280163764954,
    0.4095327854156494,
    0.4095156788825989,
    0.40954384207725525,
    0.4095119535923004,
    0.4095500111579895,
    0.40953803062438965,
    0.40950971841812134,
    0.40982961654663086,
    0.4093911349773407,
    0.4094740152359009,
    0.4094807505607605,
    0.4094400107860565,
    0.4094785153865814,
    0.4094090163707733,
    0.4095194339752197,
    0.4094093143939972,
    0.40947675704956055,
    0.40943461656570435,
    0.4094129800796509,
    0.40948566794395447,
    0.4093981981277466
  ],
  "mae": [
    0.44080373644828796,
    0.4250122010707855,
    0.4242514669895172,
    0.42275291681289673,
    0.4205394983291626,
    0.41954904794692993,
    0.418053537607193,
    0.41845768690109253,
    0.41704174876213074,
    0.41911497712135315,
    0.41507482528686523,
    0.41864293813705444,
    0.4157197177410126,
    0.41647759079933167,
    0.41663068532943726,
    0.4154926538467407,
    0.4159540832042694,
    0.4162759482860565,
    0.4157075583934784,
    0.4158778488636017,
    0.41556861996650696,
    0.4149060547351837,
    0.4156818687915802,
    0.4149502217769623,
    0.41501545906066895,
    0.4152494966983795,
    0.41564708948135376,
    0.41439226269721985,
    0.4151746928691864,
    0.415048211812973,
    0.41434982419013977,
    0.41503146290779114,
    0.4144328832626343,
    0.41525718569755554,
    0.41430822014808655,
    0.41469985246658325,
    0.4148716330528259,
    0.4148045480251312,
    0.415028840303421,
    0.4144468605518341
  ],
  "val_loss": [
    0.42365336418151855,
    0.4232083261013031,
    0.423471063375473,
    0.4247846007347107,
    0.4229956865310669,
    0.425152450799942,
    0.4229406416416168,
    0.42290323972702026,
    0.422971248626709,
    0.42300310730934143,
    0.4229087233543396,
    0.4228769540786743,
    0.42283156514167786,
    0.4229070246219635,
    0.42329660058021545,
    0.42284005880355835,
    0.42327192425727844,
    0.4228110611438751,
    0.42286914587020874,
    0.4229900538921356,
    0.42281049489974976,
    0.42284342646598816,
    0.42281439900398254,
    0.42292624711990356,
    0.42281991243362427,
    0.42281219363212585,
    0.4228096604347229,
    0.42281079292297363,
    0.4228479266166687,
    0.4228183627128601,
    0.4228070080280304,
    0.42281922698020935,
    0.4233843684196472,
    0.422820508480072,
    0.4228094220161438,
    0.42284080386161804,
    0.4228076636791229,
    0.4228191673755646,
    0.42282792925834656,
    0.42281749844551086
  ],
  "val_mae": [
    0.4312060475349426,
    0.42935001850128174,
    0.4317869544029236,
    0.43593651056289673,
    0.42723289132118225,
    0.437588095664978,
    0.42617055773735046,
    0.4255349338054657,
    0.4266229271888733,
    0.42690756916999817,
    0.42592665553092957,
    0.4250442683696747,
    0.4241419732570648,
    0.42611414194107056,
    0.42832112312316895,
    0.42455989122390747,
    0.4306890070438385,
    0.4233795404434204,
    0.4246543049812317,
    0.4262933135032654,
    0.42346227169036865,
    0.42446374893188477,
    0.42369112372398376,
    0.42526981234550476,
    0.4237993359565735,
    0.42342036962509155,
    0.42328888177871704,
    0.42339378595352173,
    0.4248693883419037,
    0.42373767495155334,
    0.4231547713279724,
    0.42357000708580017,
    0.4293491244316101,
    0.4238593280315399,
    0.42335888743400574,
    0.42465513944625854,
    0.4231938421726227,
    0.4235800504684448,
    0.42370617389678955,
    0.4239392876625061
  ]
}