{
  "loss": [
    0.010454474948346615,
    0.0008012952166609466,
    0.0003770629409700632,
    0.00022471121337730438,
    0.000150791194755584,
    0.00012167564273113385,
    0.00010122534149559215,
    7.686494791414589e-05,
    7.066827674861997e-05,
    6.104350904934108e-05,
    5.097338362247683e-05,
    4.725806138594635e-05,
    5.021511242375709e-05,
    3.728661249624565e-05,
    3.486992864054628e-05,
    4.064187305630185e-05,
    3.0133254767861217e-05,
    3.0437724490184337e-05,
    3.136918167001568e-05,
    2.6931153115583584e-05,
    2.6440689907758497e-05,
    2.1385960280895233e-05,
    2.131624387402553e-05,
    2.3343132852460258e-05,
    1.8809936591424048e-05,
    2.076692908303812e-05,
    1.9704368241946213e-05,
    1.6248010069830343e-05,
    2.0214076357660815e-05,
    1.775172131601721e-05,
    1.748247814248316e-05,
    1.689771124802064e-05,
    1.4499431017611641e-05,
    1.3611265785584692e-05,
    1.3495586244971491e-05,
    1.439221523469314e-05,
    1.2822427379433066e-05,
    1.2847635844082106e-05,
    1.3716820831177756e-05,
    1.0924985872406978e-05,
    1.2414981028996408e-05,
    1.1830986295535695e-05,
    1.2799197975255083e-05,
    9.912714631354902e-06,
    1.0768849278974812e-05,
    9.038745702127926e-06,
    1.1800995707744732e-05,
    9.169751137960702e-06,
    8.656844329379965e-06,
    9.619713637221139e-06
  ],
  "mae": [
    0.053175993263721466,
    0.01660526543855667,
    0.011322034522891045,
    0.008862023241817951,
    0.0073381029069423676,
    0.0065083932131528854,
    0.005847441032528877,
    0.005218551028519869,
    0.0049625542014837265,
    0.004582049325108528,
    0.004247267264872789,
    0.004033582750707865,
    0.003969017881900072,
    0.0036072356160730124,
    0.003527906024828553,
    0.0035244212485849857,
    0.003268592990934849,
    0.003211354138329625,
    0.0032187066972255707,
    0.002986849984154105,
    0.00297917309217155,
    0.0027914915699511766,
    0.002770286053419113,
    0.0027856978122144938,
    0.002617831574752927,
    0.002702713245525956,
    0.0025919845793396235,
    0.002425409620627761,
    0.0025027047377079725,
    0.0024185297079384327,
    0.0024515888653695583,
    0.0024014213122427464,
    0.0022588777355849743,
    0.0022475796286016703,
    0.002228411613032222,
    0.0022099122870713472,
    0.0021450798958539963,
    0.0021677170880138874,
    0.0021680742502212524,
    0.002024067332968116,
    0.0021161886397749186,
    0.0019975053146481514,
    0.0020350066479295492,
    0.0018990329699590802,
    0.001985948532819748,
    0.0018625048687681556,
    0.0019297775579616427,
    0.0018589983228594065,
    0.001791418413631618,
    0.001828076783567667
  ],
  "val_loss": [
    0.0012676302576437593,
    0.0004798048466909677,
    0.0002897843369282782,
    0.00018266603001393378,
    0.00014443682448472828,
    0.00011621172598097473,
    0.00010051233402919024,
    9.40076497499831e-05,
    7.787354843458161e-05,
    9.901948214974254e-05,
    5.740396591136232e-05,
    5.738944673794322e-05,
    5.611412780126557e-05,
    5.526100721908733e-05,
    4.475455352803692e-05,
    4.928271664539352e-05,
    3.0944680474931374e-05,
    4.0706894651521e-05,
    4.230192644172348e-05,
    2.8555105018313043e-05,
    3.530473622959107e-05,
    2.424684316792991e-05,
    2.9874594474676996e-05,
    2.3949562091729604e-05,
    2.647447763592936e-05,
    2.6727144359028898e-05,
    2.2830090529168956e-05,
    2.6055853595607914e-05,
    3.64531806553714e-05,
    3.950236350647174e-05,
    4.585089482134208e-05,
    2.6841749786399305e-05,
    2.1630663468386047e-05,
    2.7170663088327274e-05,
    1.64969933393877e-05,
    2.2754624296794645e-05,
    1.9573142708395608e-05,
    1.844193866418209e-05,
    1.4370922144735232e-05,
    1.7117734387284145e-05,
    1.492493993282551e-05,
    1.3698764632863458e-05,
    1.5151345905906055e-05,
    1.9078668628935702e-05,
    1.9341130609973334e-05,
    1.6012112610042095e-05,
    1.2375132428132929e-05,
    1.2659084859478753e-05,
    4.454112786334008e-05,
    1.8788363377097994e-05
  ],
  "val_mae": [
    0.02226419933140278,
    0.01276693120598793,
    0.010151191614568233,
    0.008061755448579788,
    0.007379581220448017,
    0.006372175179421902,
    0.005983578972518444,
    0.005656566005200148,
    0.005096681881695986,
    0.005713524762541056,
    0.004663873929530382,
    0.004524073097854853,
    0.004316060338169336,
    0.004778146743774414,
    0.003926785197108984,
    0.0037645434495061636,
    0.00306250574067235,
    0.0034901208709925413,
    0.0038044978864490986,
    0.0029653359670192003,
    0.00303177279420197,
    0.002728156978264451,
    0.0032505181152373552,
    0.0026358359027653933,
    0.002797291846945882,
    0.003183010034263134,
    0.0025991059374064207,
    0.002806053264066577,
    0.002968626096844673,
    0.003245833097025752,
    0.0037015825510025024,
    0.003260690486058593,
    0.002658001147210598,
    0.0029745488427579403,
    0.0022038049064576626,
    0.0029880518559366465,
    0.0025262662675231695,
    0.002341741230338812,
    0.0021085587795823812,
    0.0024246906396001577,
    0.0021585957147181034,
    0.002118730219081044,
    0.0022760266438126564,
    0.002361018443480134,
    0.002373370574787259,
    0.0022806995548307896,
    0.002097192220389843,
    0.0019489830592647195,
    0.0030571005772799253,
    0.0024623561184853315
  ]
}