{
  "loss": [
    0.022292204201221466,
    0.0009017581469379365,
    0.0004008549149148166,
    0.0002443973789922893,
    0.00017122525605373085,
    0.00012843607692047954
  ],
  "mae": [
    0.07538025081157684,
    0.018142957240343094,
    0.011727819219231606,
    0.008917397819459438,
    0.007340497802942991,
    0.006282601971179247
  ],
  "val_loss": [
    0.001401598216034472,
    0.0005167787312529981,
    0.0003279767115600407,
    0.00021493474196176976,
    0.00017828728596214205,
    0.00012974487617611885
  ],
  "val_mae": [
    0.024182340130209923,
    0.014041518792510033,
    0.010213981382548809,
    0.008557513356208801,
    0.006962008774280548,
    0.006218818016350269
  ]
}