{
  "loss": [
    0.02194317616522312,
    0.0011968924663960934,
    0.00041193843935616314,
    0.00019492418505251408,
    0.0001136017162934877,
    7.722818554611877e-05,
    5.7313420256832615e-05,
    4.430614353623241e-05,
    3.5472439776640385e-05,
    2.89882518700324e-05,
    2.4325738195329905e-05,
    2.070640039164573e-05,
    1.7941154510481283e-05,
    1.5723053365945816e-05,
    1.384450570185436e-05,
    1.24817170217284e-05,
    1.1171711776114535e-05,
    1.0066975846712012e-05,
    9.174167644232512e-06,
    8.432222784904297e-06,
    7.782170541759115e-06,
    7.217629445221974e-06,
    6.702027349092532e-06,
    6.243333245947724e-06,
    5.818688805447891e-06,
    5.557041276915697e-06,
    5.206419700698461e-06,
    4.977678599971114e-06,
    4.731809440272627e-06,
    4.533584160526516e-06
  ],
  "mae": [
    0.10365593433380127,
    0.025078926235437393,
    0.014671883545815945,
    0.009882567450404167,
    0.007407499011605978,
    0.006068534217774868,
    0.005193118937313557,
    0.004553977865725756,
    0.004060160368680954,
    0.003652791725471616,
    0.00334250763989985,
    0.0030873261857777834,
    0.0028814910911023617,
    0.0027073777746409178,
    0.002546308096498251,
    0.00241878442466259,
    0.0022962845396250486,
    0.0021854578517377377,
    0.0020907167345285416,
    0.0020035840570926666,
    0.0019249487668275833,
    0.0018543381011113524,
    0.0017862162785604596,
    0.0017238956643268466,
    0.0016632485203444958,
    0.0016234470531344414,
    0.0015732578467577696,
    0.0015376771334558725,
    0.0014981409767642617,
    0.001463465392589569
  ],
  "val_loss": [
    0.0022639778908342123,
    0.0006091453833505511,
    0.00027128608780913055,
    0.00015029578935354948,
    0.00010272880899719894,
    7.473577716154978e-05,
    5.811233495478518e-05,
    5.035515641793609e-05,
    4.1809104004641995e-05,
    3.638740236056037e-05,
    3.105430005234666e-05,
    2.7065858375863172e-05,
    2.449544808769133e-05,
    2.242727168777492e-05,
    2.0215118638589047e-05,
    1.7834296158980578e-05,
    1.631297345738858e-05,
    1.4457700672210194e-05,
    1.3563329957833048e-05,
    1.2577408597280737e-05,
    1.228592373081483e-05,
    1.181748666567728e-05,
    1.0865011972782668e-05,
    9.99051917460747e-06,
    1.0145074156753253e-05,
    9.58381042437395e-06,
    9.336536095361225e-06,
    8.23553818918299e-06,
    8.545453965780325e-06,
    8.429426088696346e-06
  ],
  "val_mae": [
    0.03578067943453789,
    0.01813671551644802,
    0.011814244091510773,
    0.008494635112583637,
    0.006774595007300377,
    0.005765854846686125,
    0.005034810397773981,
    0.004587274976074696,
    0.004164783749729395,
    0.0038513776380568743,
    0.003496363526210189,
    0.0032418621703982353,
    0.0031433238182216883,
    0.002964782528579235,
    0.002838700544089079,
    0.00264333956874907,
    0.0025234222412109375,
    0.002392618451267481,
    0.002297268947586417,
    0.0022178052458912134,
    0.0021883356384932995,
    0.0021081382874399424,
    0.0020551662892103195,
    0.0019226345466449857,
    0.0019672696944326162,
    0.001893639680929482,
    0.0018410999327898026,
    0.0017294184071943164,
    0.0017595554236322641,
    0.001758514903485775
  ]
}