{
  "loss": [
    0.4292012155056,
    0.413299024105072,
    0.4119017422199249,
    0.411124587059021,
    0.41048485040664673,
    0.4098917841911316,
    0.41027146577835083,
    0.41009521484375,
    0.40982797741889954,
    0.40997928380966187,
    0.40993532538414,
    0.40993615984916687,
    0.40970444679260254,
    0.4097133278846741,
    0.4097864329814911,
    0.40982481837272644,
    0.4094460904598236,
    0.4096953570842743,
    0.4095657765865326,
    0.4094858765602112,
    0.40950778126716614,
    0.40961360931396484,
    0.40974798798561096,
    0.4097939431667328,
    0.4095223844051361,
    0.4094599485397339,
    0.40957653522491455,
    0.4094839096069336,
    0.4094291031360626,
    0.4096062481403351,
    0.4094015955924988,
    0.40948063135147095,
    0.40954452753067017,
    0.4093668758869171,
    0.40941494703292847,
    0.40943443775177,
    0.409356027841568,
    0.40945005416870117,
    0.40949708223342896,
    0.40942463278770447
  ],
  "mae": [
    0.43940529227256775,
    0.42647233605384827,
    0.4243461489677429,
    0.42119285464286804,
    0.4207014739513397,
    0.41868719458580017,
    0.41878655552864075,
    0.41905882954597473,
    0.41767385601997375,
    0.4183603823184967,
    0.41802147030830383,
    0.4168059825897217,
    0.4170209467411041,
    0.41688090562820435,
    0.41727182269096375,
    0.41664835810661316,
    0.41511985659599304,
    0.4167671203613281,
    0.41591164469718933,
    0.4150897264480591,
    0.4155760407447815,
    0.415664941072464,
    0.4155328869819641,
    0.4154536724090576,
    0.41497859358787537,
    0.41523826122283936,
    0.41528594493865967,
    0.4152844250202179,
    0.4148593544960022,
    0.41457828879356384,
    0.41418197751045227,
    0.4148649275302887,
    0.4150537848472595,
    0.414103239774704,
    0.41466930508613586,
    0.4143402576446533,
    0.4142287075519562,
    0.41476279497146606,
    0.4148721694946289,
    0.41465604305267334
  ],
  "val_loss": [
    0.4234016537666321,
    0.4231589138507843,
    0.42374852299690247,
    0.4349370300769806,
    0.42389410734176636,
    0.4236241579055786,
    0.4229031503200531,
    0.4236891567707062,
    0.4228580594062805,
    0.4309382736682892,
    0.4229595363140106,
    0.42303767800331116,
    0.4229809641838074,
    0.42293277382850647,
    0.4238263666629791,
    0.4228539764881134,
    0.42298606038093567,
    0.4231241047382355,
    0.4231579303741455,
    0.4228866696357727,
    0.42282116413116455,
    0.4234352707862854,
    0.4229279160499573,
    0.422828733921051,
    0.42289555072784424,
    0.4228261411190033,
    0.42281290888786316,
    0.4233439266681671,
    0.4228142499923706,
    0.4228081703186035,
    0.42280861735343933,
    0.42281970381736755,
    0.4228115975856781,
    0.4228251278400421,
    0.42283719778060913,
    0.4228210151195526,
    0.4228132963180542,
    0.42310336232185364,
    0.42285236716270447,
    0.4228137731552124
  ],
  "val_mae": [
    0.42993974685668945,
    0.4287874698638916,
    0.43219175934791565,
    0.4529404938220978,
    0.43433645367622375,
    0.43253251910209656,
    0.4257041811943054,
    0.4316467344760895,
    0.42435207962989807,
    0.45538634061813354,
    0.4270634651184082,
    0.42736878991127014,
    0.42707857489585876,
    0.42666271328926086,
    0.43458548188209534,
    0.4250485301017761,
    0.42576315999031067,
    0.4267730712890625,
    0.42881783843040466,
    0.42541757225990295,
    0.42414534091949463,
    0.43120965361595154,
    0.4261443614959717,
    0.4240840673446655,
    0.42504531145095825,
    0.4238583743572235,
    0.4233417510986328,
    0.42927661538124084,
    0.4235672652721405,
    0.42322561144828796,
    0.4232984185218811,
    0.42394450306892395,
    0.4233662784099579,
    0.4242185652256012,
    0.42475685477256775,
    0.42376720905303955,
    0.4234060049057007,
    0.42636480927467346,
    0.42444461584091187,
    0.4233863055706024
  ]
}