{
  "loss": [
    0.21581409871578217,
    0.00909272488206625,
    0.004288583528250456,
    0.0027264647651463747,
    0.0021355466451495886,
    0.0016485252417623997,
    0.0014530230546370149,
    0.0012265540426597,
    0.0010688012698665261,
    0.0009973575361073017,
    0.0008305329829454422,
    0.0009449109784327447,
    0.00066516047809273,
    0.0007072739535942674,
    0.0007305448525585234,
    0.0006013684323988855,
    0.0005526443710550666,
    0.0006079135346226394,
    0.000581322587095201,
    0.000561593275051564,
    0.0005127800395712256,
    0.0004122653335798532,
    0.00048710303963162005,
    0.0005041795666329563,
    0.0004939004429616034,
    0.000398119940655306,
    0.00037577556213364005,
    0.0004036251048091799,
    0.00034317237441428006,
    0.00036987499333918095
  ],
  "mae": [
    0.24229049682617188,
    0.05857739970088005,
    0.04005952924489975,
    0.03155345469713211,
    0.02763555757701397,
    0.024145841598510742,
    0.022156400606036186,
    0.020062731578946114,
    0.01874566823244095,
    0.017964160069823265,
    0.016453837975859642,
    0.016448374837636948,
    0.01487717591226101,
    0.014924743212759495,
    0.015063680708408356,
    0.013948041945695877,
    0.013330760411918163,
    0.012855947017669678,
    0.013331425376236439,
    0.013212675228714943,
    0.012402469292283058,
    0.011323154903948307,
    0.01179878693073988,
    0.012136820703744888,
    0.011557592079043388,
    0.011104272678494453,
    0.01092542614787817,
    0.011029311455786228,
    0.010493522509932518,
    0.01058356836438179
  ],
  "val_loss": [
    0.018898855894804,
    0.005570361390709877,
    0.003009258070960641,
    0.0024776721838861704,
    0.0017047111177816987,
    0.0013112298911437392,
    0.0014402943197637796,
    0.001213699346408248,
    0.0008750722627155483,
    0.0007927030092105269,
    0.0009128673700615764,
    0.0006513813859783113,
    0.0010363232577219605,
    0.000693688984028995,
    0.000940997910220176,
    0.0011848034337162971,
    0.0005015051574446261,
    0.0005253145936876535,
    0.0009226311231032014,
    0.0004993889015167952,
    0.00037654858897440135,
    0.0005604235921055079,
    0.00034350797068327665,
    0.0013855400029569864,
    0.000639123551081866,
    0.0003075665154028684,
    0.00030855671502649784,
    0.0004482445365283638,
    0.0003439788706600666,
    0.0002979474375024438
  ],
  "val_mae": [
    0.08372979611158371,
    0.04667551815509796,
    0.032818276435136795,
    0.029097935184836388,
    0.024660443887114525,
    0.021042661741375923,
    0.025757990777492523,
    0.023221969604492188,
    0.016887685284018517,
    0.01620672084391117,
    0.017295464873313904,
    0.014735901728272438,
    0.017150120809674263,
    0.0158072579652071,
    0.021666428074240685,
    0.01640971563756466,
    0.011890115216374397,
    0.012208719737827778,
    0.021436819806694984,
    0.011766492389142513,
    0.010884411633014679,
    0.013182779774069786,
    0.01045933086425066,
    0.023477088660001755,
    0.012928451411426067,
    0.010376177728176117,
    0.009855324402451515,
    0.010485236532986164,
    0.010486125014722347,
    0.009758423082530499
  ]
}