{
  "loss": [
    0.9393284916877747,
    0.930117130279541,
    0.9299395680427551,
    0.9296603798866272,
    0.929467499256134,
    0.9293928742408752,
    0.9293429851531982,
    0.9293252229690552,
    0.929314374923706,
    0.9293070435523987,
    0.9292877316474915,
    0.9292824268341064,
    0.929277777671814,
    0.9292774796485901,
    0.9292709231376648,
    0.9292709231376648,
    0.9292603135108948,
    0.9292569160461426,
    0.9292617440223694,
    0.9292594790458679,
    0.9292550086975098,
    0.9292576909065247,
    0.9292510151863098,
    0.9292536973953247,
    0.9292662143707275,
    0.9292495846748352,
    0.9292530417442322,
    0.9292528629302979,
    0.9292507171630859,
    0.9292483925819397,
    0.9292500019073486,
    0.9292460083961487,
    0.9292463064193726,
    0.9292493462562561,
    0.929247260093689,
    0.9292479753494263,
    0.9292434453964233,
    0.9292452335357666,
    0.9292497038841248,
    0.9292448163032532
  ],
  "mae": [
    0.6223522424697876,
    0.6142877340316772,
    0.6133012175559998,
    0.6117688417434692,
    0.6104496121406555,
    0.6099699139595032,
    0.6094846129417419,
    0.6093292832374573,
    0.6092405319213867,
    0.6091591715812683,
    0.6089085340499878,
    0.6088860034942627,
    0.6087870001792908,
    0.608759343624115,
    0.6086588501930237,
    0.6086262464523315,
    0.6085243225097656,
    0.608460009098053,
    0.6084901690483093,
    0.6084302663803101,
    0.6083440780639648,
    0.6083853840827942,
    0.6082930564880371,
    0.60832679271698,
    0.6083571314811707,
    0.6081986427307129,
    0.6082887053489685,
    0.608262836933136,
    0.6081852912902832,
    0.608173131942749,
    0.608223021030426,
    0.6081300973892212,
    0.6081259846687317,
    0.6081467270851135,
    0.6081076860427856,
    0.6081101894378662,
    0.6080685257911682,
    0.608080267906189,
    0.6081095337867737,
    0.6080496311187744
  ],
  "val_loss": [
    0.9136127829551697,
    0.9137534499168396,
    0.9133304953575134,
    0.9131402373313904,
    0.9131187200546265,
    0.9129623174667358,
    0.9129425287246704,
    0.9129251837730408,
    0.9129147529602051,
    0.9129267334938049,
    0.9129288792610168,
    0.9129185676574707,
    0.912907600402832,
    0.9129166603088379,
    0.9128921627998352,
    0.9128971695899963,
    0.912899911403656,
    0.9128950834274292,
    0.9128984212875366,
    0.9129056930541992,
    0.912890613079071,
    0.9128854870796204,
    0.9128962159156799,
    0.912897527217865,
    0.9129012227058411,
    0.9128960967063904,
    0.912885308265686,
    0.9129142165184021,
    0.9128838181495667,
    0.9129095673561096,
    0.9128870368003845,
    0.9132640957832336,
    0.9128830432891846,
    0.9128836989402771,
    0.9128780364990234,
    0.9128820300102234,
    0.9129100441932678,
    0.912884533405304,
    0.9128841757774353,
    0.9128793478012085
  ],
  "val_mae": [
    0.6151785254478455,
    0.6160845160484314,
    0.6132751703262329,
    0.6125423312187195,
    0.6121583580970764,
    0.6110369563102722,
    0.6108995676040649,
    0.6107056736946106,
    0.6105751991271973,
    0.6106575727462769,
    0.6107723116874695,
    0.6106423735618591,
    0.6105118989944458,
    0.610605776309967,
    0.6101765632629395,
    0.6102625727653503,
    0.6102479100227356,
    0.610345721244812,
    0.6102768182754517,
    0.6104134321212769,
    0.610186755657196,
    0.6100332140922546,
    0.6102924346923828,
    0.6103297472000122,
    0.6102142333984375,
    0.6102659106254578,
    0.6100896000862122,
    0.6106180548667908,
    0.6099634766578674,
    0.6101319789886475,
    0.6100600361824036,
    0.6109298467636108,
    0.6099979281425476,
    0.6099797487258911,
    0.6098131537437439,
    0.6099714636802673,
    0.6105213761329651,
    0.6100233793258667,
    0.6099904179573059,
    0.6099271178245544
  ]
}