{
  "loss": [
    0.9390599131584167,
    0.9301889538764954,
    0.929930567741394,
    0.9296693801879883,
    0.9294638633728027,
    0.9293756484985352,
    0.9293413162231445,
    0.9293212294578552,
    0.9293085336685181,
    0.9293076395988464,
    0.9292848706245422,
    0.929287850856781,
    0.9292768836021423,
    0.9292746186256409,
    0.9292707443237305,
    0.9292662143707275,
    0.929268479347229,
    0.9292632937431335,
    0.9292632341384888,
    0.9292554259300232,
    0.9292618036270142,
    0.929256021976471,
    0.9292564392089844,
    0.9292536377906799,
    0.9292532205581665,
    0.9292492866516113,
    0.9292589426040649,
    0.9292489886283875,
    0.9292474985122681,
    0.9292505383491516,
    0.9292479157447815,
    0.9292495250701904,
    0.9292460680007935,
    0.9292491674423218,
    0.9292462468147278,
    0.9292469620704651,
    0.9292450547218323,
    0.92924565076828,
    0.92924565076828,
    0.9292481541633606
  ],
  "mae": [
    0.6223682761192322,
    0.6145928502082825,
    0.6132305860519409,
    0.6118116974830627,
    0.6104556322097778,
    0.6097951531410217,
    0.6094588041305542,
    0.6092882752418518,
    0.6091837286949158,
    0.60914546251297,
    0.6089188456535339,
    0.6089107990264893,
    0.6087905764579773,
    0.6087325215339661,
    0.6086631417274475,
    0.6086065173149109,
    0.6085889935493469,
    0.6085302829742432,
    0.6084831953048706,
    0.6083850860595703,
    0.6084504723548889,
    0.608369767665863,
    0.6083848476409912,
    0.608332633972168,
    0.6083145141601562,
    0.6082645654678345,
    0.6083441376686096,
    0.6082224249839783,
    0.6082152724266052,
    0.6082277894020081,
    0.6081973314285278,
    0.6082081198692322,
    0.6081840395927429,
    0.6081796288490295,
    0.6081384420394897,
    0.6081758737564087,
    0.6081066727638245,
    0.6081134676933289,
    0.6081137657165527,
    0.6081070899963379
  ],
  "val_loss": [
    0.9139333963394165,
    0.9134209752082825,
    0.9133854508399963,
    0.9133248925209045,
    0.9131121635437012,
    0.9129593968391418,
    0.9129474759101868,
    0.9129198789596558,
    0.9129248261451721,
    0.9129709601402283,
    0.9129063487052917,
    0.9129874110221863,
    0.9129157066345215,
    0.9129016399383545,
    0.9129065275192261,
    0.912900447845459,
    0.9128984212875366,
    0.9128958582878113,
    0.9128915071487427,
    0.9129008650779724,
    0.9128920435905457,
    0.9129046201705933,
    0.9128843545913696,
    0.9129015207290649,
    0.9128866195678711,
    0.9128901362419128,
    0.9128832221031189,
    0.9128826856613159,
    0.9128954410552979,
    0.9128977060317993,
    0.9128817915916443,
    0.9128828644752502,
    0.91288161277771,
    0.9128870368003845,
    0.9128859639167786,
    0.912878692150116,
    0.9128820896148682,
    0.91288161277771,
    0.9128819108009338,
    0.9128875732421875
  ],
  "val_mae": [
    0.6168308258056641,
    0.6139434576034546,
    0.6138505935668945,
    0.6139032244682312,
    0.6121109127998352,
    0.6109765768051147,
    0.6109583377838135,
    0.6106734275817871,
    0.6107622385025024,
    0.6111860275268555,
    0.6104547381401062,
    0.611246645450592,
    0.6106125116348267,
    0.6104030609130859,
    0.6103083491325378,
    0.6103726625442505,
    0.610324501991272,
    0.6102583408355713,
    0.6101941466331482,
    0.610415518283844,
    0.6102338433265686,
    0.6104637384414673,
    0.6100308895111084,
    0.6104446649551392,
    0.6101013422012329,
    0.6101473569869995,
    0.6099955439567566,
    0.6099744439125061,
    0.6102584004402161,
    0.6100947856903076,
    0.6099973320960999,
    0.6099432706832886,
    0.6100044846534729,
    0.6101411581039429,
    0.6100764870643616,
    0.6098663806915283,
    0.6099995970726013,
    0.60993891954422,
    0.6099185943603516,
    0.6100842356681824
  ]
}