{
  "loss": [
    0.0018765713321045041,
    3.3016684028552845e-05,
    2.933561336249113e-05,
    2.7456533643999137e-05,
    2.266894625790883e-05,
    2.3445416445611045e-05,
    1.1803137567767408e-05,
    1.6482355931657366e-05,
    1.2441383660188876e-05,
    8.903163688955829e-06,
    1.1948269275308121e-05,
    9.185147973767016e-06,
    8.257667104771826e-06,
    7.6412443377194e-06,
    6.607023351534735e-06,
    6.784808192605851e-06,
    6.456521077780053e-06,
    6.31609873380512e-06,
    4.370883289084304e-06,
    4.636125595425256e-06,
    6.362417479977012e-06,
    4.233439995005028e-06,
    4.90989032186917e-06,
    4.260486093699001e-06,
    4.059067123307614e-06,
    4.801054728886811e-06,
    2.089407871608273e-06,
    3.0365627026185393e-06,
    3.1904705792840105e-06,
    2.1420373741420917e-06
  ],
  "mae": [
    0.01639469712972641,
    0.0037340489216148853,
    0.0033463616855442524,
    0.003100258531048894,
    0.0028109471313655376,
    0.0027562458999454975,
    0.0021835248917341232,
    0.0021135059650987387,
    0.0021393036004155874,
    0.0019394198898226023,
    0.002090706489980221,
    0.001853973837569356,
    0.0015853341901674867,
    0.001706840586848557,
    0.001587013015523553,
    0.001576096867211163,
    0.0015419407282024622,
    0.001377428532578051,
    0.0013471124693751335,
    0.0013725809985771775,
    0.0013748182682320476,
    0.0012094068806618452,
    0.001281409990042448,
    0.001252410700544715,
    0.0011747456155717373,
    0.0011764586670324206,
    0.0009151796693913639,
    0.0011193187674507499,
    0.0010702948784455657,
    0.0009595960145816207
  ],
  "val_loss": [
    3.8780872273491696e-05,
    2.4318689611391164e-05,
    2.1237292457954027e-05,
    1.3035528354521375e-05,
    3.066292265430093e-05,
    8.86952784640016e-06,
    6.7903906710853335e-06,
    6.646678230026737e-06,
    1.1797201295848936e-05,
    1.3269998817122541e-05,
    1.2208719454065431e-05,
    6.949278031243011e-06,
    2.5507810278213583e-05,
    3.8258035601757e-06,
    8.71882184583228e-06,
    3.02088869830186e-06,
    3.4564964153105393e-06,
    9.019835488288663e-06,
    7.64238302508602e-06,
    3.956684395234333e-06,
    4.179879852017621e-06,
    3.274609980508103e-06,
    2.298675553902285e-06,
    1.5377951285699965e-06,
    1.9247418094892055e-06,
    3.8277526073215995e-06,
    2.8166070933366427e-06,
    3.3547253224242013e-06,
    2.3710638288321206e-06,
    1.6018282167351572e-06
  ],
  "val_mae": [
    0.004079812206327915,
    0.0032365566585212946,
    0.0032366071827709675,
    0.0024228692054748535,
    0.0037001969758421183,
    0.0016948896227404475,
    0.0016404112102463841,
    0.0017791655845940113,
    0.002233313163742423,
    0.0025588921271264553,
    0.0023895397316664457,
    0.0013988520950078964,
    0.003475016914308071,
    0.0012686123372986913,
    0.0017970126355066895,
    0.001152582699432969,
    0.001217240933328867,
    0.00193010491784662,
    0.001849556341767311,
    0.0013482634676620364,
    0.0013636990915983915,
    0.0013086064718663692,
    0.0009567970409989357,
    0.000770184095017612,
    0.0009254672913812101,
    0.0010334522230550647,
    0.0012024709722027183,
    0.0010764456819742918,
    0.0009871510555967689,
    0.0009052598034031689
  ]
}