{
  "loss": [
    0.9425715804100037,
    0.9300066828727722,
    0.929881751537323,
    0.9297178983688354,
    0.9296017289161682,
    0.92949378490448,
    0.9294078946113586,
    0.9293632507324219,
    0.9293413162231445,
    0.9293076992034912
  ],
  "mae": [
    0.6245425939559937,
    0.613741934299469,
    0.6131452918052673,
    0.612199604511261,
    0.6114650368690491,
    0.6106144785881042,
    0.6100547909736633,
    0.6097022891044617,
    0.6094734072685242,
    0.6091215014457703
  ],
  "val_loss": [
    0.9135277271270752,
    0.9135706424713135,
    0.9133687019348145,
    0.9131259322166443,
    0.9131827354431152,
    0.913101077079773,
    0.9130194187164307,
    0.9129721522331238,
    0.9130089282989502,
    0.9129173159599304
  ],
  "val_mae": [
    0.6145721077919006,
    0.6151520013809204,
    0.6135395765304565,
    0.6121222376823425,
    0.6124956011772156,
    0.6120855212211609,
    0.6116263270378113,
    0.6110361218452454,
    0.6113823056221008,
    0.6105996966362
  ]
}