{
  "loss": [
    0.939566969871521,
    0.9301409125328064,
    0.929958164691925,
    0.9297196865081787,
    0.9295017719268799,
    0.9293799996376038,
    0.9293543100357056,
    0.929320216178894,
    0.9293203949928284,
    0.9293056130409241,
    0.9292891621589661,
    0.9292941093444824,
    0.9292804002761841,
    0.9292778968811035,
    0.9292739033699036,
    0.9292701482772827,
    0.9292706251144409,
    0.9292771220207214,
    0.9292659163475037,
    0.9292624592781067,
    0.929266631603241,
    0.9292559027671814,
    0.9292564988136292,
    0.9292603731155396,
    0.92925626039505,
    0.9292529821395874,
    0.9292511940002441,
    0.929256021976471,
    0.9292495846748352,
    0.9292497634887695,
    0.9292522072792053,
    0.9292522668838501,
    0.9292504191398621,
    0.9292489886283875,
    0.9292457103729248,
    0.9292479157447815,
    0.9292485117912292,
    0.9292475581169128,
    0.9292445182800293,
    0.9292464256286621
  ],
  "mae": [
    0.6224392056465149,
    0.6144335865974426,
    0.6133747696876526,
    0.6121218204498291,
    0.6107279658317566,
    0.6097667217254639,
    0.6096137166023254,
    0.6092357635498047,
    0.6092601418495178,
    0.6091107130050659,
    0.6089866161346436,
    0.6089963912963867,
    0.6088423132896423,
    0.6088255047798157,
    0.6087589859962463,
    0.6086865067481995,
    0.6086660027503967,
    0.608705997467041,
    0.6085920929908752,
    0.6085230112075806,
    0.608539342880249,
    0.6084440350532532,
    0.6084418296813965,
    0.6084609031677246,
    0.6084038615226746,
    0.6083829402923584,
    0.6083601117134094,
    0.6084067225456238,
    0.6083168387413025,
    0.6083099246025085,
    0.6083226799964905,
    0.6082836389541626,
    0.6082897782325745,
    0.6082484722137451,
    0.6082102656364441,
    0.6082363128662109,
    0.6082194447517395,
    0.608234167098999,
    0.608185887336731,
    0.6081786751747131
  ],
  "val_loss": [
    0.9139003157615662,
    0.9135401844978333,
    0.9134072065353394,
    0.9132117033004761,
    0.9129825234413147,
    0.9129756689071655,
    0.9129301309585571,
    0.9129262566566467,
    0.912907600402832,
    0.9129130840301514,
    0.9128968715667725,
    0.9129325747489929,
    0.9128958582878113,
    0.9129080772399902,
    0.9128971695899963,
    0.9129032492637634,
    0.9128992557525635,
    0.91289222240448,
    0.9129095673561096,
    0.9128900766372681,
    0.9128915667533875,
    0.9128904342651367,
    0.9128865599632263,
    0.9128841161727905,
    0.9128801226615906,
    0.9128944873809814,
    0.9129167795181274,
    0.9128807783126831,
    0.9128809571266174,
    0.9128850102424622,
    0.9128803014755249,
    0.9128793478012085,
    0.9128819108009338,
    0.9128868579864502,
    0.912878692150116,
    0.912880003452301,
    0.912874698638916,
    0.9128783345222473,
    0.9128740429878235,
    0.9128817915916443
  ],
  "val_mae": [
    0.6165538430213928,
    0.6148563623428345,
    0.6140082478523254,
    0.6129034757614136,
    0.6111302971839905,
    0.6112782955169678,
    0.6106065511703491,
    0.6106559634208679,
    0.610464870929718,
    0.6105146408081055,
    0.6102372407913208,
    0.6107165217399597,
    0.6102297306060791,
    0.6105284690856934,
    0.6102960705757141,
    0.6104409098625183,
    0.6103226542472839,
    0.6101489067077637,
    0.6104441285133362,
    0.6101735830307007,
    0.6102463603019714,
    0.6102182865142822,
    0.6100828647613525,
    0.6100233793258667,
    0.6099323034286499,
    0.6102879047393799,
    0.6105908751487732,
    0.6099542379379272,
    0.609909176826477,
    0.6099863052368164,
    0.6099095344543457,
    0.6099137663841248,
    0.6100605130195618,
    0.6100829243659973,
    0.6098446249961853,
    0.6099086403846741,
    0.6097502112388611,
    0.6098480820655823,
    0.6097924113273621,
    0.609967052936554
  ]
}