{
  "loss": [
    0.4244239628314972,
    0.4146099388599396,
    0.4119405746459961,
    0.41130512952804565,
    0.4105132520198822,
    0.41083472967147827,
    0.41101953387260437,
    0.4115949869155884,
    0.4097614586353302,
    0.4103190004825592,
    0.40989142656326294,
    0.40977513790130615,
    0.40996217727661133,
    0.40972158312797546,
    0.41017964482307434,
    0.4094124138355255,
    0.40969857573509216,
    0.4097142219543457,
    0.4095969796180725,
    0.4096405506134033,
    0.40955695509910583,
    0.40957993268966675,
    0.40967124700546265,
    0.4094882905483246,
    0.40975332260131836,
    0.40951740741729736,
    0.4095460772514343,
    0.4094613492488861,
    0.4096256494522095,
    0.40939462184906006,
    0.40945032238960266,
    0.40963858366012573,
    0.4094384014606476,
    0.40947404503822327,
    0.40944769978523254,
    0.40948280692100525,
    0.40946412086486816,
    0.409386545419693,
    0.4094991087913513,
    0.4094390869140625
  ],
  "mae": [
    0.4394815266132355,
    0.4283991754055023,
    0.4229522943496704,
    0.42337360978126526,
    0.42057791352272034,
    0.4199238419532776,
    0.4199242889881134,
    0.41932323575019836,
    0.41803914308547974,
    0.41888904571533203,
    0.4173057973384857,
    0.4167625308036804,
    0.4174712896347046,
    0.41631776094436646,
    0.41727501153945923,
    0.41495218873023987,
    0.41633421182632446,
    0.41606050729751587,
    0.4160304367542267,
    0.41637033224105835,
    0.4159802496433258,
    0.41517001390457153,
    0.41538214683532715,
    0.4156324863433838,
    0.4149426519870758,
    0.4154953062534332,
    0.4156138002872467,
    0.41503000259399414,
    0.41570615768432617,
    0.41474649310112,
    0.41429972648620605,
    0.4149436354637146,
    0.41449064016342163,
    0.41497960686683655,
    0.41444748640060425,
    0.4150482714176178,
    0.4144831895828247,
    0.4143766760826111,
    0.41494959592819214,
    0.41438934206962585
  ],
  "val_loss": [
    0.4237990379333496,
    0.4240424335002899,
    0.4240066707134247,
    0.42327824234962463,
    0.4235093593597412,
    0.42289939522743225,
    0.42289531230926514,
    0.422922283411026,
    0.42290395498275757,
    0.42326948046684265,
    0.42289844155311584,
    0.4231487810611725,
    0.42293068766593933,
    0.4229793846607208,
    0.4228513240814209,
    0.42281681299209595,
    0.42289426922798157,
    0.4228390157222748,
    0.42282140254974365,
    0.42282816767692566,
    0.4228573739528656,
    0.4228174686431885,
    0.4228166937828064,
    0.4230925440788269,
    0.42281287908554077,
    0.42281675338745117,
    0.423915833234787,
    0.4229879677295685,
    0.42282986640930176,
    0.4228208661079407,
    0.4229494035243988,
    0.42286258935928345,
    0.42286941409111023,
    0.4228072464466095,
    0.4228629171848297,
    0.4228070378303528,
    0.4228103458881378,
    0.42281344532966614,
    0.4228041470050812,
    0.42280343174934387
  ],
  "val_mae": [
    0.43164488673210144,
    0.4322470724582672,
    0.4350496828556061,
    0.42775899171829224,
    0.43112993240356445,
    0.42561694979667664,
    0.4255714416503906,
    0.425814688205719,
    0.42595288157463074,
    0.42893755435943604,
    0.42505356669425964,
    0.4289313554763794,
    0.42545267939567566,
    0.4280531406402588,
    0.4247082769870758,
    0.4236620366573334,
    0.4258541464805603,
    0.4246053993701935,
    0.4238598048686981,
    0.4239233732223511,
    0.4250997304916382,
    0.4237145185470581,
    0.42367690801620483,
    0.4285995364189148,
    0.4235498011112213,
    0.4236535131931305,
    0.43331053853034973,
    0.42659640312194824,
    0.424012690782547,
    0.42366519570350647,
    0.4267871379852295,
    0.42487919330596924,
    0.4256393611431122,
    0.4231792390346527,
    0.42550092935562134,
    0.42314860224723816,
    0.42333984375,
    0.4236553907394409,
    0.42304226756095886,
    0.42295870184898376
  ]
}