{
  "loss": [
    0.8390800952911377,
    0.8358601331710815,
    0.8355914354324341,
    0.8354350328445435,
    0.8353800177574158,
    0.8353471755981445,
    0.8353351950645447,
    0.8352810144424438,
    0.83531653881073,
    0.8352759480476379,
    0.8352723717689514,
    0.8352623581886292,
    0.8353031873703003,
    0.835271954536438,
    0.8352639079093933,
    0.8352431654930115,
    0.8352727890014648,
    0.8352656364440918,
    0.835236668586731,
    0.8352646827697754,
    0.835246741771698,
    0.8352450728416443,
    0.8352435827255249,
    0.8352509140968323,
    0.8352357149124146,
    0.8352369070053101,
    0.8352358341217041,
    0.8352354764938354,
    0.8352397084236145,
    0.8352356553077698,
    0.8352332711219788,
    0.835237443447113,
    0.835231363773346,
    0.8352316617965698,
    0.8352325558662415,
    0.8352355360984802,
    0.835229218006134,
    0.8352327942848206,
    0.8352298140525818,
    0.8352303504943848
  ],
  "mae": [
    0.5250610113143921,
    0.5210744738578796,
    0.5190714001655579,
    0.5174533724784851,
    0.516986608505249,
    0.516505777835846,
    0.5163868069648743,
    0.515673816204071,
    0.5157089829444885,
    0.5154383778572083,
    0.5152013301849365,
    0.5152154564857483,
    0.5148138403892517,
    0.515023946762085,
    0.5150882601737976,
    0.5146735310554504,
    0.5150735974311829,
    0.5148029923439026,
    0.5144231915473938,
    0.5147301554679871,
    0.51444411277771,
    0.5146800875663757,
    0.5145919919013977,
    0.5145384669303894,
    0.5144193768501282,
    0.5146055221557617,
    0.5144435167312622,
    0.5144737362861633,
    0.514384388923645,
    0.5143001675605774,
    0.5143921375274658,
    0.5145688652992249,
    0.5143952965736389,
    0.5142577290534973,
    0.5144972801208496,
    0.514502763748169,
    0.5142260193824768,
    0.5142390727996826,
    0.5142847895622253,
    0.5143069624900818
  ],
  "val_loss": [
    0.8282417058944702,
    0.8281494379043579,
    0.8281336426734924,
    0.8280989527702332,
    0.8281719088554382,
    0.8281629085540771,
    0.8281683921813965,
    0.8281983137130737,
    0.8281036615371704,
    0.8280341625213623,
    0.8280189037322998,
    0.8280203342437744,
    0.8280614614486694,
    0.8281129598617554,
    0.8280152082443237,
    0.8280135989189148,
    0.8280106782913208,
    0.828010082244873,
    0.8280195593833923,
    0.8280259966850281,
    0.8280202150344849,
    0.8280900716781616,
    0.8280866146087646,
    0.8280076384544373,
    0.8280114531517029,
    0.8280121088027954,
    0.8280196785926819,
    0.8280100226402283,
    0.8280169367790222,
    0.8280072808265686,
    0.828016459941864,
    0.8280134201049805,
    0.8280237317085266,
    0.8280229568481445,
    0.8280087113380432,
    0.8280177712440491,
    0.8280074596405029,
    0.8280108571052551,
    0.8280243277549744,
    0.8280066251754761
  ],
  "val_mae": [
    0.5252821445465088,
    0.5241793394088745,
    0.524157702922821,
    0.5236937403678894,
    0.5247489213943481,
    0.5246586799621582,
    0.5248709917068481,
    0.5252438187599182,
    0.5239202976226807,
    0.5223205089569092,
    0.5217359662055969,
    0.5218603610992432,
    0.5232940912246704,
    0.5240359902381897,
    0.5215746164321899,
    0.5215248465538025,
    0.5213021636009216,
    0.5211968421936035,
    0.5219255685806274,
    0.5222824811935425,
    0.5218598246574402,
    0.5238129496574402,
    0.5237112641334534,
    0.5208970308303833,
    0.5213804244995117,
    0.5214214324951172,
    0.521862804889679,
    0.5212618112564087,
    0.5217232704162598,
    0.5209961533546448,
    0.5216737389564514,
    0.521353006362915,
    0.5220832228660583,
    0.5220940113067627,
    0.5211606025695801,
    0.5217815041542053,
    0.5209833979606628,
    0.5212014317512512,
    0.5218213200569153,
    0.5208663940429688
  ]
}