{
  "loss": [
    0.814619779586792,
    0.006833507213741541,
    0.0035403387155383825,
    0.002453165827319026,
    0.0015871283831074834,
    0.0014929191675037146,
    0.0015037811826914549,
    0.0011220694286748767,
    0.0008199095027521253,
    0.001225364743731916,
    0.0009458699496462941,
    0.0006328968447633088,
    0.0007206054870039225,
    0.0006629834533669055,
    0.0005059127579443157,
    0.0006233737803995609,
    0.0005766988033428788,
    0.0004649616894312203,
    0.0004528016143012792,
    0.0005022971890866756,
    0.00040861088200472295,
    0.00040029740193858743,
    0.0005010625463910401,
    0.0003165764210280031,
    0.00040172890294343233,
    0.00040597966290079057,
    0.00042722083162516356,
    0.00040393671952188015,
    0.00033072332735173404,
    0.0002747114922385663,
    0.0003391685604583472,
    0.0003396629181224853,
    0.0002320069179404527,
    0.0002978443226311356,
    0.0002793945895973593,
    0.00030731968581676483,
    0.0002526277967263013,
    0.00019355413678567857,
    0.0002606094640213996,
    0.00024192202545236796,
    0.00022894382709637284,
    0.00024750918964855373,
    0.00028391831438057125,
    0.00022030890977475792,
    0.00016844198398757726,
    0.00022278547112364322,
    0.00018422560242470354,
    0.00020745383517351002,
    0.0002790634171105921,
    0.0001906802353914827
  ],
  "mae": [
    0.3785388469696045,
    0.050896190106868744,
    0.03731122612953186,
    0.03168215602636337,
    0.02567616105079651,
    0.024197079241275787,
    0.02262123115360737,
    0.020959017798304558,
    0.018123826012015343,
    0.019558414816856384,
    0.018376877531409264,
    0.01573488488793373,
    0.016331925988197327,
    0.015835529193282127,
    0.014195485971868038,
    0.015311835333704948,
    0.014607039280235767,
    0.01322974544018507,
    0.013099201023578644,
    0.013270143419504166,
    0.012387357652187347,
    0.012395710684359074,
    0.013073233887553215,
    0.01075062993913889,
    0.011707761324942112,
    0.012156970798969269,
    0.011388460174202919,
    0.011782152578234673,
    0.010373840108513832,
    0.010003563016653061,
    0.011023970320820808,
    0.010566412471234798,
    0.009684902615845203,
    0.009554597549140453,
    0.010128199122846127,
    0.010111994110047817,
    0.009429465048015118,
    0.008638369850814342,
    0.010008282959461212,
    0.009326237253844738,
    0.009036198258399963,
    0.00894460454583168,
    0.009129012934863567,
    0.008581733331084251,
    0.008241633884608746,
    0.008214641362428665,
    0.008598821237683296,
    0.008959255181252956,
    0.008645091205835342,
    0.007952517829835415
  ],
  "val_loss": [
    0.010663161985576153,
    0.0036631692200899124,
    0.00219550053589046,
    0.0024781497195363045,
    0.001480733510106802,
    0.004769784398376942,
    0.0012545869685709476,
    0.0008361517684534192,
    0.0008285980438813567,
    0.0009204563684761524,
    0.0007608917658217251,
    0.0004226408200338483,
    0.0004148383450228721,
    0.00043436919804662466,
    0.0003256203781347722,
    0.0006119978497736156,
    0.0003047135251108557,
    0.0002636161807458848,
    0.0005546861211769283,
    0.0002831514866556972,
    0.0002797491033561528,
    0.00024139806919265538,
    0.0002795380132738501,
    0.0005016499781049788,
    0.0002987764310091734,
    0.0003654849133454263,
    0.00020648354256991297,
    0.00024455212405882776,
    0.00017471009050495923,
    0.0001497002231189981,
    0.0006285463459789753,
    0.00021176895825192332,
    0.00020453063189052045,
    0.00021375680807977915,
    0.00017368444241583347,
    0.00019523595983628184,
    0.00015238374180626124,
    0.00014684878988191485,
    0.00013456479064188898,
    0.00025965090026147664,
    0.00013648535241372883,
    0.00018456198449712247,
    0.0001307586790062487,
    0.00013659281830769032,
    0.0001265027531189844,
    0.00042307862895540893,
    0.0001283571036765352,
    0.00033377701765857637,
    0.00019952772709075361,
    0.00012615456944331527
  ],
  "val_mae": [
    0.06353885680437088,
    0.03922877460718155,
    0.03139965608716011,
    0.032275982201099396,
    0.028351884335279465,
    0.05926384776830673,
    0.020292479544878006,
    0.018836909905076027,
    0.01776142790913582,
    0.017666922882199287,
    0.016382187604904175,
    0.012975386343896389,
    0.013940487988293171,
    0.011828587390482426,
    0.011164581403136253,
    0.016475196927785873,
    0.010397328995168209,
    0.010278187692165375,
    0.015347695909440517,
    0.010779931209981441,
    0.011272815056145191,
    0.009993764571845531,
    0.00997037161141634,
    0.016911795362830162,
    0.01188292633742094,
    0.012196823954582214,
    0.00882534310221672,
    0.01074179820716381,
    0.007823708467185497,
    0.007281895261257887,
    0.01993567682802677,
    0.009997735731303692,
    0.009046435356140137,
    0.009856893680989742,
    0.007389595732092857,
    0.008873437531292439,
    0.007231009658426046,
    0.007075353991240263,
    0.006992027163505554,
    0.012513497844338417,
    0.0067928689531981945,
    0.008168037980794907,
    0.006683649495244026,
    0.007067330181598663,
    0.006922447122633457,
    0.012660874985158443,
    0.006616503465920687,
    0.010711573995649815,
    0.01072760857641697,
    0.007217012345790863
  ]
}