{
  "loss": [
    0.4264237582683563,
    0.4141843318939209,
    0.41137224435806274,
    0.410988986492157,
    0.41138193011283875,
    0.40998950600624084,
    0.41024306416511536,
    0.4100310504436493,
    0.4097694456577301,
    0.40967002511024475,
    0.40971922874450684,
    0.4100658595561981,
    0.4099266529083252,
    0.40949296951293945,
    0.40988147258758545,
    0.40968167781829834,
    0.40973103046417236,
    0.4094512462615967,
    0.409557968378067,
    0.4095804691314697,
    0.4094778299331665,
    0.40958237648010254,
    0.40969014167785645,
    0.4095827043056488,
    0.4094162881374359,
    0.409440279006958,
    0.409426748752594,
    0.4095621109008789,
    0.4094761312007904,
    0.40945616364479065,
    0.40943124890327454,
    0.40945741534233093,
    0.4094754457473755,
    0.40941858291625977,
    0.40956419706344604,
    0.4094330668449402,
    0.40954309701919556,
    0.40930813550949097,
    0.4093813896179199,
    0.40945905447006226
  ],
  "mae": [
    0.4399973750114441,
    0.427997350692749,
    0.42271724343299866,
    0.42238694429397583,
    0.42099758982658386,
    0.41800087690353394,
    0.4191247224807739,
    0.417771577835083,
    0.41709670424461365,
    0.4164435863494873,
    0.4166465401649475,
    0.4177423119544983,
    0.41625216603279114,
    0.4154277741909027,
    0.41688278317451477,
    0.41588079929351807,
    0.4160526394844055,
    0.41514790058135986,
    0.4153716564178467,
    0.4153185784816742,
    0.4150754511356354,
    0.4156380593776703,
    0.4151797294616699,
    0.4149690270423889,
    0.4144410490989685,
    0.41503480076789856,
    0.4147464334964752,
    0.41523683071136475,
    0.4144209623336792,
    0.4147673547267914,
    0.4146985411643982,
    0.41506022214889526,
    0.414543092250824,
    0.4140609800815582,
    0.4142870008945465,
    0.41430413722991943,
    0.414498507976532,
    0.4132120907306671,
    0.41382259130477905,
    0.414410263299942
  ],
  "val_loss": [
    0.4231290817260742,
    0.43071871995925903,
    0.42329633235931396,
    0.422955721616745,
    0.42316025495529175,
    0.4229700565338135,
    0.42346325516700745,
    0.4228620231151581,
    0.42890822887420654,
    0.4232301712036133,
    0.42423588037490845,
    0.4231792986392975,
    0.42288443446159363,
    0.4229307472705841,
    0.4228470027446747,
    0.4228226840496063,
    0.4228331744670868,
    0.42283859848976135,
    0.4228149652481079,
    0.4228149652481079,
    0.4231540560722351,
    0.4239223301410675,
    0.42280927300453186,
    0.42304152250289917,
    0.4229253828525543,
    0.4228436052799225,
    0.42287975549697876,
    0.42282119393348694,
    0.4228653907775879,
    0.42281946539878845,
    0.42280563712120056,
    0.4231627285480499,
    0.4228471517562866,
    0.42305412888526917,
    0.42280879616737366,
    0.42281273007392883,
    0.4228239953517914,
    0.4228048622608185,
    0.4228043556213379,
    0.4228423237800598
  ],
  "val_mae": [
    0.4281889498233795,
    0.45605847239494324,
    0.4295969009399414,
    0.4265318214893341,
    0.42703884840011597,
    0.42560887336730957,
    0.43051469326019287,
    0.4250586926937103,
    0.4398958384990692,
    0.42910298705101013,
    0.43804970383644104,
    0.42995011806488037,
    0.4253957271575928,
    0.4258357584476471,
    0.42426031827926636,
    0.42369019985198975,
    0.42391347885131836,
    0.424337238073349,
    0.4236087203025818,
    0.42341333627700806,
    0.4296075105667114,
    0.4314224421977997,
    0.42335107922554016,
    0.42765581607818604,
    0.4260004758834839,
    0.4247286319732666,
    0.4255419373512268,
    0.42364710569381714,
    0.42459753155708313,
    0.42404502630233765,
    0.4231249690055847,
    0.42802882194519043,
    0.4241696000099182,
    0.42769500613212585,
    0.42327359318733215,
    0.4235163629055023,
    0.4239259660243988,
    0.4230944812297821,
    0.4229244589805603,
    0.4246411919593811
  ]
}