{
  "loss": [
    0.840017557144165,
    0.6638465523719788,
    0.41288086771965027,
    0.48240965604782104,
    0.411459356546402,
    0.41253140568733215,
    0.4104020595550537,
    0.4101431965827942,
    0.41047897934913635,
    0.40982919931411743,
    0.4096546173095703,
    0.4099896252155304,
    0.41018030047416687,
    0.40966731309890747,
    0.4098077714443207,
    0.40982741117477417,
    0.40957051515579224,
    0.40952542424201965,
    0.4098057746887207,
    0.4097515940666199,
    0.40936514735221863,
    0.4097752571105957,
    0.4095042943954468,
    0.4095614552497864,
    0.4096692204475403,
    0.40942302346229553,
    0.4095333218574524,
    0.40948688983917236,
    0.40939125418663025,
    0.4094765782356262,
    0.4095202386379242,
    0.40951934456825256,
    0.4093974232673645,
    0.40953534841537476,
    0.40938690304756165,
    0.4094519019126892,
    0.40968796610832214,
    0.40937191247940063,
    0.40954461693763733,
    0.40939128398895264
  ],
  "mae": [
    0.5262035727500916,
    0.4992392063140869,
    0.42653021216392517,
    0.4463968575000763,
    0.42557257413864136,
    0.4244399666786194,
    0.4208971858024597,
    0.41957512497901917,
    0.41991761326789856,
    0.41736364364624023,
    0.41719040274620056,
    0.41777658462524414,
    0.41718900203704834,
    0.4168039858341217,
    0.4175410270690918,
    0.41644570231437683,
    0.4157206118106842,
    0.41573265194892883,
    0.41585126519203186,
    0.4161883592605591,
    0.41438454389572144,
    0.4160792827606201,
    0.4150010347366333,
    0.41535165905952454,
    0.4158322811126709,
    0.4150294363498688,
    0.4153241813182831,
    0.4150334894657135,
    0.4145984947681427,
    0.4152587354183197,
    0.41521066427230835,
    0.4154583811759949,
    0.41444721817970276,
    0.4145386219024658,
    0.41420260071754456,
    0.4151507318019867,
    0.41538694500923157,
    0.41444069147109985,
    0.41485220193862915,
    0.41449078917503357
  ],
  "val_loss": [
    0.8288305401802063,
    0.4241273105144501,
    0.4237639904022217,
    0.4264320135116577,
    0.42391934990882874,
    0.42304539680480957,
    0.42321524024009705,
    0.4247368574142456,
    0.4242890775203705,
    0.4230509400367737,
    0.42326879501342773,
    0.42285045981407166,
    0.42317938804626465,
    0.42290470004081726,
    0.42292526364326477,
    0.4229273796081543,
    0.4228646457195282,
    0.4235435724258423,
    0.4229910373687744,
    0.42294031381607056,
    0.42283234000205994,
    0.4228276312351227,
    0.4448303282260895,
    0.4228973686695099,
    0.4228387176990509,
    0.42290809750556946,
    0.4229295253753662,
    0.4244885742664337,
    0.4240710437297821,
    0.422931969165802,
    0.422932505607605,
    0.4232105612754822,
    0.4235163629055023,
    0.422812819480896,
    0.4228357970714569,
    0.42458096146583557,
    0.4228973686695099,
    0.4228503704071045,
    0.42281070351600647,
    0.42325839400291443
  ],
  "val_mae": [
    0.5298230648040771,
    0.4336185157299042,
    0.43261057138442993,
    0.4415678381919861,
    0.432453989982605,
    0.4274576008319855,
    0.4282447397708893,
    0.4329255521297455,
    0.4349956512451172,
    0.42734408378601074,
    0.42874929308891296,
    0.4245697259902954,
    0.4276370108127594,
    0.42537349462509155,
    0.42560887336730957,
    0.4251958429813385,
    0.424913227558136,
    0.4313480854034424,
    0.42639976739883423,
    0.4261515140533447,
    0.4241858720779419,
    0.424003928899765,
    0.4590601921081543,
    0.42572295665740967,
    0.4242653548717499,
    0.4255273640155792,
    0.425920307636261,
    0.43529587984085083,
    0.43095481395721436,
    0.4267714023590088,
    0.42529141902923584,
    0.42780011892318726,
    0.4292820990085602,
    0.4234057664871216,
    0.42414018511772156,
    0.4351746737957001,
    0.4243873059749603,
    0.42424777150154114,
    0.4234257936477661,
    0.4286719262599945
  ]
}