{
  "loss": [
    0.426384836435318,
    0.41749754548072815,
    0.4106575846672058,
    0.41081249713897705,
    0.4104665517807007,
    0.41041699051856995,
    0.41047829389572144,
    0.4098557233810425,
    0.40994104743003845,
    0.4100548326969147,
    0.4097561240196228,
    0.40982359647750854,
    0.4096570611000061,
    0.4098263680934906,
    0.4095277190208435,
    0.409679114818573,
    0.4097033143043518,
    0.4095733165740967,
    0.40948686003685,
    0.4095982313156128,
    0.40944868326187134,
    0.40960583090782166,
    0.4094557762145996,
    0.4094375669956207,
    0.409536749124527,
    0.40950700640678406,
    0.40945717692375183,
    0.40950289368629456,
    0.40941405296325684,
    0.4094410836696625,
    0.409587562084198,
    0.409557580947876,
    0.4093286991119385,
    0.40942370891571045,
    0.40942370891571045,
    0.409432053565979,
    0.40941348671913147,
    0.40953749418258667,
    0.40944769978523254,
    0.40939798951148987
  ],
  "mae": [
    0.439182847738266,
    0.42956891655921936,
    0.42137134075164795,
    0.4214440882205963,
    0.42006510496139526,
    0.41959211230278015,
    0.42010387778282166,
    0.4176594913005829,
    0.4181808829307556,
    0.4184580147266388,
    0.41697612404823303,
    0.41745612025260925,
    0.4169027507305145,
    0.4173436462879181,
    0.4154614508152008,
    0.41607600450515747,
    0.41605010628700256,
    0.4154602587223053,
    0.4148864448070526,
    0.4157027006149292,
    0.41507524251937866,
    0.41571083664894104,
    0.41463908553123474,
    0.4149673879146576,
    0.41564464569091797,
    0.4157264828681946,
    0.4150462746620178,
    0.41459107398986816,
    0.4147629141807556,
    0.4145152270793915,
    0.4159289002418518,
    0.41482576727867126,
    0.413461297750473,
    0.4147837460041046,
    0.4142637252807617,
    0.41452598571777344,
    0.4140079915523529,
    0.4142681360244751,
    0.4148249328136444,
    0.41416430473327637
  ],
  "val_loss": [
    0.4241519272327423,
    0.42387184500694275,
    0.4232023060321808,
    0.42365795373916626,
    0.4229326844215393,
    0.42290550470352173,
    0.42284584045410156,
    0.4235231876373291,
    0.42283323407173157,
    0.42384806275367737,
    0.42346614599227905,
    0.42282775044441223,
    0.4228202700614929,
    0.4228259027004242,
    0.4228402376174927,
    0.4228096902370453,
    0.4228211045265198,
    0.4228542745113373,
    0.4237268567085266,
    0.4229435324668884,
    0.4228394031524658,
    0.42297568917274475,
    0.422962486743927,
    0.4229923188686371,
    0.42281973361968994,
    0.4230331778526306,
    0.4228716492652893,
    0.4228232800960541,
    0.4228131175041199,
    0.4228060841560364,
    0.42324087023735046,
    0.4228324294090271,
    0.422820121049881,
    0.42281097173690796,
    0.4228062033653259,
    0.42284342646598816,
    0.42281585931777954,
    0.4228300154209137,
    0.4228144884109497,
    0.4228312075138092
  ],
  "val_mae": [
    0.43487435579299927,
    0.4324566423892975,
    0.42868152260780334,
    0.4328463077545166,
    0.42643964290618896,
    0.426273375749588,
    0.42435163259506226,
    0.4301597774028778,
    0.42396101355552673,
    0.4331475794315338,
    0.42910659313201904,
    0.42423978447914124,
    0.423714280128479,
    0.4239414930343628,
    0.42452025413513184,
    0.42347070574760437,
    0.42389363050460815,
    0.4247172474861145,
    0.4309925138950348,
    0.4268271028995514,
    0.42465683817863464,
    0.4268124997615814,
    0.42641738057136536,
    0.4260519742965698,
    0.4238724410533905,
    0.42557257413864136,
    0.4255841374397278,
    0.4236809313297272,
    0.4234572947025299,
    0.42310214042663574,
    0.4305045008659363,
    0.42402201890945435,
    0.4240438640117645,
    0.423297256231308,
    0.42321863770484924,
    0.42505234479904175,
    0.4235978126525879,
    0.4241015315055847,
    0.42334380745887756,
    0.42367008328437805
  ]
}