accuracy,loss,val_accuracy,val_loss
0.9756950736045837,0.33294638991355896,0.9763033390045166,0.3326120674610138
0.9756950736045837,0.2547426223754883,0.9763033390045166,0.17531509697437286
0.9756950736045837,0.22925005853176117,0.9763033390045166,0.23772071301937103
0.9756950736045837,0.22025443613529205,0.9763033390045166,0.18613317608833313
0.9756950736045837,0.22246003150939941,0.9763033390045166,0.14521342515945435
