{
  "loss": [
    0.9373483657836914,
    0.9295569062232971,
    0.9296913146972656,
    0.9293773174285889,
    0.9293023943901062,
    0.929313063621521,
    0.9293810129165649,
    0.9292769432067871,
    0.9292821884155273,
    0.9292734265327454
  ],
  "mae": [
    0.620655357837677,
    0.6109212636947632,
    0.6111090779304504,
    0.6097638607025146,
    0.6092743277549744,
    0.6092531085014343,
    0.6093185544013977,
    0.6088784337043762,
    0.6089480519294739,
    0.6087719798088074
  ],
  "val_loss": [
    0.9133539795875549,
    0.9131734371185303,
    0.9129671454429626,
    0.9129138588905334,
    0.9129394292831421,
    0.9129211902618408,
    0.9128907322883606,
    0.9129298329353333,
    0.9129338264465332,
    0.9129354357719421
  ],
  "val_mae": [
    0.6137837767601013,
    0.6124011874198914,
    0.6113081574440002,
    0.6106923222541809,
    0.6110414266586304,
    0.610765814781189,
    0.6102677583694458,
    0.6109611988067627,
    0.610855221748352,
    0.6109862923622131
  ]
}